record_id,zone,crop,growth_stage,soil_moisture_pct,nitrogen_mg_kg,phosphorus_mg_kg,potassium_mg_kg,soil_ph,temperature_c,humidity_pct,rainfall_mm,wind_speed_kmh,solar_radiation_wm2,water_required_mm,fertilizer_required_kg_ha,irrigation_status,nutrient_status
1,D,Tomato,Vegetative,24.66,79.22,68.99,55.49,6.42,36.04,58.19,5.44,10.08,288.7,37.61,55.89,High Need,Moderate
2,E,Wheat,Flowering,53.3,107.87,28.1,115.41,7.41,37.88,46.52,16.76,24.85,708.1,29.96,51.71,High Need,Moderate
3,C,Wheat,Maturity,25.18,55.69,29.93,105.07,6.05,20.17,92.84,0.65,16.91,252.71,17.34,64.48,Moderate Need,High
4,E,Rice,Flowering,38.32,49.99,77.2,49.46,6.08,20.3,92.56,62.14,20.57,439.5,2.72,67.35,No/Low Need,High
5,E,Rice,Vegetative,58.92,41.38,36.54,20.75,7.53,35.52,79.82,65.25,17.07,348.53,0.69,81.81,No/Low Need,High
6,B,Maize,Flowering,59.04,23.78,10.67,49.67,6.31,23.55,52.78,79.84,24.75,243.4,0.0,86.77,No/Low Need,High
7,C,Wheat,Flowering,39.2,24.3,29.87,48.13,7.25,19.29,49.71,32.98,20.71,592.75,17.85,85.57,Moderate Need,High
8,C,Wheat,Flowering,59.53,107.01,18.35,109.0,5.82,26.83,94.32,1.54,13.47,417.48,14.06,53.59,Moderate Need,Moderate
9,C,Maize,Flowering,62.32,87.84,17.2,116.71,7.67,36.04,38.99,18.78,9.81,492.9,22.67,60.97,Moderate Need,High
10,E,Tomato,Maturity,51.29,86.05,15.42,27.04,6.69,20.78,85.61,47.02,17.37,266.48,0.0,65.7,No/Low Need,High
11,D,Rice,Flowering,25.71,81.46,51.53,67.13,7.17,32.78,56.33,76.96,15.17,752.69,25.1,60.78,High Need,High
12,C,Maize,Vegetative,28.44,104.92,23.25,74.83,5.43,18.08,60.13,8.29,16.1,367.51,23.42,57.54,Moderate Need,Moderate
13,F,Rice,Flowering,30.89,68.03,35.29,29.29,6.48,20.41,84.92,9.73,9.23,391.31,27.51,69.94,High Need,High
14,E,Tomato,Seedling,19.01,107.04,70.34,57.75,7.54,25.72,40.44,56.14,11.29,314.33,14.1,47.32,Moderate Need,Moderate
15,B,Maize,Maturity,28.39,55.94,39.7,51.71,7.48,19.84,56.25,53.38,14.39,469.24,10.8,71.17,No/Low Need,High
16,D,Potato,Seedling,24.57,112.67,74.1,73.61,5.32,36.61,92.12,20.04,21.14,494.04,22.25,43.49,Moderate Need,Moderate
17,F,Rice,Vegetative,39.32,89.87,44.86,86.12,5.99,37.01,76.94,65.05,19.31,550.22,15.93,54.87,Moderate Need,Moderate
18,F,Rice,Maturity,66.51,45.72,37.92,90.35,6.35,34.62,80.3,10.3,3.85,922.43,21.01,66.8,Moderate Need,High
19,B,Rice,Flowering,18.27,76.41,62.53,33.68,5.65,23.33,80.45,74.06,6.89,868.99,20.71,65.15,Moderate Need,High
20,D,Rice,Vegetative,55.22,73.3,15.12,101.29,7.1,29.51,38.63,16.08,1.64,617.98,25.21,64.07,High Need,High
21,E,Rice,Vegetative,53.24,33.79,16.26,87.85,5.68,22.05,47.19,6.51,1.19,133.07,14.72,79.0,Moderate Need,High
22,A,Potato,Maturity,17.75,79.12,55.64,108.91,6.1,24.19,64.48,27.16,6.39,620.42,24.91,51.7,Moderate Need,Moderate
23,D,Rice,Vegetative,67.35,51.48,44.09,64.93,6.92,29.35,57.09,15.03,20.18,176.22,10.99,69.48,No/Low Need,High
24,B,Rice,Maturity,46.11,25.23,65.33,109.39,6.45,34.17,59.65,42.16,22.71,703.79,20.86,65.74,Moderate Need,High
25,F,Tomato,Seedling,33.82,114.87,74.14,106.58,7.12,20.08,81.89,54.95,10.4,431.57,4.65,36.59,No/Low Need,Moderate
26,E,Wheat,Flowering,57.39,84.15,37.19,63.84,7.7,24.53,35.88,39.27,14.52,812.04,15.46,65.02,Moderate Need,High
27,D,Tomato,Maturity,27.44,107.69,51.75,58.11,5.5,38.39,74.63,52.85,17.95,901.15,26.27,51.75,High Need,Moderate
28,A,Rice,Vegetative,53.61,87.61,45.05,113.28,7.04,27.44,35.01,29.19,23.87,454.54,20.19,52.42,Moderate Need,Moderate
29,A,Wheat,Vegetative,14.38,55.7,78.71,91.52,5.8,38.66,38.78,2.23,22.91,491.47,42.81,59.83,High Need,Moderate
30,C,Rice,Vegetative,62.36,71.27,68.18,112.82,6.28,39.81,59.5,77.93,2.37,601.63,2.94,52.26,No/Low Need,Moderate
31,C,Rice,Flowering,38.89,87.57,73.82,99.7,5.29,29.59,85.46,65.55,6.96,267.56,3.77,53.07,No/Low Need,Moderate
32,B,Potato,Flowering,50.2,116.03,27.8,80.93,5.55,24.34,43.7,5.87,2.18,888.23,32.41,53.45,High Need,Moderate
33,D,Rice,Flowering,25.27,45.37,64.08,31.59,6.03,35.4,68.28,35.93,15.8,468.05,36.55,73.54,High Need,High
34,D,Wheat,Vegetative,52.62,107.5,28.58,49.15,6.09,21.5,75.71,50.8,18.05,241.8,0.0,56.2,No/Low Need,Moderate
35,F,Wheat,Vegetative,58.33,112.41,24.61,116.88,7.54,23.55,48.77,15.25,8.4,748.32,16.28,49.73,Moderate Need,Moderate
36,F,Rice,Seedling,40.39,87.04,76.1,51.94,7.13,35.27,65.74,46.24,21.49,286.28,12.7,51.74,Moderate Need,Moderate
37,F,Tomato,Vegetative,49.06,113.13,11.35,29.33,7.73,27.54,89.68,42.69,11.87,222.0,3.84,63.16,No/Low Need,High
38,C,Rice,Flowering,39.38,59.79,77.58,90.76,6.76,22.43,65.73,16.66,24.96,578.44,30.48,58.55,High Need,Moderate
39,D,Maize,Maturity,65.65,115.3,20.45,93.4,5.83,32.32,44.44,11.3,1.01,670.77,16.7,49.4,Moderate Need,Moderate
40,D,Potato,Flowering,41.87,90.28,67.36,48.55,6.05,34.12,72.67,60.72,3.63,584.13,13.73,56.46,Moderate Need,Moderate
41,A,Maize,Vegetative,62.51,24.2,29.31,49.77,6.03,20.75,70.53,25.81,8.24,658.03,7.65,82.89,No/Low Need,High
42,C,Potato,Maturity,60.08,110.69,34.55,66.89,6.05,24.09,36.62,19.52,1.61,198.2,7.94,50.63,No/Low Need,Moderate
43,E,Rice,Flowering,36.63,68.45,25.17,22.18,6.95,22.87,40.44,59.03,19.78,504.62,16.81,74.2,Moderate Need,High
44,C,Wheat,Maturity,25.81,66.03,50.99,98.93,6.58,26.36,44.41,58.89,2.27,403.47,11.43,56.64,No/Low Need,Moderate
45,E,Rice,Flowering,36.36,76.65,34.37,51.71,6.2,34.8,43.18,22.11,18.98,927.36,49.49,65.78,High Need,High
46,A,Maize,Vegetative,61.57,34.94,56.02,105.38,5.59,33.7,50.57,69.81,2.26,142.18,0.0,69.73,No/Low Need,High
47,B,Potato,Seedling,25.66,66.92,11.1,100.26,5.26,32.58,62.25,55.06,7.07,353.55,12.62,66.52,Moderate Need,High
48,D,Rice,Flowering,43.47,103.11,14.51,86.14,5.77,18.14,57.3,27.66,21.19,900.58,27.84,58.48,High Need,Moderate
49,A,Maize,Seedling,60.37,21.55,16.98,52.49,5.48,21.13,88.44,34.2,23.83,935.97,6.87,84.83,No/Low Need,High
50,D,Rice,Vegetative,33.21,47.29,39.33,71.63,7.24,22.91,71.73,58.14,10.95,801.17,16.46,72.15,Moderate Need,High
51,F,Maize,Flowering,50.53,20.25,67.04,64.48,5.49,23.98,87.57,16.93,24.28,164.6,10.67,79.26,No/Low Need,High
52,B,Wheat,Flowering,26.74,61.57,72.17,53.89,7.08,21.22,66.62,37.5,16.05,577.15,20.14,64.66,Moderate Need,High
53,B,Potato,Flowering,18.56,92.83,27.14,104.81,6.2,27.03,40.39,52.28,10.98,440.1,26.85,55.53,High Need,Moderate
54,A,Maize,Vegetative,59.66,99.88,50.21,68.35,5.39,19.65,62.8,43.16,20.27,785.48,7.08,55.24,No/Low Need,Moderate
55,B,Rice,Vegetative,17.94,114.52,63.79,103.27,7.31,34.5,84.32,48.67,8.09,146.77,21.28,42.72,Moderate Need,Moderate
56,E,Rice,Flowering,28.28,80.85,30.22,30.52,6.71,35.33,46.65,43.7,7.38,267.56,29.8,67.37,High Need,High
57,B,Rice,Maturity,63.31,45.46,38.63,34.1,5.81,30.63,40.47,15.94,16.76,515.82,18.39,75.67,Moderate Need,High
58,D,Rice,Flowering,32.79,112.41,46.68,117.73,7.53,19.97,54.77,32.82,10.37,234.0,18.41,47.12,Moderate Need,Moderate
59,D,Rice,Maturity,70.38,97.53,19.44,78.78,5.32,37.58,58.33,42.56,4.26,688.81,10.3,59.06,No/Low Need,Moderate
60,D,Tomato,Flowering,70.78,77.44,11.82,70.98,5.72,39.24,53.38,62.41,2.61,797.65,8.79,69.19,No/Low Need,High
61,D,Maize,Flowering,28.1,89.56,20.7,72.32,7.16,22.45,43.11,52.31,19.91,698.84,23.18,63.08,Moderate Need,High
62,E,Wheat,Vegetative,14.46,112.43,53.88,41.53,7.04,33.5,50.05,34.13,17.22,474.24,29.65,51.5,High Need,Moderate
63,C,Rice,Flowering,54.3,91.24,15.15,91.87,5.95,36.52,75.94,77.95,10.88,846.63,9.07,60.75,No/Low Need,High
64,F,Tomato,Flowering,39.06,56.84,23.28,28.48,5.36,29.88,58.16,8.62,22.51,217.03,30.32,80.26,High Need,High
65,A,Maize,Flowering,18.05,91.3,33.65,77.33,7.43,25.11,72.95,16.54,10.86,321.29,30.38,60.67,High Need,High
66,D,Rice,Vegetative,54.45,24.03,15.45,77.08,6.02,28.53,67.18,27.31,18.05,516.11,16.94,82.2,Moderate Need,High
67,B,Maize,Flowering,13.87,58.64,23.42,111.42,5.71,29.27,67.94,18.29,22.82,152.14,33.58,68.31,High Need,High
68,D,Wheat,Vegetative,64.21,60.63,73.79,72.62,6.54,26.81,49.91,50.04,21.18,181.33,0.0,58.76,No/Low Need,Moderate
69,B,Rice,Flowering,20.32,36.68,11.35,33.71,7.57,38.46,66.29,3.16,13.27,437.83,54.66,87.95,High Need,High
70,F,Wheat,Vegetative,19.64,22.31,55.74,77.28,5.31,34.37,36.42,14.19,17.34,902.3,40.77,78.31,High Need,High
71,F,Wheat,Maturity,22.54,33.34,36.91,29.13,7.19,23.31,60.9,23.47,10.93,872.15,23.85,80.45,Moderate Need,High
72,F,Rice,Vegetative,69.62,85.46,57.09,40.38,6.69,30.88,69.36,54.67,16.53,496.08,0.14,58.29,No/Low Need,Moderate
73,B,Potato,Seedling,53.59,100.23,51.21,23.11,6.31,33.15,45.92,70.07,7.18,220.83,0.9,53.7,No/Low Need,Moderate
74,D,Tomato,Vegetative,60.08,118.82,25.64,71.33,7.13,21.08,50.39,63.88,11.43,251.39,0.0,51.32,No/Low Need,Moderate
75,F,Maize,Flowering,35.86,54.64,69.3,28.45,7.71,25.89,48.17,14.57,6.03,420.91,27.54,72.97,High Need,High
76,E,Wheat,Vegetative,32.18,79.94,44.44,66.94,5.8,37.92,39.23,45.23,1.92,278.56,19.29,61.19,Moderate Need,High
77,B,Wheat,Vegetative,26.07,113.71,67.58,113.29,5.57,30.48,55.87,2.4,15.12,170.53,27.41,41.57,High Need,Moderate
78,B,Maize,Flowering,40.84,36.7,38.42,91.98,7.57,22.77,93.74,24.84,21.75,672.71,19.48,76.08,Moderate Need,High
79,D,Wheat,Vegetative,45.11,91.76,78.93,27.74,6.94,20.7,56.23,64.48,1.61,594.23,3.08,54.86,No/Low Need,Moderate
80,B,Rice,Maturity,49.91,95.5,63.93,42.42,6.34,29.4,62.63,36.53,5.7,347.6,10.73,51.98,No/Low Need,Moderate
81,B,Wheat,Maturity,27.43,28.9,77.62,87.37,6.69,30.05,74.19,12.0,12.04,762.11,25.35,65.56,High Need,High
82,F,Tomato,Flowering,68.92,106.12,46.0,109.47,7.14,25.36,73.91,35.08,16.98,759.56,8.48,48.69,No/Low Need,Moderate
83,D,Wheat,Vegetative,22.19,101.31,43.16,23.29,7.21,31.87,91.99,15.84,5.11,517.35,25.82,59.86,High Need,Moderate
84,F,Rice,Flowering,69.94,23.34,62.88,101.25,7.59,19.51,86.45,31.46,2.36,182.05,0.0,74.92,No/Low Need,High
85,F,Tomato,Seedling,12.89,29.11,71.62,76.18,6.31,21.19,82.64,39.03,13.46,880.7,20.92,66.41,Moderate Need,High
86,D,Rice,Vegetative,40.87,24.91,77.49,74.61,5.96,30.02,92.1,27.96,20.65,668.36,24.0,71.29,Moderate Need,High
87,A,Rice,Vegetative,32.0,53.47,32.72,115.78,6.86,19.36,48.85,74.96,1.85,309.99,2.03,64.55,No/Low Need,High
88,F,Rice,Maturity,38.95,70.93,65.91,94.76,6.28,37.38,72.02,45.0,9.38,618.89,20.68,53.45,Moderate Need,Moderate
89,E,Rice,Seedling,46.24,73.23,24.75,105.01,6.75,21.13,88.23,67.43,16.92,444.27,0.0,57.51,No/Low Need,Moderate
90,E,Tomato,Flowering,38.14,46.77,48.19,55.4,6.29,32.83,72.45,60.86,4.14,640.05,16.57,72.05,Moderate Need,High
91,B,Wheat,Flowering,36.89,111.16,22.59,75.44,5.6,26.61,93.65,52.89,6.66,502.79,8.53,56.41,No/Low Need,Moderate
92,E,Rice,Vegetative,55.96,56.83,34.32,81.54,6.42,26.8,41.02,39.75,13.85,512.65,13.76,66.17,Moderate Need,High
93,B,Tomato,Seedling,53.15,24.56,75.2,52.16,7.0,34.83,61.36,0.17,23.88,725.5,23.63,71.35,Moderate Need,High
94,A,Tomato,Maturity,62.0,50.02,20.23,77.02,7.28,28.99,93.64,49.08,7.9,621.67,1.92,72.73,No/Low Need,High
95,D,Tomato,Flowering,27.0,73.11,54.27,43.67,6.48,33.96,57.77,28.48,12.7,167.96,29.92,63.18,High Need,High
96,D,Rice,Flowering,48.57,60.82,51.51,34.34,5.63,29.11,79.37,9.42,10.6,155.57,20.22,72.12,Moderate Need,High
97,D,Wheat,Vegetative,47.11,47.38,18.45,57.4,6.28,31.04,36.82,35.57,22.54,359.26,16.06,75.51,Moderate Need,High
98,E,Potato,Vegetative,34.18,33.13,32.82,93.93,7.24,34.74,76.69,58.84,2.73,465.71,13.81,75.18,Moderate Need,High
99,A,Tomato,Vegetative,41.16,101.92,49.41,111.62,6.27,31.36,91.08,76.93,14.59,333.94,0.46,46.02,No/Low Need,Moderate
100,E,Rice,Seedling,30.83,119.61,23.1,65.77,7.01,31.54,57.96,29.93,21.31,653.74,23.86,48.71,Moderate Need,Moderate
101,E,Rice,Seedling,20.51,52.95,66.04,84.28,6.52,35.36,36.28,43.42,24.71,265.84,23.45,58.14,Moderate Need,Moderate
102,A,Wheat,Maturity,24.83,58.16,78.05,30.3,5.83,38.88,36.67,68.1,17.77,698.52,20.18,64.88,Moderate Need,High
103,A,Potato,Vegetative,18.33,81.8,25.03,110.45,7.27,26.29,88.52,26.72,10.12,757.18,29.92,59.14,High Need,Moderate
104,A,Wheat,Vegetative,52.98,91.84,23.08,76.86,5.42,30.7,78.35,11.38,10.88,205.67,12.59,61.55,Moderate Need,High
105,A,Wheat,Flowering,51.64,59.2,41.85,98.03,6.56,19.9,41.4,22.55,9.44,653.19,16.83,63.5,Moderate Need,High
106,D,Rice,Flowering,69.04,110.49,62.34,99.44,5.74,25.89,38.28,71.93,15.49,917.22,3.28,46.03,No/Low Need,Moderate
107,C,Maize,Seedling,55.78,76.0,29.71,45.65,5.37,27.07,83.29,12.75,18.75,263.9,8.03,66.37,No/Low Need,High
108,C,Tomato,Flowering,15.12,65.04,11.39,72.92,6.51,36.38,83.59,26.34,20.67,872.91,49.19,69.93,High Need,High
109,A,Wheat,Seedling,65.05,84.67,47.89,116.05,6.5,29.29,42.23,37.17,11.0,615.14,6.87,47.36,No/Low Need,Moderate
110,C,Tomato,Seedling,63.76,115.28,76.96,28.96,7.04,34.08,53.09,67.77,18.2,602.3,3.17,44.94,No/Low Need,Moderate
111,C,Potato,Seedling,38.6,99.46,37.39,88.3,7.14,18.42,81.8,75.02,22.99,144.13,0.0,50.41,No/Low Need,Moderate
112,A,Rice,Maturity,47.15,24.0,39.41,116.23,7.09,28.22,66.52,34.06,23.1,736.06,19.25,72.14,Moderate Need,High
113,C,Wheat,Seedling,70.56,53.23,77.82,50.06,6.26,37.83,92.4,74.56,17.9,506.53,0.0,60.91,No/Low Need,High
114,E,Rice,Seedling,43.94,67.05,58.62,106.14,6.84,22.93,63.86,12.92,16.29,713.0,19.27,53.62,Moderate Need,Moderate
115,B,Tomato,Vegetative,66.32,51.45,60.34,113.37,6.7,18.69,75.62,12.55,13.76,787.8,11.86,59.87,No/Low Need,Moderate
116,B,Maize,Maturity,16.98,90.02,49.39,94.71,6.3,27.53,65.59,75.94,5.4,545.23,11.96,50.24,No/Low Need,Moderate
117,A,Maize,Vegetative,23.46,102.63,78.22,43.13,6.75,33.5,91.58,40.77,3.97,324.1,18.61,48.9,Moderate Need,Moderate
118,D,Tomato,Vegetative,38.45,93.13,58.22,53.4,7.66,28.0,58.92,14.87,12.66,220.34,22.32,57.95,Moderate Need,Moderate
119,A,Wheat,Seedling,47.09,118.93,72.65,23.58,5.7,28.12,48.79,39.04,4.83,236.43,6.4,46.24,No/Low Need,Moderate
120,D,Potato,Vegetative,60.97,47.25,58.96,103.15,7.56,32.74,54.6,62.66,14.85,836.89,9.54,66.13,No/Low Need,High
121,B,Wheat,Flowering,71.3,107.5,61.46,104.96,5.34,23.6,86.17,66.15,16.5,205.04,0.0,48.08,No/Low Need,Moderate
122,A,Rice,Flowering,35.33,96.66,30.33,83.27,6.0,34.54,64.88,69.12,13.61,426.99,15.74,57.12,Moderate Need,Moderate
123,F,Maize,Vegetative,14.84,56.22,31.24,55.25,5.95,21.37,56.26,45.57,1.87,384.13,19.05,71.96,Moderate Need,High
124,E,Tomato,Vegetative,60.07,93.41,64.81,27.68,6.83,26.71,67.66,69.36,2.39,835.64,1.44,56.44,No/Low Need,Moderate
125,C,Rice,Seedling,48.26,30.41,30.77,95.31,5.54,32.43,42.99,40.8,3.72,506.04,13.55,74.13,Moderate Need,High
126,D,Tomato,Vegetative,23.91,98.93,49.39,92.65,7.49,36.22,35.32,48.56,4.69,946.98,37.12,52.29,High Need,Moderate
127,F,Potato,Seedling,41.69,73.23,27.45,111.26,7.35,35.41,51.84,60.7,24.76,726.5,13.9,58.67,Moderate Need,Moderate
128,C,Rice,Flowering,56.54,49.23,67.19,93.05,6.9,33.88,71.3,34.03,9.27,823.29,24.01,64.09,Moderate Need,High
129,C,Potato,Maturity,58.22,85.58,17.74,102.87,6.39,25.9,77.7,5.89,8.01,183.87,9.16,56.02,No/Low Need,Moderate
130,A,Rice,Maturity,41.98,84.16,68.06,94.6,7.63,20.69,84.6,28.01,2.25,315.14,8.31,52.49,No/Low Need,Moderate
131,C,Rice,Maturity,30.31,40.95,52.19,83.07,7.36,22.77,90.6,49.92,16.25,215.13,6.93,69.47,No/Low Need,High
132,E,Rice,Flowering,70.42,23.04,23.08,62.7,6.5,37.03,59.73,15.39,16.65,494.08,22.19,82.45,Moderate Need,High
133,F,Tomato,Flowering,51.8,63.36,47.94,110.21,7.02,36.86,79.43,11.87,5.21,710.54,31.12,61.45,High Need,High
134,C,Maize,Vegetative,36.49,76.95,29.77,85.1,6.67,38.93,39.48,23.45,23.06,243.7,28.27,60.49,High Need,High
135,A,Rice,Flowering,28.83,107.66,32.64,59.84,6.73,19.67,38.45,2.57,20.21,210.64,36.58,54.91,High Need,Moderate
136,E,Wheat,Vegetative,55.87,112.82,34.61,28.35,6.06,29.81,42.49,59.47,6.53,622.42,7.18,56.03,No/Low Need,Moderate
137,B,Maize,Vegetative,26.53,72.88,14.43,49.07,6.4,32.27,61.91,20.7,12.66,295.77,26.67,68.59,High Need,High
138,F,Rice,Flowering,22.3,95.38,79.02,74.37,5.4,33.63,47.68,9.94,12.0,507.43,51.39,52.23,High Need,Moderate
139,C,Tomato,Vegetative,43.79,63.93,12.21,47.56,6.13,32.16,52.22,55.93,9.36,143.45,8.07,73.12,No/Low Need,High
140,A,Tomato,Vegetative,29.4,94.61,56.37,42.12,7.01,34.94,73.87,67.43,20.62,678.52,19.82,56.56,Moderate Need,Moderate
141,B,Wheat,Maturity,49.73,40.48,35.99,72.74,7.68,25.91,56.51,1.59,3.62,560.12,17.5,75.06,Moderate Need,High
142,B,Potato,Seedling,19.08,57.11,55.22,36.98,7.7,21.95,68.44,18.69,10.97,650.31,21.38,69.15,Moderate Need,High
143,D,Wheat,Vegetative,51.3,83.42,34.94,100.04,6.64,22.5,59.74,75.62,11.27,334.1,0.0,55.57,No/Low Need,Moderate
144,E,Potato,Maturity,29.0,21.82,57.16,68.44,6.78,18.26,45.14,30.82,12.25,336.81,15.6,74.14,Moderate Need,High
145,C,Maize,Flowering,12.01,92.25,61.05,77.39,5.68,25.71,39.44,75.09,21.67,781.16,27.28,54.98,High Need,Moderate
146,A,Maize,Flowering,19.62,103.55,58.34,34.74,7.01,20.02,49.17,21.94,6.24,710.78,34.01,55.73,High Need,Moderate
147,D,Rice,Vegetative,68.02,59.91,17.98,52.46,5.38,25.07,38.46,17.45,3.47,592.77,15.13,75.78,Moderate Need,High
148,E,Tomato,Vegetative,64.04,64.79,55.98,61.01,5.94,31.82,72.12,17.13,15.83,633.92,17.49,64.11,Moderate Need,High
149,D,Wheat,Maturity,26.02,105.13,29.6,100.82,6.94,37.68,82.74,6.82,5.17,179.94,22.21,49.19,Moderate Need,Moderate
150,F,Rice,Flowering,58.7,97.57,12.02,97.02,6.01,36.47,55.38,71.71,2.8,827.75,10.96,58.43,No/Low Need,Moderate
151,E,Rice,Flowering,48.51,48.81,39.04,42.3,5.33,23.56,58.23,78.39,11.24,754.42,3.48,78.46,No/Low Need,High
152,E,Maize,Seedling,70.25,52.4,40.35,81.62,7.36,20.95,83.97,76.36,6.27,601.92,0.0,66.61,No/Low Need,High
153,C,Wheat,Seedling,34.42,87.89,42.7,44.35,6.01,22.25,48.36,68.16,9.67,880.81,8.64,57.83,No/Low Need,Moderate
154,E,Maize,Maturity,52.89,76.32,59.34,118.82,5.36,39.36,42.15,67.75,7.23,243.34,5.46,53.7,No/Low Need,Moderate
155,D,Tomato,Vegetative,15.81,36.22,31.62,115.21,5.39,30.09,65.07,52.89,3.22,683.66,27.29,73.33,High Need,High
156,E,Rice,Flowering,35.77,50.99,32.07,76.33,5.85,22.02,73.77,66.1,14.45,918.53,16.05,72.85,Moderate Need,High
157,C,Maize,Seedling,69.83,110.0,14.24,89.89,5.66,36.5,70.98,16.67,1.65,363.51,7.59,51.81,No/Low Need,Moderate
158,C,Rice,Flowering,44.34,88.82,58.08,100.14,7.21,26.69,77.83,31.03,24.19,113.0,13.14,53.45,Moderate Need,Moderate
159,F,Tomato,Maturity,29.27,118.6,49.75,92.1,6.04,37.78,38.41,51.27,9.19,724.64,26.45,42.38,High Need,Moderate
160,D,Tomato,Flowering,19.22,96.7,34.46,89.98,7.29,23.73,60.69,69.98,17.68,105.93,10.19,56.72,No/Low Need,Moderate
161,B,Wheat,Seedling,54.21,114.2,59.36,115.86,5.65,26.65,49.31,52.84,20.45,841.65,8.06,39.27,No/Low Need,Moderate
162,B,Maize,Flowering,50.69,41.62,47.62,79.65,6.48,29.11,80.55,67.12,7.7,147.86,0.0,70.13,No/Low Need,High
163,E,Rice,Flowering,34.44,97.15,42.85,83.63,6.99,37.64,87.36,37.92,18.97,654.85,33.25,54.62,High Need,Moderate
164,F,Wheat,Vegetative,69.06,22.02,45.79,104.93,6.9,37.11,51.88,57.38,20.98,420.61,3.94,73.72,No/Low Need,High
165,A,Tomato,Maturity,13.33,87.08,54.54,86.99,6.76,30.64,40.71,78.4,6.79,272.84,14.6,51.42,Moderate Need,Moderate
166,E,Wheat,Flowering,30.22,66.93,56.2,93.29,7.6,22.88,50.21,12.28,24.82,863.52,34.79,63.17,High Need,High
167,F,Wheat,Maturity,67.26,54.68,30.23,43.42,5.79,26.87,41.24,74.15,1.5,734.31,0.0,73.19,No/Low Need,High
168,D,Wheat,Flowering,31.26,106.24,19.85,57.13,6.48,39.46,54.35,41.79,6.21,389.37,24.82,57.15,Moderate Need,Moderate
169,D,Tomato,Seedling,27.14,105.43,20.96,34.73,7.5,31.37,67.29,51.46,19.72,341.53,13.43,59.32,Moderate Need,Moderate
170,D,Rice,Vegetative,44.05,22.23,54.76,70.58,5.4,35.18,93.42,70.23,5.66,725.61,9.62,78.96,No/Low Need,High
171,D,Rice,Vegetative,61.43,80.95,71.1,65.57,5.35,27.9,58.96,32.77,17.76,811.09,17.5,58.03,Moderate Need,Moderate
172,D,Maize,Maturity,18.19,56.78,38.66,119.72,5.81,29.7,48.2,33.5,21.53,708.47,28.6,61.77,High Need,High
173,F,Tomato,Flowering,68.58,61.57,21.87,81.12,6.85,27.44,45.01,42.17,24.02,643.99,10.5,69.53,No/Low Need,High
174,F,Rice,Flowering,59.7,103.2,62.96,98.64,5.88,33.46,45.38,1.53,12.38,293.74,29.07,47.79,High Need,Moderate
175,C,Rice,Vegetative,22.88,50.98,68.27,53.4,5.69,36.73,46.56,39.73,24.31,824.88,43.07,68.23,High Need,High
176,B,Rice,Vegetative,54.72,114.3,71.64,103.15,6.39,29.16,80.74,23.29,10.88,737.21,19.83,38.59,Moderate Need,Moderate
177,D,Rice,Flowering,35.1,37.96,52.48,81.51,6.8,28.58,38.66,74.24,6.24,539.68,14.88,71.33,Moderate Need,High
178,A,Wheat,Vegetative,36.14,86.27,70.25,89.7,5.85,25.49,94.84,7.02,13.33,534.85,20.44,51.58,Moderate Need,Moderate
179,F,Maize,Vegetative,59.0,87.21,11.08,49.44,5.98,21.9,66.36,36.75,16.6,583.8,6.69,66.25,No/Low Need,High
180,A,Maize,Flowering,69.77,45.22,17.51,74.86,6.8,38.66,67.66,75.8,11.99,804.03,2.71,76.09,No/Low Need,High
181,A,Maize,Seedling,19.6,52.48,16.48,83.4,7.66,24.95,56.45,72.08,14.61,730.92,12.26,71.87,Moderate Need,High
182,A,Wheat,Vegetative,37.24,103.48,59.88,78.91,6.95,35.62,76.42,56.11,10.99,827.81,17.52,48.44,Moderate Need,Moderate
183,C,Tomato,Vegetative,40.86,96.18,14.87,111.52,7.24,33.74,63.29,47.15,13.59,531.19,18.68,56.12,Moderate Need,Moderate
184,F,Wheat,Seedling,34.58,52.91,44.75,109.83,6.15,35.4,54.74,22.46,23.86,630.95,19.84,60.23,Moderate Need,High
185,A,Potato,Maturity,33.79,73.4,43.09,117.1,5.91,38.61,50.91,29.36,13.0,826.39,30.19,55.56,High Need,Moderate
186,D,Maize,Vegetative,15.14,26.17,31.75,86.74,6.38,31.71,90.54,7.21,7.08,297.47,31.22,75.98,High Need,High
187,E,Rice,Seedling,53.13,40.87,70.93,117.19,7.3,37.75,52.46,62.89,19.21,477.42,8.71,60.29,No/Low Need,High
188,A,Maize,Vegetative,38.17,68.58,21.93,103.25,6.39,21.69,61.18,25.91,9.1,627.55,19.11,62.16,Moderate Need,High
189,C,Rice,Flowering,23.69,28.6,34.67,47.08,7.4,31.79,56.02,53.42,20.59,877.87,38.66,84.06,High Need,High
190,F,Maize,Vegetative,60.96,104.33,64.19,62.74,7.77,34.99,40.17,28.61,2.36,113.46,10.18,52.61,No/Low Need,Moderate
191,C,Rice,Flowering,60.15,91.8,12.13,43.84,5.39,23.98,46.16,37.15,8.97,280.69,6.0,69.12,No/Low Need,High
192,A,Rice,Seedling,41.18,114.36,57.11,20.42,5.32,34.3,46.37,44.4,3.26,299.28,13.02,52.39,Moderate Need,Moderate
193,F,Tomato,Seedling,29.91,89.35,67.15,38.8,5.59,35.13,76.62,64.15,3.05,377.62,9.46,55.3,No/Low Need,Moderate
194,E,Rice,Vegetative,50.29,114.04,75.26,20.41,6.2,36.29,59.4,16.89,16.8,339.52,25.7,48.71,High Need,Moderate
195,A,Tomato,Maturity,29.29,75.45,71.34,91.98,5.54,24.88,81.92,31.9,10.25,601.62,18.73,54.32,Moderate Need,Moderate
196,C,Rice,Maturity,26.16,80.02,32.36,62.55,7.46,33.0,77.54,10.41,21.92,852.78,38.47,63.4,High Need,High
197,B,Maize,Seedling,55.83,117.7,51.05,51.26,5.26,24.69,46.52,6.06,13.39,641.43,15.18,48.96,Moderate Need,Moderate
198,D,Maize,Flowering,14.42,84.21,15.41,96.17,6.02,34.26,68.78,48.37,8.09,305.3,26.92,62.16,High Need,High
199,C,Wheat,Maturity,17.69,23.08,28.05,103.25,5.68,28.19,79.57,15.13,18.3,834.19,27.79,76.96,High Need,High
200,F,Rice,Vegetative,12.41,92.38,16.6,117.53,7.62,31.15,72.98,4.78,15.98,637.24,49.06,57.83,High Need,Moderate
201,A,Rice,Maturity,21.18,110.55,32.06,84.2,6.94,27.15,71.0,71.77,20.19,286.12,10.5,49.01,No/Low Need,Moderate
202,D,Rice,Seedling,16.14,99.56,71.26,66.15,7.57,21.56,79.38,42.75,16.45,407.42,15.53,48.66,Moderate Need,Moderate
203,A,Rice,Maturity,71.75,78.38,34.3,50.53,7.73,21.92,38.41,10.77,5.01,771.47,14.44,66.1,Moderate Need,High
204,F,Maize,Flowering,29.33,87.13,49.33,42.23,6.49,19.71,78.89,4.27,17.09,728.09,32.67,59.71,High Need,Moderate
205,A,Potato,Maturity,20.96,119.02,40.34,41.29,5.81,31.6,51.36,9.59,10.4,590.1,33.4,50.96,High Need,Moderate
206,B,Tomato,Flowering,26.46,29.07,42.12,60.92,5.7,36.67,69.31,37.71,12.12,223.05,27.81,80.51,High Need,High
207,D,Tomato,Vegetative,68.17,86.72,77.87,119.18,5.78,18.46,49.54,53.48,23.12,782.8,1.75,46.81,No/Low Need,Moderate
208,D,Tomato,Maturity,43.21,48.34,30.73,20.09,7.04,19.46,85.33,51.3,9.64,361.41,1.23,77.25,No/Low Need,High
209,F,Maize,Vegetative,33.89,84.01,53.91,39.72,5.31,28.06,63.83,11.55,15.69,755.86,30.98,63.41,High Need,High
210,B,Rice,Vegetative,64.4,80.76,39.4,38.84,5.33,34.23,73.58,50.68,9.72,650.43,7.77,67.08,No/Low Need,High
211,C,Potato,Flowering,35.7,35.35,14.28,91.71,6.78,21.47,82.64,32.39,3.27,324.54,12.53,77.73,Moderate Need,High
212,A,Maize,Flowering,32.1,40.67,44.25,55.25,6.87,23.98,88.72,37.18,11.88,280.51,13.0,75.37,Moderate Need,High
213,E,Maize,Maturity,24.44,82.16,66.93,65.73,6.93,23.1,78.92,64.11,15.33,211.27,5.47,53.99,No/Low Need,Moderate
214,A,Rice,Vegetative,34.67,32.82,16.91,34.86,6.17,26.78,43.93,26.6,10.78,305.65,24.69,83.59,Moderate Need,High
215,A,Wheat,Flowering,31.0,46.52,14.87,60.5,7.3,22.95,86.27,11.76,10.38,234.15,18.91,79.88,Moderate Need,High
216,C,Wheat,Flowering,52.64,103.52,20.75,30.32,6.59,25.76,72.11,69.88,20.69,624.49,1.94,61.36,No/Low Need,High
217,A,Tomato,Seedling,29.37,52.71,63.51,73.3,5.47,34.03,71.57,16.97,1.71,608.97,23.11,64.03,Moderate Need,High
218,B,Wheat,Vegetative,46.63,68.81,60.68,29.79,7.27,31.44,90.28,23.52,8.09,598.25,15.84,66.56,Moderate Need,High
219,B,Wheat,Vegetative,15.95,114.11,49.55,99.05,7.68,19.79,49.93,56.53,20.48,645.61,18.87,47.4,Moderate Need,Moderate
220,D,Potato,Vegetative,23.48,42.71,42.78,76.66,5.36,32.03,49.38,54.68,23.09,792.57,29.0,73.99,High Need,High
221,F,Rice,Maturity,36.44,58.96,72.18,92.4,6.22,28.5,65.79,64.03,10.9,876.52,15.81,56.67,Moderate Need,Moderate
222,E,Wheat,Flowering,68.22,80.65,63.67,61.85,6.47,38.56,80.05,14.71,22.33,295.82,13.67,56.93,Moderate Need,Moderate
223,A,Rice,Flowering,34.64,95.53,66.84,58.15,5.58,24.36,61.83,28.18,5.77,599.61,28.35,55.6,High Need,Moderate
224,A,Maize,Maturity,51.84,110.17,66.93,29.82,7.46,33.98,73.03,10.07,6.31,166.59,13.82,51.46,Moderate Need,Moderate
225,C,Potato,Vegetative,27.31,111.55,54.99,72.39,5.94,34.08,62.15,43.28,21.31,202.12,20.99,47.96,Moderate Need,Moderate
226,F,Rice,Maturity,19.62,97.66,42.06,71.45,7.24,22.87,71.62,23.41,22.68,656.19,29.41,54.06,High Need,Moderate
227,B,Tomato,Vegetative,15.51,42.83,70.53,66.81,6.94,37.87,84.34,55.11,6.35,513.59,26.4,67.34,High Need,High
228,E,Rice,Maturity,30.32,22.48,74.82,94.05,6.75,28.81,45.83,0.03,2.42,744.58,37.75,67.55,High Need,High
229,D,Potato,Vegetative,21.46,58.38,11.67,103.25,5.7,32.94,76.72,4.77,3.17,461.83,35.4,70.03,High Need,High
230,B,Tomato,Maturity,22.44,34.15,13.61,95.08,5.77,21.21,82.25,34.6,7.27,208.46,12.94,76.63,Moderate Need,High
231,F,Tomato,Vegetative,57.65,91.04,77.11,34.39,5.32,23.67,61.83,76.65,19.27,841.25,1.03,57.58,No/Low Need,Moderate
232,D,Rice,Vegetative,12.95,86.11,29.4,82.21,5.83,30.89,54.39,71.27,13.24,170.46,18.63,59.97,Moderate Need,Moderate
233,C,Potato,Flowering,45.47,24.4,71.14,28.03,6.1,25.02,35.81,79.52,11.93,260.62,0.0,79.12,No/Low Need,High
234,C,Maize,Vegetative,34.77,103.66,37.22,89.46,7.37,28.99,82.83,33.35,15.02,335.43,15.93,52.87,Moderate Need,Moderate
235,A,Rice,Flowering,42.39,44.87,18.34,58.18,6.15,26.23,54.68,3.73,22.37,945.99,46.05,78.26,High Need,High
236,F,Tomato,Vegetative,45.77,63.22,15.63,33.25,7.16,32.09,56.44,24.48,3.17,454.33,21.39,75.61,Moderate Need,High
237,E,Rice,Flowering,30.8,86.79,20.96,106.21,6.34,28.72,55.16,54.06,17.67,526.45,24.41,57.85,Moderate Need,Moderate
238,D,Tomato,Vegetative,29.71,62.94,27.49,81.4,7.24,18.1,64.92,10.81,23.24,754.24,30.89,68.1,High Need,High
239,B,Rice,Seedling,56.0,64.13,44.2,55.47,7.74,32.29,77.15,24.0,6.12,640.95,13.45,66.83,Moderate Need,High
240,F,Maize,Vegetative,64.28,26.56,59.1,23.07,5.82,27.29,81.31,4.49,21.11,815.21,19.25,80.81,Moderate Need,High
241,F,Wheat,Vegetative,23.55,60.14,79.05,73.73,7.44,25.52,58.55,38.0,17.75,513.47,20.88,61.44,Moderate Need,High
242,C,Rice,Vegetative,17.86,96.48,40.91,112.32,6.82,20.07,74.79,16.71,1.35,926.35,37.9,49.56,High Need,Moderate
243,A,Rice,Vegetative,65.87,111.52,46.27,79.64,7.32,22.85,78.24,7.3,6.56,777.29,16.37,49.71,Moderate Need,Moderate
244,A,Rice,Vegetative,32.99,61.35,46.53,117.17,6.89,22.92,52.82,32.9,15.54,441.16,22.46,59.49,Moderate Need,Moderate
245,D,Wheat,Seedling,45.08,62.36,47.76,33.65,6.3,38.58,40.8,28.1,13.06,424.08,15.51,65.21,Moderate Need,High
246,C,Rice,Flowering,33.57,90.26,46.24,76.83,5.79,27.52,88.68,43.0,13.67,890.07,27.89,57.91,High Need,Moderate
247,F,Maize,Maturity,19.55,114.28,10.61,99.81,5.38,18.93,75.63,59.92,6.57,681.75,11.93,52.52,No/Low Need,Moderate
248,E,Rice,Vegetative,47.36,46.71,10.12,72.55,6.59,21.05,73.89,9.01,17.2,628.22,23.11,74.89,Moderate Need,High
249,C,Rice,Flowering,43.51,64.01,16.84,29.11,7.77,19.74,38.53,63.29,7.39,744.16,12.25,79.57,Moderate Need,High
250,D,Maize,Flowering,24.18,99.6,17.11,78.29,7.12,30.96,84.07,2.1,10.35,576.71,38.92,59.63,High Need,Moderate
251,D,Rice,Vegetative,39.11,80.97,59.34,81.17,6.05,22.11,68.96,35.45,9.85,235.29,11.21,55.47,No/Low Need,Moderate
252,C,Potato,Flowering,59.82,31.06,24.34,92.87,7.35,28.97,85.87,46.99,17.13,371.33,2.04,79.44,No/Low Need,High
253,D,Tomato,Vegetative,47.43,82.77,72.63,96.12,7.2,26.14,93.47,76.56,3.17,574.25,0.0,51.71,No/Low Need,Moderate
254,C,Maize,Flowering,17.82,38.67,75.0,97.08,5.93,35.69,92.43,45.91,5.93,115.44,20.25,66.26,Moderate Need,High
255,B,Maize,Seedling,44.88,71.02,78.31,86.34,5.24,25.05,86.37,12.7,5.81,471.75,11.49,54.86,No/Low Need,Moderate
256,C,Tomato,Flowering,54.16,72.91,75.74,41.58,5.51,28.08,35.66,41.4,3.6,742.43,19.6,63.51,Moderate Need,High
257,C,Rice,Flowering,59.56,107.62,29.03,60.42,7.48,33.87,88.14,31.66,5.98,239.6,7.91,58.51,No/Low Need,Moderate
258,D,Rice,Seedling,49.75,66.25,45.68,97.61,7.38,27.53,39.5,38.35,15.57,154.88,8.3,59.38,No/Low Need,Moderate
259,D,Rice,Vegetative,21.16,47.94,22.28,115.34,5.97,35.45,86.07,15.77,18.57,810.62,45.08,68.93,High Need,High
260,A,Tomato,Maturity,54.61,43.1,66.43,27.89,5.94,32.56,51.81,40.07,16.85,624.68,14.76,71.64,Moderate Need,High
261,A,Rice,Vegetative,52.64,107.43,72.19,73.55,7.26,27.03,71.6,12.0,12.4,250.09,16.27,46.84,Moderate Need,Moderate
262,B,Maize,Flowering,13.47,37.1,69.59,51.25,7.64,29.09,37.28,59.52,2.26,785.36,32.22,75.51,High Need,High
263,A,Potato,Maturity,36.7,62.59,40.34,42.54,7.23,39.28,81.27,47.51,24.02,659.41,20.06,69.03,Moderate Need,High
264,C,Tomato,Flowering,31.98,38.72,63.11,70.58,6.77,32.56,41.7,6.28,5.03,384.0,40.29,70.36,High Need,High
265,D,Wheat,Flowering,52.16,97.33,16.83,80.61,5.83,37.91,59.64,71.17,17.04,419.77,6.66,60.33,No/Low Need,High
266,A,Rice,Flowering,24.97,67.44,12.82,20.98,6.57,21.93,84.05,49.31,22.91,232.5,14.45,75.37,Moderate Need,High
267,A,Tomato,Maturity,47.45,55.11,62.73,98.02,5.81,28.63,76.72,25.29,17.75,809.97,19.59,60.57,Moderate Need,High
268,B,Maize,Vegetative,66.79,56.11,39.77,101.99,7.3,37.99,35.36,3.65,6.23,532.66,24.12,65.85,Moderate Need,High
269,F,Rice,Vegetative,59.87,105.22,79.69,116.55,6.21,25.1,59.18,50.58,8.58,573.47,4.61,39.16,No/Low Need,Moderate
270,B,Rice,Vegetative,67.29,75.38,16.81,38.06,7.37,39.29,37.52,29.88,1.72,850.97,24.98,71.77,Moderate Need,High
271,C,Potato,Maturity,70.71,91.79,69.89,79.46,6.19,20.14,75.41,72.61,15.71,113.46,0.0,48.25,No/Low Need,Moderate
272,D,Maize,Flowering,12.64,109.7,43.6,62.66,7.34,37.86,93.14,2.79,15.71,156.88,40.74,54.39,High Need,Moderate
273,B,Tomato,Seedling,49.36,110.17,67.9,53.48,6.07,27.79,74.32,3.13,18.41,237.34,13.93,44.83,Moderate Need,Moderate
274,A,Tomato,Maturity,36.77,52.85,67.2,76.56,6.34,19.62,48.46,75.94,1.26,125.53,0.0,60.94,No/Low Need,High
275,D,Maize,Vegetative,63.59,115.25,74.12,98.24,6.8,37.35,56.31,77.19,20.63,659.43,3.87,39.19,No/Low Need,Moderate
276,D,Wheat,Seedling,27.11,22.49,30.85,22.31,5.38,23.54,93.6,2.22,18.73,638.8,18.34,86.05,Moderate Need,High
277,A,Wheat,Flowering,70.86,57.68,76.49,116.94,7.67,18.49,48.44,57.28,4.38,279.18,0.0,59.92,No/Low Need,Moderate
278,B,Rice,Vegetative,48.82,109.58,20.62,100.99,6.69,20.99,68.69,17.72,9.34,227.0,11.78,49.86,No/Low Need,Moderate
279,A,Wheat,Maturity,59.61,47.46,15.74,95.12,6.52,32.5,59.03,56.11,16.32,223.83,1.46,69.15,No/Low Need,High
280,F,Tomato,Vegetative,17.14,47.31,40.21,96.04,7.38,39.51,81.1,69.5,12.9,910.26,29.58,69.62,High Need,High
281,D,Maize,Maturity,23.01,50.26,67.98,58.91,7.45,20.45,87.04,8.07,3.76,689.48,23.32,66.91,Moderate Need,High
282,E,Tomato,Flowering,57.5,81.23,43.14,95.16,6.56,28.16,55.45,19.1,3.1,597.61,20.53,56.56,Moderate Need,Moderate
283,E,Wheat,Seedling,13.32,63.83,68.05,58.68,7.61,21.97,74.62,1.93,19.75,374.11,20.5,61.72,Moderate Need,High
284,C,Maize,Maturity,61.01,92.67,61.08,109.87,5.37,34.39,67.94,3.51,4.74,468.09,16.64,49.19,Moderate Need,Moderate
285,A,Maize,Flowering,12.84,109.49,24.66,37.72,5.49,20.6,51.71,2.37,5.13,175.99,34.7,61.54,High Need,High
286,A,Maize,Vegetative,51.43,87.42,76.42,49.23,6.75,23.28,51.32,64.05,20.94,948.43,10.15,53.36,No/Low Need,Moderate
287,C,Maize,Vegetative,33.91,40.45,14.25,75.13,6.12,22.32,67.32,23.86,15.69,741.82,23.49,77.0,Moderate Need,High
288,C,Rice,Maturity,48.69,113.27,72.88,51.92,6.41,30.16,44.24,39.46,15.51,628.24,18.33,43.26,Moderate Need,Moderate
289,C,Wheat,Vegetative,53.76,46.45,31.31,62.42,6.05,37.21,83.65,63.03,12.5,599.6,6.46,73.81,No/Low Need,High
290,D,Rice,Vegetative,32.55,34.99,45.01,69.24,6.25,29.24,39.14,39.6,14.66,528.67,27.88,73.39,High Need,High
291,F,Wheat,Seedling,18.48,29.0,39.56,105.64,7.34,19.28,40.67,34.34,15.44,318.81,13.85,71.28,Moderate Need,High
292,A,Wheat,Vegetative,16.18,76.34,22.03,72.32,6.74,30.39,55.53,0.93,24.23,292.43,34.01,63.89,High Need,High
293,D,Maize,Flowering,47.34,31.38,35.07,56.25,7.79,35.55,42.09,45.44,6.35,567.1,20.85,83.56,Moderate Need,High
294,C,Potato,Vegetative,43.24,33.88,23.51,44.77,7.25,20.91,63.54,9.98,6.15,159.67,14.42,82.55,Moderate Need,High
295,A,Maize,Vegetative,56.53,50.0,24.27,60.87,5.91,19.6,58.98,61.17,2.37,163.3,0.0,74.69,No/Low Need,High
296,D,Maize,Vegetative,42.58,48.17,23.09,71.57,5.89,22.13,78.31,20.62,16.8,576.69,17.04,74.28,Moderate Need,High
297,F,Wheat,Vegetative,37.35,80.42,44.23,94.61,6.07,34.41,92.18,53.93,14.18,881.84,16.78,56.67,Moderate Need,Moderate
298,D,Maize,Maturity,35.89,101.67,65.86,32.1,7.39,31.02,80.21,51.7,3.67,877.13,15.62,53.82,Moderate Need,Moderate
299,F,Rice,Vegetative,13.59,96.13,49.83,42.16,5.27,29.89,45.77,49.33,9.75,109.2,25.26,60.13,High Need,High
300,C,Rice,Maturity,32.13,46.25,72.52,57.97,5.8,23.49,91.13,21.36,5.29,191.29,13.75,66.49,Moderate Need,High
301,F,Wheat,Vegetative,70.56,44.53,54.56,56.04,7.55,25.31,58.53,21.37,8.96,595.62,7.81,73.4,No/Low Need,High
302,A,Wheat,Vegetative,64.41,116.58,58.25,59.17,6.86,39.25,63.45,69.04,23.83,821.2,8.02,46.55,No/Low Need,Moderate
303,C,Rice,Maturity,31.76,20.82,56.73,99.35,5.79,23.29,60.29,1.02,17.4,911.28,36.05,72.54,High Need,High
304,A,Rice,Vegetative,47.27,107.97,41.46,52.42,5.77,37.84,51.83,14.52,1.18,831.49,37.17,54.62,High Need,Moderate
305,E,Rice,Flowering,62.84,39.97,58.25,70.19,7.44,30.77,88.7,48.81,7.06,675.97,5.64,73.56,No/Low Need,High
306,B,Potato,Maturity,38.48,114.73,14.88,82.39,7.52,20.71,54.93,65.36,1.25,270.45,1.08,53.3,No/Low Need,Moderate
307,F,Rice,Seedling,13.08,54.23,70.19,43.22,5.87,28.28,69.72,28.67,18.16,161.73,21.28,64.35,Moderate Need,High
308,B,Wheat,Seedling,16.47,64.04,64.45,91.87,6.29,38.87,49.4,52.28,12.27,140.39,15.23,54.72,Moderate Need,Moderate
309,B,Rice,Flowering,42.62,90.71,27.17,74.71,7.37,27.21,82.84,44.57,24.86,620.27,18.69,62.1,Moderate Need,High
310,F,Maize,Vegetative,70.17,78.77,63.76,64.68,7.2,36.99,81.45,5.16,18.61,130.76,11.37,58.36,No/Low Need,Moderate
311,C,Rice,Vegetative,53.59,51.79,10.88,100.98,7.32,23.64,52.78,49.74,13.43,728.35,11.41,72.63,No/Low Need,High
312,E,Rice,Seedling,16.25,75.38,25.21,44.35,6.55,30.56,75.89,65.11,20.31,705.6,18.44,63.22,Moderate Need,High
313,A,Wheat,Seedling,23.36,93.07,14.56,108.32,7.57,36.56,77.23,79.4,17.92,167.67,6.0,55.88,No/Low Need,Moderate
314,D,Rice,Flowering,58.28,24.23,64.62,76.1,6.05,38.26,68.75,2.37,6.85,870.63,40.5,74.78,High Need,High
315,A,Rice,Seedling,62.49,21.12,62.91,80.92,5.61,28.69,71.04,52.8,13.73,543.64,2.27,72.77,No/Low Need,High
316,D,Rice,Vegetative,49.06,65.81,66.95,107.51,7.04,32.07,69.47,33.16,14.34,868.77,25.46,56.15,High Need,Moderate
317,A,Rice,Flowering,50.67,33.18,10.31,101.76,6.6,18.07,39.91,0.78,11.83,866.37,35.62,77.22,High Need,High
318,F,Rice,Vegetative,13.7,86.43,45.09,80.16,7.42,23.57,75.22,49.15,5.3,267.48,19.18,58.29,Moderate Need,Moderate
319,E,Rice,Seedling,61.71,41.41,59.34,95.32,5.41,24.13,63.19,9.79,6.36,423.49,9.93,65.99,No/Low Need,High
320,D,Tomato,Flowering,59.3,63.29,20.88,63.33,7.39,20.06,61.31,30.29,7.75,214.43,2.12,73.45,No/Low Need,High
321,C,Maize,Seedling,27.54,39.77,55.49,74.74,5.96,24.15,86.6,20.91,1.25,758.73,17.19,67.48,Moderate Need,High
322,A,Wheat,Flowering,54.52,74.85,15.89,26.21,6.9,25.06,36.39,28.89,23.01,528.51,16.64,73.14,Moderate Need,High
323,A,Rice,Maturity,24.89,31.61,22.69,28.99,5.3,39.31,50.08,39.42,17.47,889.49,37.15,85.62,High Need,High
324,D,Potato,Vegetative,14.42,22.31,43.31,102.94,6.78,32.71,42.28,28.74,17.55,276.98,33.76,73.83,High Need,High
325,C,Wheat,Flowering,24.07,25.11,55.75,25.97,7.06,27.37,37.12,44.22,14.74,685.11,27.92,82.55,High Need,High
326,C,Rice,Vegetative,22.72,115.43,20.21,36.94,6.16,39.74,51.54,19.09,17.54,940.85,53.12,56.35,High Need,Moderate
327,F,Maize,Vegetative,32.26,34.23,22.97,99.58,5.76,21.37,94.31,50.83,24.56,665.57,12.08,75.92,Moderate Need,High
328,F,Rice,Maturity,37.11,90.85,24.31,20.11,6.6,28.47,51.21,68.3,10.24,158.46,4.93,63.04,No/Low Need,High
329,F,Rice,Maturity,42.51,26.79,26.71,48.24,7.37,32.24,74.82,17.93,18.1,600.16,24.82,82.81,Moderate Need,High
330,F,Wheat,Vegetative,40.61,30.82,25.86,78.4,6.04,19.22,42.1,40.63,9.63,252.87,8.13,77.91,No/Low Need,High
331,F,Tomato,Flowering,28.24,70.89,37.66,79.54,5.86,33.77,71.11,51.9,21.5,125.93,18.53,65.05,Moderate Need,High
332,F,Wheat,Maturity,13.75,66.49,55.77,97.72,5.93,20.2,94.07,45.17,21.59,384.72,12.57,57.74,Moderate Need,Moderate
333,E,Maize,Maturity,48.31,115.16,40.66,70.59,7.67,21.09,52.51,29.25,22.65,326.19,9.68,50.54,No/Low Need,Moderate
334,C,Potato,Flowering,35.74,114.48,64.32,70.94,6.13,21.51,85.88,51.38,1.13,770.46,13.0,46.26,Moderate Need,Moderate
335,F,Rice,Vegetative,29.92,97.96,60.35,92.53,5.21,38.44,94.85,2.26,8.16,417.63,37.92,51.85,High Need,Moderate
336,C,Rice,Vegetative,64.02,80.21,18.86,69.86,7.23,33.03,70.31,29.59,4.21,723.01,15.88,65.47,Moderate Need,High
337,C,Wheat,Maturity,56.8,65.5,13.42,80.85,7.02,32.42,53.56,42.61,11.9,113.8,4.33,67.5,No/Low Need,High
338,B,Wheat,Seedling,63.47,55.62,71.46,109.78,5.53,30.22,75.41,1.65,12.89,112.59,7.18,57.05,No/Low Need,Moderate
339,E,Wheat,Flowering,41.7,114.71,15.59,60.15,7.76,24.44,85.69,40.61,7.14,124.92,4.19,59.81,No/Low Need,Moderate
340,F,Potato,Vegetative,19.86,80.29,20.38,58.51,6.78,31.66,45.28,52.34,18.36,286.45,23.17,64.74,Moderate Need,High
341,A,Maize,Vegetative,53.77,77.91,11.55,20.35,6.5,27.02,62.15,60.74,7.47,417.89,1.61,70.55,No/Low Need,High
342,D,Maize,Vegetative,24.36,43.19,53.98,81.34,6.19,21.2,54.15,9.07,21.49,616.67,31.61,67.94,High Need,High
343,A,Rice,Maturity,38.47,24.67,50.77,22.98,7.54,33.17,52.0,79.25,5.26,938.03,14.96,82.87,Moderate Need,High
344,E,Tomato,Seedling,15.9,114.52,79.08,70.41,5.83,20.85,86.65,48.49,9.81,401.25,11.43,40.35,No/Low Need,Moderate
345,D,Potato,Flowering,61.52,51.37,72.09,100.42,5.94,22.19,60.3,29.06,15.93,147.31,2.67,62.27,No/Low Need,High
346,E,Tomato,Seedling,19.56,64.26,38.76,74.99,5.52,35.99,55.34,19.93,15.53,265.67,25.02,64.38,High Need,High
347,C,Rice,Vegetative,66.19,31.46,36.01,46.96,7.17,32.52,71.21,45.83,2.87,863.17,10.83,80.5,No/Low Need,High
348,D,Maize,Vegetative,63.85,103.69,30.78,98.62,6.75,31.88,48.16,70.54,21.31,694.47,4.32,50.44,No/Low Need,Moderate
349,C,Rice,Flowering,39.87,22.76,20.67,46.97,6.78,27.2,48.79,41.65,15.35,771.67,28.95,85.98,High Need,High
350,A,Rice,Vegetative,56.66,103.4,19.67,93.3,5.77,26.72,66.22,52.92,21.88,205.54,0.42,55.1,No/Low Need,Moderate
351,A,Rice,Vegetative,49.17,34.03,19.26,81.03,6.89,33.19,59.56,28.62,21.82,214.74,18.33,77.48,Moderate Need,High
352,D,Maize,Seedling,60.18,108.66,17.99,37.0,7.19,34.28,52.7,31.05,14.1,195.41,7.2,57.31,No/Low Need,Moderate
353,D,Maize,Vegetative,37.91,92.98,26.84,110.51,6.13,29.22,38.24,22.89,22.86,828.59,31.41,53.63,High Need,Moderate
354,F,Rice,Maturity,59.15,36.47,31.47,40.06,7.28,39.32,66.25,56.45,21.36,278.47,6.34,79.48,No/Low Need,High
355,E,Wheat,Maturity,39.75,76.58,77.31,118.96,6.11,39.03,84.0,28.74,23.99,646.68,20.02,47.36,Moderate Need,Moderate
356,F,Wheat,Vegetative,68.46,51.27,50.49,20.73,7.17,27.07,86.08,15.26,21.41,538.74,8.5,74.7,No/Low Need,High
357,E,Wheat,Flowering,41.18,37.82,79.13,46.35,5.29,36.05,49.13,29.55,20.71,562.73,27.2,74.43,High Need,High
358,F,Rice,Maturity,39.76,105.92,36.07,39.99,6.63,29.95,70.98,68.31,12.26,266.12,4.06,53.83,No/Low Need,Moderate
359,C,Wheat,Seedling,59.1,60.35,42.03,21.4,7.72,29.26,86.35,59.06,6.09,639.96,0.88,72.43,No/Low Need,High
360,D,Tomato,Maturity,61.29,59.85,32.72,93.24,7.75,19.21,59.52,26.77,22.86,136.64,1.86,67.27,No/Low Need,High
361,A,Rice,Maturity,45.27,36.99,22.8,89.34,5.93,30.63,90.93,72.54,18.34,944.45,9.34,74.12,No/Low Need,High
362,E,Rice,Seedling,22.79,58.31,20.02,99.24,6.35,37.81,89.18,5.99,7.76,122.75,24.65,63.43,Moderate Need,High
363,E,Wheat,Vegetative,40.07,107.16,76.16,45.67,5.36,35.16,47.49,3.98,9.18,142.63,24.01,51.08,Moderate Need,Moderate
364,A,Potato,Maturity,70.08,56.31,79.08,64.43,7.47,35.3,50.54,10.2,17.47,375.95,14.5,62.39,Moderate Need,High
365,F,Maize,Flowering,57.18,115.16,13.14,85.91,6.68,21.52,45.83,9.32,12.47,806.88,24.01,52.69,Moderate Need,Moderate
366,E,Maize,Seedling,60.67,114.63,20.52,63.98,6.2,25.89,46.76,7.03,2.96,318.61,9.88,50.15,No/Low Need,Moderate
367,C,Wheat,Vegetative,13.97,34.49,39.65,89.73,5.49,23.13,89.47,52.91,4.39,501.14,14.58,75.1,Moderate Need,High
368,D,Maize,Vegetative,40.07,37.73,23.04,83.4,7.66,24.95,90.87,48.07,18.9,115.28,3.19,78.41,No/Low Need,High
369,A,Rice,Flowering,50.8,106.27,35.47,31.46,6.58,30.75,38.11,51.81,8.89,167.05,9.46,57.65,No/Low Need,Moderate
370,D,Maize,Flowering,61.8,59.28,19.04,98.1,5.94,26.03,70.62,55.07,13.18,616.77,2.22,69.57,No/Low Need,High
371,E,Potato,Maturity,14.96,20.44,41.96,92.07,6.11,30.34,68.85,60.55,19.4,265.2,15.97,74.92,Moderate Need,High
372,E,Maize,Vegetative,63.15,47.39,29.02,85.58,5.9,27.65,58.43,16.57,19.03,690.12,16.96,71.74,Moderate Need,High
373,A,Tomato,Flowering,44.9,79.76,34.63,35.51,6.76,24.31,72.9,49.78,5.01,767.58,13.72,66.52,Moderate Need,High
374,C,Maize,Flowering,23.84,99.93,16.6,46.8,7.62,20.1,91.84,46.4,3.36,822.78,19.3,65.4,Moderate Need,High
375,B,Rice,Vegetative,31.04,33.34,39.97,59.32,7.43,37.62,45.22,75.49,15.19,213.73,14.77,78.74,Moderate Need,High
376,A,Potato,Vegetative,28.92,31.05,78.83,47.99,6.4,18.25,42.22,18.59,18.8,487.18,25.66,70.52,High Need,High
377,B,Rice,Maturity,43.85,112.21,33.02,42.78,7.35,18.04,37.0,4.7,4.58,905.02,28.24,54.92,High Need,Moderate
378,F,Wheat,Maturity,15.1,95.11,71.35,100.54,6.3,36.19,56.83,52.28,9.93,756.27,24.02,43.96,Moderate Need,Moderate
379,B,Rice,Vegetative,21.51,78.98,69.02,83.82,5.86,39.93,55.26,59.21,21.89,199.42,26.06,54.8,High Need,Moderate
380,C,Rice,Flowering,60.76,96.92,76.64,76.55,7.76,34.0,60.85,22.66,23.66,527.13,23.95,52.54,Moderate Need,Moderate
381,F,Wheat,Vegetative,19.96,62.89,65.31,42.6,5.99,18.34,65.2,45.67,11.9,884.02,20.37,65.05,Moderate Need,High
382,B,Rice,Flowering,26.0,95.85,56.17,111.81,6.04,22.99,80.47,4.76,2.91,474.03,35.94,49.14,High Need,Moderate
383,F,Wheat,Flowering,39.2,57.18,69.96,39.12,7.77,39.38,58.53,76.8,7.18,811.8,16.59,71.0,Moderate Need,High
384,B,Maize,Flowering,43.03,44.41,15.3,99.5,5.55,35.79,54.84,8.79,6.59,521.47,33.21,76.39,High Need,High
385,C,Rice,Maturity,57.82,92.9,42.4,116.67,7.18,30.47,84.61,5.41,6.74,190.79,12.48,49.86,Moderate Need,Moderate
386,B,Rice,Flowering,38.84,61.97,79.25,92.71,7.63,23.21,85.99,3.53,12.85,225.68,24.49,60.8,Moderate Need,High
387,B,Maize,Vegetative,59.39,118.14,63.87,119.29,6.53,18.32,48.97,34.18,15.0,139.67,0.6,36.5,No/Low Need,Moderate
388,B,Rice,Flowering,49.1,54.95,77.35,85.11,5.21,18.46,53.88,7.77,3.94,266.02,18.1,64.94,Moderate Need,High
389,A,Maize,Vegetative,18.79,112.17,64.57,41.75,6.18,31.46,84.51,59.57,22.34,859.57,24.53,48.75,Moderate Need,Moderate
390,A,Maize,Vegetative,21.38,113.3,71.24,40.38,5.49,18.48,39.76,71.91,15.88,652.67,14.22,50.12,Moderate Need,Moderate
391,A,Tomato,Vegetative,38.22,44.19,59.46,52.46,6.28,39.86,54.55,20.82,15.33,728.03,36.89,69.74,High Need,High
392,C,Maize,Vegetative,35.81,99.82,63.24,20.71,7.25,22.03,61.9,50.3,24.69,628.41,14.45,57.19,Moderate Need,Moderate
393,F,Wheat,Flowering,56.61,63.31,46.62,88.17,6.34,33.64,46.22,3.39,16.08,428.56,25.05,62.91,High Need,High
394,E,Maize,Vegetative,46.84,111.75,74.7,46.87,6.32,21.41,45.79,30.93,23.3,284.33,11.92,45.89,No/Low Need,Moderate
395,B,Rice,Flowering,35.29,65.01,67.75,101.52,6.65,29.88,60.49,23.44,7.87,886.77,40.59,56.92,High Need,Moderate
396,B,Rice,Flowering,22.25,94.43,69.07,55.92,6.71,19.77,80.27,18.29,6.76,537.61,31.95,52.98,High Need,Moderate
397,C,Tomato,Vegetative,25.61,66.7,57.11,68.0,7.43,34.87,85.41,51.58,13.4,508.93,21.64,63.94,Moderate Need,High
398,B,Wheat,Maturity,46.53,42.78,31.32,116.57,6.0,30.87,93.75,10.42,13.21,946.69,20.33,67.18,Moderate Need,High
399,A,Tomato,Vegetative,37.41,39.94,12.49,44.22,7.34,19.9,39.44,68.86,6.44,426.34,5.37,83.02,No/Low Need,High
400,E,Tomato,Vegetative,42.9,62.54,75.5,92.13,6.67,36.67,48.0,53.19,17.79,826.01,24.86,56.02,Moderate Need,Moderate
401,D,Tomato,Flowering,22.24,95.55,51.03,95.51,5.98,30.03,80.4,56.86,1.71,832.99,26.74,52.36,High Need,Moderate
402,B,Potato,Vegetative,51.77,80.51,30.87,42.1,5.97,38.28,67.44,74.83,17.58,297.77,3.14,65.75,No/Low Need,High
403,A,Wheat,Seedling,63.15,88.86,20.44,70.1,6.14,38.17,54.66,75.39,11.97,180.61,0.0,57.91,No/Low Need,Moderate
404,D,Rice,Flowering,27.48,48.23,68.07,55.02,6.82,38.25,47.34,44.13,17.54,929.28,47.29,68.49,High Need,High
405,E,Maize,Flowering,41.49,68.14,68.56,97.19,5.8,19.71,51.83,39.63,12.45,462.01,13.2,58.49,Moderate Need,Moderate
406,D,Wheat,Vegetative,70.53,24.44,67.02,82.25,7.59,20.66,60.76,26.83,24.46,101.89,0.0,74.61,No/Low Need,High
407,A,Maize,Maturity,31.99,101.75,55.16,67.6,6.69,39.73,45.63,57.25,9.03,524.17,19.15,48.66,Moderate Need,Moderate
408,F,Maize,Flowering,47.7,118.99,35.62,97.94,7.59,28.73,92.85,43.06,24.58,626.41,13.3,49.62,Moderate Need,Moderate
409,F,Maize,Maturity,17.41,60.69,31.28,43.52,5.32,23.24,41.46,74.63,2.56,759.68,15.09,72.95,Moderate Need,High
410,D,Wheat,Seedling,48.36,21.1,10.6,95.36,6.09,34.93,94.13,19.09,17.41,901.5,15.84,78.54,Moderate Need,High
411,C,Rice,Flowering,17.38,36.98,68.35,106.54,5.26,23.81,85.51,24.82,11.9,877.9,42.02,69.54,High Need,High
412,D,Wheat,Maturity,69.55,85.25,16.12,107.86,5.91,34.0,60.39,25.29,20.73,899.12,13.93,57.74,Moderate Need,Moderate
413,B,Rice,Flowering,54.94,81.21,54.15,98.37,7.44,36.42,79.39,64.48,19.95,127.31,0.0,57.72,No/Low Need,Moderate
414,B,Tomato,Flowering,59.29,98.79,45.29,60.8,5.3,35.25,75.29,7.92,20.21,705.01,29.94,59.24,High Need,Moderate
415,F,Rice,Vegetative,54.25,45.39,46.87,118.18,6.33,24.03,47.8,36.45,3.27,291.98,7.76,63.54,No/Low Need,High
416,C,Rice,Seedling,47.38,96.36,74.87,57.96,5.51,26.84,55.34,34.21,20.74,259.42,10.02,49.69,No/Low Need,Moderate
417,A,Rice,Vegetative,38.99,88.8,12.21,83.86,6.28,27.09,65.79,5.85,6.14,780.27,35.03,60.2,High Need,High
418,B,Maize,Vegetative,63.5,52.28,64.14,36.11,7.38,28.81,73.27,32.86,1.62,454.56,5.51,70.91,No/Low Need,High
419,F,Maize,Maturity,69.41,74.55,13.64,118.04,6.82,21.68,67.57,41.07,6.23,879.11,3.53,59.3,No/Low Need,Moderate
420,E,Rice,Vegetative,41.94,34.73,12.67,90.4,7.12,27.95,63.38,5.21,12.5,136.07,23.86,78.24,Moderate Need,High
421,F,Rice,Maturity,67.89,65.26,40.09,95.34,6.11,29.24,61.59,40.79,18.81,781.85,9.74,60.52,No/Low Need,High
422,B,Wheat,Maturity,47.0,108.12,14.42,26.58,7.66,29.7,64.9,76.74,6.25,216.31,0.0,62.76,No/Low Need,High
423,B,Rice,Vegetative,44.3,62.12,65.24,96.34,7.04,36.04,61.06,78.31,3.71,250.09,3.02,58.98,No/Low Need,Moderate
424,F,Maize,Vegetative,39.27,103.96,47.07,97.47,6.3,29.38,67.48,42.53,16.5,505.75,16.05,47.36,Moderate Need,Moderate
425,A,Maize,Maturity,24.56,79.03,12.03,87.18,6.31,23.08,88.28,41.21,24.61,436.25,13.96,61.34,Moderate Need,High
426,D,Wheat,Maturity,12.22,39.19,12.84,49.19,7.59,32.59,72.97,22.84,15.42,513.25,26.33,82.11,High Need,High
427,B,Rice,Vegetative,26.49,78.11,52.89,68.97,6.7,35.54,78.36,79.77,17.59,899.02,22.0,58.01,Moderate Need,Moderate
428,F,Potato,Vegetative,42.58,70.6,66.43,31.04,7.04,25.03,70.85,21.94,14.47,658.78,21.13,63.89,Moderate Need,High
429,F,Wheat,Flowering,34.8,59.86,40.65,67.16,6.28,32.2,73.58,36.23,19.78,346.76,19.22,67.85,Moderate Need,High
430,C,Maize,Flowering,38.91,31.96,48.82,44.38,5.78,21.23,69.7,0.23,24.42,246.97,24.21,80.04,Moderate Need,High
431,D,Rice,Vegetative,70.84,61.67,65.99,54.91,7.08,25.52,36.61,27.94,14.06,457.04,9.32,64.12,No/Low Need,High
432,E,Wheat,Flowering,33.02,27.28,52.74,36.26,6.78,38.0,94.98,5.72,11.0,483.89,31.34,80.05,High Need,High
433,A,Rice,Seedling,39.13,29.88,25.73,43.01,6.5,38.05,37.02,59.51,21.65,611.1,18.08,77.65,Moderate Need,High
434,E,Wheat,Seedling,20.01,61.59,52.91,27.66,6.82,30.66,58.71,44.88,24.27,326.1,14.66,65.73,Moderate Need,High
435,D,Potato,Vegetative,14.88,50.54,53.98,111.99,5.74,33.45,41.31,45.77,4.1,752.38,34.81,63.71,High Need,High
436,D,Wheat,Vegetative,58.52,112.55,61.39,73.04,7.26,36.79,40.82,22.92,14.88,183.69,14.51,47.21,Moderate Need,Moderate
437,D,Rice,Vegetative,46.24,57.57,53.46,59.67,7.67,39.09,82.61,65.19,20.02,576.39,13.51,69.47,Moderate Need,High
438,E,Rice,Vegetative,57.64,95.79,77.85,73.5,7.52,28.78,60.56,0.26,13.8,630.0,27.73,50.59,High Need,Moderate
439,D,Wheat,Vegetative,20.99,73.02,23.81,82.83,6.04,30.35,83.07,26.69,10.82,275.81,20.81,64.25,Moderate Need,High
440,F,Rice,Vegetative,46.31,90.41,76.58,112.19,6.26,27.14,51.37,52.76,16.73,802.11,18.23,44.78,Moderate Need,Moderate
441,E,Rice,Vegetative,27.22,46.01,47.68,37.87,7.3,19.58,50.39,72.63,7.48,623.12,11.51,75.35,No/Low Need,High
442,D,Tomato,Maturity,25.68,114.19,57.04,49.56,6.75,27.3,50.07,18.77,9.38,648.86,29.23,46.74,High Need,Moderate
443,F,Wheat,Vegetative,12.69,73.01,16.96,117.58,6.62,35.39,71.97,43.29,24.81,523.08,27.75,59.95,High Need,Moderate
444,C,Rice,Vegetative,19.82,103.13,36.64,57.12,7.61,35.71,83.9,43.04,16.28,873.16,37.27,57.99,High Need,Moderate
445,D,Potato,Flowering,30.56,56.5,63.86,22.26,6.59,37.63,62.14,69.93,21.95,689.84,24.11,69.61,Moderate Need,High
446,E,Rice,Maturity,19.01,30.02,59.48,34.76,6.54,19.13,57.75,4.04,20.39,424.56,31.42,74.18,High Need,High
447,B,Potato,Vegetative,71.15,87.37,12.81,22.63,5.31,29.6,93.41,33.96,16.65,302.82,0.0,71.78,No/Low Need,High
448,D,Rice,Flowering,30.52,20.78,48.26,118.99,5.38,20.36,42.01,14.6,21.18,160.4,29.65,76.36,High Need,High
449,B,Tomato,Flowering,19.82,67.53,16.18,47.89,5.22,22.42,64.2,1.72,7.89,240.56,35.65,76.35,High Need,High
450,F,Maize,Flowering,23.94,39.28,79.71,112.35,7.57,37.8,59.51,11.76,16.29,943.78,50.43,65.38,High Need,High
451,C,Tomato,Seedling,47.26,82.74,72.81,119.59,6.26,28.93,40.89,78.12,15.17,445.75,3.02,44.03,No/Low Need,Moderate
452,A,Potato,Flowering,15.84,117.94,11.48,79.98,6.42,34.69,51.09,17.19,15.94,863.88,52.76,52.42,High Need,Moderate
453,C,Rice,Seedling,63.75,66.44,70.11,23.32,7.4,19.42,36.71,74.8,5.05,244.98,0.0,63.92,No/Low Need,High
454,D,Potato,Flowering,69.69,101.75,74.36,28.16,6.78,27.17,87.62,16.42,7.65,461.56,7.15,53.3,No/Low Need,Moderate
455,B,Wheat,Flowering,26.8,70.78,34.75,68.16,6.78,32.83,71.47,74.5,7.88,916.44,19.05,65.54,Moderate Need,High
456,B,Wheat,Vegetative,39.01,69.58,60.37,60.62,5.97,20.93,83.9,52.37,15.45,177.46,1.4,61.71,No/Low Need,High
457,E,Rice,Maturity,13.33,113.04,40.95,80.62,7.37,25.17,66.29,9.06,24.34,604.89,37.82,48.76,High Need,Moderate
458,B,Wheat,Seedling,50.44,109.0,55.87,63.88,5.63,19.42,70.97,46.55,23.9,881.3,6.69,47.88,No/Low Need,Moderate
459,E,Rice,Maturity,36.84,98.58,33.82,113.41,5.34,32.33,77.05,25.48,6.45,907.23,28.23,51.9,High Need,Moderate
460,F,Maize,Vegetative,28.2,49.63,32.58,73.47,5.7,39.36,89.48,30.65,8.32,819.11,30.99,72.64,High Need,High
461,A,Wheat,Vegetative,24.41,74.5,39.71,89.37,5.9,36.2,40.51,35.21,1.87,827.54,31.35,60.69,High Need,High
462,D,Tomato,Seedling,51.24,42.39,20.19,109.65,5.93,39.44,54.86,33.82,10.57,654.36,17.18,68.92,Moderate Need,High
463,E,Tomato,Maturity,36.97,64.39,68.18,34.69,6.94,36.6,77.54,53.13,21.03,287.36,12.88,63.22,Moderate Need,High
464,A,Wheat,Seedling,22.78,68.42,34.41,42.97,5.77,36.81,92.5,61.47,22.98,721.08,14.02,66.68,Moderate Need,High
465,B,Rice,Vegetative,53.35,103.16,38.01,30.73,6.96,30.7,93.85,26.33,6.68,931.63,21.55,58.3,Moderate Need,Moderate
466,B,Rice,Vegetative,45.9,109.6,72.58,33.96,5.44,29.4,73.29,73.95,7.38,547.04,3.43,52.03,No/Low Need,Moderate
467,A,Rice,Flowering,63.52,61.46,44.76,71.26,5.58,26.94,46.62,75.08,6.3,321.59,0.0,68.9,No/Low Need,High
468,B,Rice,Flowering,19.05,21.77,48.1,52.12,6.52,36.0,42.15,3.26,9.4,587.45,60.0,79.7,High Need,High
469,F,Rice,Seedling,59.14,106.18,76.95,62.32,7.6,22.01,91.76,1.19,20.31,687.02,13.64,46.09,Moderate Need,Moderate
470,F,Rice,Vegetative,52.41,37.43,72.07,118.25,7.43,19.24,61.04,34.01,16.52,277.04,5.82,64.58,No/Low Need,High
471,A,Potato,Vegetative,18.9,82.19,21.86,35.67,7.72,38.85,46.69,47.25,19.86,711.31,36.02,70.36,High Need,High
472,E,Maize,Vegetative,53.69,22.5,43.13,74.08,6.89,18.08,91.03,22.23,14.99,599.32,8.29,77.71,No/Low Need,High
473,E,Rice,Vegetative,38.49,59.95,77.99,29.89,6.96,39.49,41.27,20.75,7.19,620.5,38.88,65.03,High Need,High
474,A,Maize,Flowering,68.7,118.6,36.07,51.85,6.83,34.03,78.77,54.27,6.47,360.09,0.0,52.15,No/Low Need,Moderate
475,E,Rice,Vegetative,20.5,30.07,36.01,72.75,6.82,25.23,72.52,48.14,1.22,231.98,16.47,76.45,Moderate Need,High
476,E,Wheat,Vegetative,50.57,62.37,23.65,114.66,5.58,33.35,40.26,13.37,19.74,629.93,24.92,65.71,Moderate Need,High
477,F,Maize,Vegetative,34.92,50.71,18.0,59.12,6.61,35.99,55.32,70.76,21.33,598.3,16.37,73.88,Moderate Need,High
478,E,Wheat,Maturity,69.41,110.51,61.82,26.49,6.2,23.4,44.0,54.4,19.44,387.31,0.0,50.03,No/Low Need,Moderate
479,C,Wheat,Maturity,31.8,106.93,63.9,58.82,6.35,34.96,71.27,29.01,2.79,351.51,16.96,46.32,Moderate Need,Moderate
480,D,Potato,Maturity,69.73,43.77,77.83,34.57,6.56,35.7,63.63,54.69,19.29,395.16,1.93,66.58,No/Low Need,High
481,B,Tomato,Vegetative,66.09,28.12,64.14,43.0,5.53,23.49,35.26,9.01,2.1,516.4,15.6,78.18,Moderate Need,High
482,C,Maize,Seedling,28.22,82.71,27.03,81.81,6.13,18.92,93.54,37.46,3.53,928.6,12.86,57.33,Moderate Need,Moderate
483,E,Maize,Vegetative,60.21,53.64,12.81,26.74,5.36,22.49,55.98,13.52,11.57,749.03,16.7,81.88,Moderate Need,High
484,F,Maize,Vegetative,71.74,87.21,78.98,66.47,7.75,22.41,50.49,3.31,12.43,823.98,16.75,54.9,Moderate Need,Moderate
485,A,Rice,Flowering,27.16,23.21,33.83,80.95,5.51,19.44,48.35,27.07,20.59,529.8,32.25,82.23,High Need,High
486,E,Wheat,Flowering,38.21,33.34,31.84,62.19,5.87,33.97,44.53,12.06,17.31,547.21,32.72,80.16,High Need,High
487,F,Rice,Maturity,43.21,88.64,73.42,21.91,7.52,26.36,94.95,50.68,4.68,273.68,2.37,58.37,No/Low Need,Moderate
488,D,Wheat,Maturity,29.7,41.24,50.96,118.55,6.46,37.46,52.71,53.93,6.43,712.89,19.1,62.06,Moderate Need,High
489,E,Wheat,Vegetative,12.92,105.76,25.04,56.71,5.55,23.55,59.33,11.9,7.86,458.35,29.25,58.64,High Need,Moderate
490,A,Rice,Flowering,25.21,25.86,72.24,97.86,6.2,27.97,87.28,1.97,3.97,731.08,45.67,69.68,High Need,High
491,F,Potato,Vegetative,28.92,41.55,79.54,52.56,5.5,32.06,73.51,63.42,7.9,447.7,13.8,70.08,Moderate Need,High
492,F,Potato,Seedling,38.62,119.86,16.07,67.5,5.72,37.3,57.12,0.16,18.49,192.24,22.14,50.77,Moderate Need,Moderate
493,F,Maize,Flowering,22.27,63.31,70.36,58.85,5.34,29.54,88.9,27.51,6.79,247.1,23.41,66.15,Moderate Need,High
494,D,Wheat,Seedling,64.4,90.3,37.34,54.25,6.34,26.22,79.98,39.57,21.05,789.83,4.95,55.51,No/Low Need,Moderate
495,E,Tomato,Vegetative,54.29,38.27,46.69,22.19,7.3,37.07,48.67,65.49,12.27,319.82,6.74,79.89,No/Low Need,High
496,D,Rice,Vegetative,17.11,80.99,74.04,56.0,6.72,24.83,73.62,67.08,8.75,324.7,13.51,54.92,Moderate Need,Moderate
497,B,Tomato,Flowering,51.01,92.61,78.14,108.95,6.78,19.75,90.34,58.0,10.9,889.96,4.6,45.85,No/Low Need,Moderate
498,B,Rice,Flowering,51.22,51.45,28.35,89.04,5.72,27.79,64.79,19.78,18.03,658.99,27.26,72.37,High Need,High
499,E,Tomato,Vegetative,69.37,102.89,24.9,34.54,6.09,35.27,79.02,57.61,13.4,197.16,0.0,60.09,No/Low Need,High
500,D,Rice,Maturity,12.18,80.34,15.64,79.12,7.4,18.68,93.27,19.72,1.17,222.05,19.89,64.08,Moderate Need,High
501,A,Tomato,Vegetative,26.88,58.91,49.33,109.22,5.43,30.89,76.42,17.17,23.14,331.51,29.33,63.44,High Need,High
502,F,Potato,Vegetative,67.67,75.76,10.95,90.0,7.43,31.08,41.15,43.77,2.58,604.9,8.33,66.71,No/Low Need,High
503,F,Rice,Flowering,67.93,77.68,38.83,34.87,6.46,38.43,49.67,54.31,23.53,739.9,16.29,65.63,Moderate Need,High
504,E,Wheat,Flowering,55.24,36.55,15.14,106.78,7.38,24.3,70.71,4.24,1.68,333.32,14.05,77.79,Moderate Need,High
505,B,Potato,Maturity,57.95,60.27,38.37,50.15,6.03,24.13,51.53,4.8,19.5,840.05,21.29,68.17,Moderate Need,High
506,B,Wheat,Vegetative,17.49,54.34,12.8,65.41,6.08,27.69,92.45,62.73,13.83,192.8,9.22,74.14,No/Low Need,High
507,F,Tomato,Flowering,42.83,60.09,68.47,72.61,7.15,25.85,59.32,68.76,13.14,276.46,2.46,63.83,No/Low Need,High
508,E,Maize,Flowering,25.89,96.11,24.68,105.05,7.24,34.2,62.43,48.36,2.75,924.9,32.3,56.66,High Need,Moderate
509,D,Wheat,Maturity,22.87,68.25,32.98,113.16,5.8,32.12,77.1,34.31,6.73,214.53,15.61,59.94,Moderate Need,Moderate
510,B,Rice,Vegetative,60.62,114.03,70.9,112.97,7.73,34.7,66.45,67.63,19.66,854.89,9.78,42.11,No/Low Need,Moderate
511,D,Rice,Flowering,20.1,49.37,62.24,20.8,5.42,36.04,57.93,58.31,22.39,698.34,38.16,76.32,High Need,High
512,B,Tomato,Flowering,40.12,61.57,25.33,112.19,5.38,38.31,39.6,46.37,13.7,162.12,21.96,68.26,Moderate Need,High
513,B,Wheat,Vegetative,68.31,98.7,15.03,25.44,6.75,27.48,70.79,25.58,9.48,511.15,6.18,63.66,No/Low Need,High
514,C,Wheat,Vegetative,23.15,74.6,60.1,46.58,7.08,39.66,87.05,15.84,2.44,541.13,29.93,62.04,High Need,High
515,B,Wheat,Vegetative,70.68,74.7,37.35,71.5,7.7,22.74,76.15,33.49,17.37,892.32,6.08,65.59,No/Low Need,High
516,A,Maize,Flowering,71.66,25.33,63.63,67.99,6.25,33.72,57.89,22.95,7.68,457.94,11.79,74.78,No/Low Need,High
517,E,Tomato,Maturity,45.34,59.86,41.17,80.47,5.27,29.75,42.66,27.14,2.32,479.75,18.22,67.2,Moderate Need,High
518,E,Potato,Flowering,22.21,47.07,34.22,67.94,6.77,35.97,83.98,41.25,16.98,195.61,24.92,73.21,Moderate Need,High
519,D,Wheat,Flowering,30.97,119.93,41.58,113.44,5.95,28.49,91.5,13.53,12.66,643.3,27.47,44.23,High Need,Moderate
520,B,Tomato,Flowering,37.47,50.84,62.4,44.05,6.33,35.25,58.3,64.49,1.29,279.26,12.18,69.39,Moderate Need,High
521,A,Tomato,Seedling,30.56,108.45,73.16,47.4,6.47,38.46,78.72,11.64,3.66,165.9,20.2,43.56,Moderate Need,Moderate
522,D,Maize,Vegetative,28.84,87.62,13.48,112.07,5.37,34.11,59.65,38.48,17.78,947.38,31.93,60.61,High Need,High
523,C,Potato,Vegetative,70.33,54.09,46.69,27.67,6.46,35.07,65.14,59.68,2.53,329.19,0.0,71.13,No/Low Need,High
524,D,Rice,Vegetative,21.2,74.35,12.3,80.96,6.31,19.48,85.19,38.8,21.78,219.9,16.11,65.04,Moderate Need,High
525,D,Rice,Vegetative,56.0,104.05,42.79,88.17,7.05,22.51,40.01,28.88,8.47,694.57,17.59,50.62,Moderate Need,Moderate
526,B,Tomato,Flowering,12.02,108.34,71.97,70.55,6.88,39.43,66.82,37.99,3.13,798.43,47.45,46.93,High Need,Moderate
527,C,Wheat,Vegetative,47.77,36.04,35.31,89.42,5.68,33.25,47.88,67.89,19.23,154.47,3.92,74.66,No/Low Need,High
528,D,Tomato,Vegetative,66.96,53.96,75.27,37.28,5.74,30.35,55.39,79.23,13.59,189.58,0.0,67.75,No/Low Need,High
529,A,Tomato,Vegetative,29.28,53.52,54.14,105.26,5.85,26.07,73.67,50.49,8.36,176.65,10.49,63.1,No/Low Need,High
530,A,Rice,Seedling,23.13,24.2,75.39,34.0,5.67,18.98,36.63,63.48,10.75,139.92,7.11,74.93,No/Low Need,High
531,E,Tomato,Maturity,51.1,79.82,63.0,60.08,6.91,26.12,70.63,1.16,1.51,660.54,20.7,56.05,Moderate Need,Moderate
532,C,Wheat,Maturity,54.76,105.48,17.24,27.53,7.79,28.98,52.01,70.43,16.9,600.07,3.26,63.5,No/Low Need,High
533,C,Wheat,Flowering,53.28,58.16,26.18,74.52,6.9,22.65,75.17,76.32,9.78,663.39,0.0,70.83,No/Low Need,High
534,E,Maize,Seedling,31.16,94.0,37.59,86.97,6.78,21.81,43.49,46.01,18.14,529.82,12.35,50.84,Moderate Need,Moderate
535,D,Potato,Flowering,27.13,82.77,21.91,114.12,6.27,29.19,79.15,60.3,16.08,794.88,22.46,58.3,Moderate Need,Moderate
536,C,Rice,Maturity,69.36,57.56,44.64,93.93,6.01,30.89,73.74,41.02,16.63,564.67,4.93,62.73,No/Low Need,High
537,A,Wheat,Flowering,67.4,34.11,43.0,74.11,7.57,23.28,93.27,22.9,20.03,880.93,9.99,78.23,No/Low Need,High
538,A,Maize,Seedling,39.44,90.93,76.94,113.26,7.72,30.92,89.67,68.18,16.15,512.8,4.57,45.34,No/Low Need,Moderate
539,B,Maize,Flowering,62.77,105.46,40.36,67.84,6.49,37.81,52.0,47.75,11.05,772.06,16.74,52.39,Moderate Need,Moderate
540,C,Maize,Maturity,39.14,88.59,64.99,76.12,5.95,28.41,36.64,46.35,10.36,446.26,14.12,51.52,Moderate Need,Moderate
541,D,Rice,Flowering,37.46,21.79,75.93,79.61,7.2,36.86,74.32,52.73,3.87,469.94,21.03,74.11,Moderate Need,High
542,E,Rice,Flowering,21.41,41.62,71.39,61.0,5.54,38.4,71.17,68.48,19.71,821.64,34.97,71.85,High Need,High
543,E,Wheat,Vegetative,37.58,26.95,24.61,103.85,7.19,20.03,36.65,58.55,19.27,191.51,5.46,77.24,No/Low Need,High
544,D,Tomato,Flowering,44.25,77.04,44.72,38.52,7.33,20.11,42.36,16.89,6.91,580.18,24.94,67.5,Moderate Need,High
545,F,Rice,Seedling,13.35,95.65,34.34,75.48,5.52,28.47,70.08,37.35,21.7,717.39,26.35,55.07,High Need,Moderate
546,B,Rice,Flowering,38.65,31.06,37.99,92.22,7.74,30.94,89.71,78.42,15.14,737.86,9.76,78.62,No/Low Need,High
547,E,Potato,Seedling,58.88,103.83,35.26,110.4,7.76,27.37,89.39,44.36,12.49,602.77,3.37,49.22,No/Low Need,Moderate
548,C,Rice,Vegetative,52.8,75.55,67.85,108.39,7.64,25.18,44.09,75.06,1.42,480.85,0.0,55.16,No/Low Need,Moderate
549,B,Potato,Vegetative,50.11,89.0,41.65,70.87,6.49,32.1,58.07,65.07,10.19,321.67,4.16,55.56,No/Low Need,Moderate
550,C,Maize,Flowering,66.57,117.14,46.66,84.32,5.84,18.05,37.59,53.28,16.38,873.01,4.84,48.14,No/Low Need,Moderate
551,A,Tomato,Seedling,13.08,28.37,78.77,59.42,6.71,39.3,63.16,27.95,3.15,414.32,26.71,67.45,High Need,High
552,B,Rice,Flowering,45.42,110.12,14.2,66.82,6.29,23.11,80.19,24.35,12.03,779.14,24.28,56.53,Moderate Need,Moderate
553,E,Rice,Flowering,59.24,32.61,44.16,110.63,5.74,38.18,82.4,51.47,24.84,126.92,4.38,72.88,No/Low Need,High
554,B,Maize,Vegetative,44.48,59.3,64.18,113.07,6.3,20.4,64.94,34.6,18.2,297.34,8.65,56.7,No/Low Need,Moderate
555,B,Tomato,Seedling,31.43,105.14,20.58,109.54,6.93,23.24,40.75,63.9,14.12,393.75,8.35,48.23,No/Low Need,Moderate
556,B,Maize,Seedling,20.18,110.63,52.81,33.84,5.38,23.17,57.88,60.84,13.79,670.84,12.96,52.51,Moderate Need,Moderate
557,F,Rice,Maturity,65.25,70.64,26.76,105.01,6.07,39.92,90.93,24.97,2.05,371.43,10.12,60.2,No/Low Need,High
558,B,Tomato,Flowering,40.25,79.41,70.72,114.84,5.25,18.1,48.78,56.22,23.98,135.16,3.49,54.58,No/Low Need,Moderate
559,C,Tomato,Vegetative,64.69,90.81,32.9,56.12,7.15,32.07,54.19,39.56,23.28,247.79,6.76,60.88,No/Low Need,High
560,A,Maize,Seedling,47.15,103.28,33.03,71.86,6.87,37.13,79.81,25.86,17.38,320.29,12.48,50.86,Moderate Need,Moderate
561,D,Tomato,Flowering,52.45,32.15,51.87,97.91,5.36,32.79,79.01,33.04,3.38,249.64,11.0,74.69,No/Low Need,High
562,B,Tomato,Maturity,60.26,101.01,22.85,76.21,7.71,25.98,89.73,71.63,5.99,273.17,0.0,57.76,No/Low Need,Moderate
563,E,Maize,Maturity,51.55,68.13,29.94,119.35,5.26,39.08,58.29,28.76,5.41,753.61,20.46,61.95,Moderate Need,High
564,B,Rice,Flowering,35.88,65.06,39.16,65.57,6.73,37.66,65.88,22.99,13.47,450.23,37.18,66.68,High Need,High
565,E,Wheat,Seedling,42.82,62.39,34.75,91.39,7.22,27.55,63.04,28.14,5.99,444.4,10.35,62.69,No/Low Need,High
566,C,Rice,Seedling,60.18,70.92,46.74,99.26,7.25,30.61,90.67,17.17,17.7,921.62,16.06,56.98,Moderate Need,Moderate
567,E,Wheat,Seedling,34.42,114.51,51.97,69.41,5.29,39.29,81.16,43.57,14.09,479.7,13.2,47.51,Moderate Need,Moderate
568,D,Wheat,Vegetative,35.29,74.82,49.67,105.7,7.56,39.62,84.89,11.79,1.42,888.51,31.24,58.67,High Need,Moderate
569,A,Rice,Seedling,17.74,115.32,55.79,74.62,7.59,27.9,42.99,65.4,18.86,354.2,15.38,45.46,Moderate Need,Moderate
570,E,Rice,Vegetative,66.88,38.03,31.54,61.17,6.66,36.64,82.51,18.05,5.53,440.53,14.29,75.45,Moderate Need,High
571,E,Rice,Vegetative,17.46,92.41,18.85,30.78,6.45,24.64,60.98,47.84,20.8,436.84,25.42,63.54,High Need,High
572,A,Tomato,Maturity,50.89,101.22,63.26,59.34,5.32,26.18,36.4,10.0,9.52,564.17,21.57,52.32,Moderate Need,Moderate
573,D,Potato,Flowering,36.79,87.91,69.55,93.39,6.66,21.63,38.61,78.28,9.13,596.61,7.47,50.28,No/Low Need,Moderate
574,B,Rice,Maturity,36.34,80.69,27.99,112.13,6.26,22.6,75.67,36.37,1.28,310.91,10.17,55.15,No/Low Need,Moderate
575,E,Potato,Flowering,52.77,76.48,38.5,45.17,7.21,32.45,57.32,65.77,24.71,774.55,13.48,67.52,Moderate Need,High
576,A,Wheat,Seedling,16.03,106.09,44.9,55.52,6.25,29.24,87.09,61.49,15.69,522.05,11.25,49.31,No/Low Need,Moderate
577,C,Rice,Flowering,47.62,102.16,47.33,35.4,6.98,23.08,79.06,57.1,11.15,105.99,0.0,57.96,No/Low Need,Moderate
578,A,Rice,Vegetative,58.32,32.23,56.16,89.07,5.46,26.86,36.3,66.19,3.32,602.64,4.12,73.05,No/Low Need,High
579,C,Wheat,Flowering,61.69,104.86,12.91,116.02,5.55,26.21,76.21,8.04,17.78,778.35,19.05,55.5,Moderate Need,Moderate
580,D,Tomato,Vegetative,22.23,61.41,60.5,84.1,5.56,39.72,46.54,54.28,7.79,312.9,26.52,63.13,High Need,High
581,B,Maize,Maturity,65.85,45.37,14.34,81.71,5.32,36.78,60.35,21.27,24.72,132.19,9.69,76.32,No/Low Need,High
582,A,Rice,Vegetative,51.37,106.98,42.78,75.35,6.61,26.54,72.48,62.87,23.81,786.1,9.16,49.46,No/Low Need,Moderate
583,F,Rice,Vegetative,64.91,63.2,67.94,28.85,7.26,38.11,87.36,76.55,18.65,929.84,4.88,67.12,No/Low Need,High
584,E,Wheat,Maturity,41.12,100.84,41.59,92.95,6.79,25.54,62.37,72.12,24.31,165.08,0.43,48.75,No/Low Need,Moderate
585,D,Rice,Seedling,44.52,46.34,20.44,80.2,6.69,32.69,83.51,9.2,3.54,897.33,23.78,69.63,Moderate Need,High
586,A,Rice,Flowering,67.14,20.39,78.95,86.15,6.97,39.27,81.98,29.56,7.72,405.38,13.17,72.31,Moderate Need,High
587,E,Rice,Flowering,65.99,69.55,72.25,109.88,6.08,26.59,59.87,29.15,7.08,900.22,18.2,54.73,Moderate Need,Moderate
588,A,Tomato,Maturity,38.89,30.02,63.99,98.4,6.14,32.96,65.06,9.78,2.73,651.51,27.21,67.01,High Need,High
589,C,Potato,Maturity,28.46,95.44,38.81,98.09,6.02,24.51,77.03,7.85,24.33,856.71,29.64,51.12,High Need,Moderate
590,A,Wheat,Maturity,35.59,47.61,22.87,112.72,7.05,23.86,36.87,30.79,2.44,767.96,18.57,67.82,Moderate Need,High
591,F,Potato,Seedling,35.27,64.36,75.9,118.99,5.62,30.63,88.45,79.37,21.56,123.8,0.0,51.98,No/Low Need,Moderate
592,A,Rice,Maturity,29.21,28.7,47.26,78.13,5.23,39.54,81.19,45.52,19.44,155.63,18.73,76.51,Moderate Need,High
593,A,Wheat,Flowering,28.11,48.67,69.66,30.89,6.75,27.97,49.96,49.74,10.02,546.88,20.56,70.68,Moderate Need,High
594,F,Rice,Flowering,63.66,98.15,33.95,65.91,7.65,38.63,93.87,37.68,1.45,210.18,4.47,60.67,No/Low Need,High
595,D,Maize,Seedling,16.19,35.16,33.47,98.76,6.78,38.12,45.76,52.99,1.15,491.88,19.79,68.99,Moderate Need,High
596,A,Potato,Flowering,52.66,84.72,78.99,22.77,7.24,23.58,89.85,76.53,5.9,911.44,0.0,60.4,No/Low Need,High
597,F,Maize,Maturity,22.37,111.74,46.53,25.69,6.95,26.84,54.47,47.1,12.85,350.54,16.36,53.09,Moderate Need,Moderate
598,E,Wheat,Maturity,32.67,87.98,19.85,26.72,6.49,32.15,80.79,5.2,11.99,515.58,22.67,63.61,Moderate Need,High
599,C,Maize,Vegetative,15.69,101.1,25.38,93.1,7.07,29.4,62.38,39.43,15.05,426.62,26.17,54.19,High Need,Moderate
600,C,Rice,Seedling,28.2,30.9,43.74,70.12,7.34,20.11,79.19,79.42,19.53,635.35,4.51,74.18,No/Low Need,High
601,A,Tomato,Vegetative,58.11,45.07,12.97,56.89,5.78,39.86,44.35,30.99,10.06,264.77,17.46,79.3,Moderate Need,High
602,D,Wheat,Maturity,65.1,109.45,42.38,30.56,6.07,34.56,51.17,47.51,4.85,320.95,3.5,53.9,No/Low Need,Moderate
603,D,Wheat,Flowering,25.29,91.51,39.33,93.22,5.78,27.63,40.99,8.53,20.2,829.95,40.95,56.83,High Need,Moderate
604,E,Maize,Vegetative,39.81,83.96,64.55,52.1,6.38,31.6,86.91,11.29,8.98,789.64,27.59,55.74,High Need,Moderate
605,A,Maize,Seedling,40.22,86.38,34.85,46.53,7.5,19.93,52.78,69.97,7.89,770.81,4.97,61.5,No/Low Need,High
606,C,Rice,Vegetative,64.41,61.42,78.78,85.23,6.1,28.9,76.67,24.03,19.34,755.28,16.44,57.54,Moderate Need,Moderate
607,D,Maize,Vegetative,57.77,24.46,22.65,75.9,6.17,38.48,84.21,24.44,23.42,490.52,17.16,80.31,Moderate Need,High
608,A,Rice,Maturity,42.78,98.44,51.37,56.24,7.44,37.73,89.09,30.98,22.96,719.56,24.37,54.76,Moderate Need,Moderate
609,D,Maize,Flowering,52.24,87.87,16.28,84.15,6.54,25.42,41.38,77.32,4.3,429.12,0.0,60.51,No/Low Need,High
610,F,Tomato,Vegetative,62.84,67.28,61.37,47.12,6.59,29.69,88.58,6.75,13.08,185.6,10.31,62.13,No/Low Need,High
611,D,Tomato,Flowering,12.57,109.98,79.63,99.48,7.44,33.34,46.84,65.5,3.23,434.37,28.62,43.8,High Need,Moderate
612,C,Maize,Seedling,36.17,53.62,67.34,42.93,6.48,25.48,79.21,27.32,24.06,234.86,10.54,62.65,No/Low Need,High
613,B,Wheat,Maturity,66.43,49.43,48.9,35.88,6.97,19.43,78.73,67.96,6.17,432.22,0.0,71.45,No/Low Need,High
614,E,Rice,Vegetative,56.42,107.28,43.93,98.24,5.42,29.12,35.51,79.34,5.74,352.81,0.0,50.29,No/Low Need,Moderate
615,E,Tomato,Vegetative,44.57,99.7,68.45,90.79,5.66,31.24,48.24,27.89,22.33,609.29,26.05,48.24,High Need,Moderate
616,C,Rice,Vegetative,43.78,71.5,75.52,38.26,6.25,18.13,64.51,10.35,24.23,407.31,20.72,59.94,Moderate Need,Moderate
617,D,Wheat,Flowering,32.87,33.07,79.24,31.62,6.49,20.1,60.2,11.55,17.74,699.75,27.77,72.9,High Need,High
618,A,Rice,Flowering,43.23,41.51,37.76,103.84,7.71,22.56,90.11,60.7,3.9,535.32,2.27,73.8,No/Low Need,High
619,D,Rice,Flowering,51.32,85.62,79.36,97.66,7.72,25.66,56.58,11.59,12.66,881.57,34.2,52.98,High Need,Moderate
620,C,Maize,Vegetative,37.1,58.5,20.91,52.73,7.41,29.9,91.22,20.83,20.6,177.37,16.39,74.83,Moderate Need,High
621,E,Rice,Vegetative,54.85,103.65,27.75,85.82,6.02,24.46,62.57,16.35,14.74,684.55,21.29,53.46,Moderate Need,Moderate
622,D,Maize,Seedling,63.67,115.0,16.23,32.42,7.71,24.08,92.86,28.45,4.18,671.54,3.72,58.23,No/Low Need,Moderate
623,E,Rice,Flowering,21.28,100.56,29.02,70.7,6.99,37.13,79.24,5.95,5.13,908.03,58.41,57.57,High Need,Moderate
624,A,Rice,Seedling,39.09,57.75,63.76,21.87,6.22,21.19,84.76,68.54,21.74,415.82,0.77,65.54,No/Low Need,High
625,E,Wheat,Flowering,36.48,98.87,69.7,59.16,7.02,28.9,41.29,68.81,13.65,359.62,10.08,52.3,No/Low Need,Moderate
626,E,Rice,Maturity,53.25,55.14,64.52,27.48,5.24,38.96,70.17,33.03,17.94,246.53,14.51,70.98,Moderate Need,High
627,B,Rice,Maturity,26.99,36.71,54.17,67.51,5.58,31.75,43.56,48.97,9.95,325.5,20.49,72.58,Moderate Need,High
628,B,Maize,Vegetative,50.42,23.34,45.98,62.17,7.36,33.78,52.86,51.36,13.78,526.61,12.93,80.23,Moderate Need,High
629,F,Rice,Vegetative,64.65,58.57,59.61,64.44,6.88,27.49,72.41,59.94,24.45,812.06,4.71,64.32,No/Low Need,High
630,B,Tomato,Seedling,37.09,110.36,37.36,24.53,6.15,18.44,78.57,41.66,8.91,341.64,5.12,53.42,No/Low Need,Moderate
631,E,Rice,Flowering,66.66,43.9,68.89,56.16,6.5,32.21,37.35,40.83,17.19,234.08,8.58,68.31,No/Low Need,High
632,C,Rice,Maturity,71.59,40.65,57.4,95.65,7.55,31.9,66.86,50.5,5.14,331.31,0.0,67.88,No/Low Need,High
633,E,Maize,Vegetative,18.37,116.98,58.85,56.89,6.84,20.43,68.92,56.24,3.92,185.79,9.56,46.51,No/Low Need,Moderate
634,C,Rice,Vegetative,25.98,22.5,47.52,91.52,6.24,28.17,39.73,27.74,19.81,887.69,41.75,74.3,High Need,High
635,C,Rice,Maturity,69.02,98.58,71.97,56.95,5.51,38.14,65.04,26.43,21.26,841.73,19.39,51.13,Moderate Need,Moderate
636,B,Wheat,Maturity,69.5,52.14,27.64,62.32,5.96,22.51,77.83,21.58,17.04,362.22,1.92,71.52,No/Low Need,High
637,D,Rice,Vegetative,17.86,23.75,36.68,76.39,7.74,28.14,38.19,43.91,4.8,309.94,28.02,81.59,High Need,High
638,A,Tomato,Flowering,12.9,111.78,64.43,115.07,6.34,28.14,80.62,28.81,6.77,869.59,42.33,40.96,High Need,Moderate
639,B,Rice,Vegetative,21.67,33.96,44.49,30.89,6.43,35.84,69.59,43.23,22.87,101.51,25.32,77.7,High Need,High
640,B,Tomato,Seedling,71.76,75.18,72.24,23.29,6.5,36.14,84.99,32.48,7.93,610.49,5.96,57.14,No/Low Need,Moderate
641,D,Tomato,Maturity,22.8,47.41,34.25,80.8,7.5,34.7,48.08,66.94,20.65,878.6,25.15,71.47,High Need,High
642,A,Wheat,Maturity,42.15,26.52,35.85,114.91,6.77,26.04,85.0,5.85,7.86,532.27,16.4,70.85,Moderate Need,High
643,E,Potato,Flowering,62.91,24.99,72.21,118.97,7.0,19.58,40.67,45.78,23.55,102.52,0.0,68.23,No/Low Need,High
644,F,Wheat,Seedling,13.22,31.56,42.51,68.42,6.21,25.69,59.23,46.05,22.95,286.04,14.01,72.2,Moderate Need,High
645,F,Potato,Maturity,48.27,27.14,46.13,66.81,5.28,32.96,46.97,30.7,2.04,884.08,21.84,78.37,Moderate Need,High
646,E,Rice,Vegetative,28.62,96.06,33.29,84.5,7.62,33.46,87.56,33.68,19.49,114.47,20.92,57.61,Moderate Need,Moderate
647,B,Maize,Vegetative,63.74,68.56,29.37,75.56,7.67,39.23,77.3,64.01,5.07,435.56,1.37,68.39,No/Low Need,High
648,A,Wheat,Flowering,29.01,54.29,55.92,83.41,7.67,27.98,36.52,22.45,6.17,771.28,33.4,68.73,High Need,High
649,B,Wheat,Seedling,53.21,61.84,18.39,107.4,7.65,31.91,35.57,69.71,12.04,812.38,7.19,65.61,No/Low Need,High
650,C,Maize,Flowering,52.45,112.89,71.55,94.63,7.32,29.86,52.47,71.71,14.83,505.97,4.21,44.42,No/Low Need,Moderate
651,B,Maize,Flowering,25.29,111.08,64.54,69.69,6.98,21.31,43.6,52.05,8.82,297.61,15.64,47.89,Moderate Need,Moderate
652,B,Rice,Vegetative,14.09,91.57,23.35,66.19,7.4,28.15,72.82,61.83,14.81,609.75,25.09,62.15,High Need,High
653,E,Rice,Vegetative,36.55,108.47,58.58,83.96,6.76,29.99,74.83,49.04,5.1,324.21,12.99,45.71,Moderate Need,Moderate
654,E,Maize,Vegetative,29.35,51.96,52.18,65.57,5.55,38.92,91.52,42.02,1.54,316.97,18.4,69.91,Moderate Need,High
655,E,Maize,Seedling,60.54,58.11,22.92,65.78,6.22,26.06,92.12,77.33,14.71,786.46,0.0,67.51,No/Low Need,High
656,F,Potato,Flowering,60.02,81.37,29.12,21.63,7.73,39.56,74.53,22.61,13.42,231.13,16.46,72.54,Moderate Need,High
657,C,Tomato,Maturity,39.42,82.36,38.63,37.41,6.11,29.93,35.34,12.33,17.55,104.69,21.78,62.26,Moderate Need,High
658,E,Potato,Seedling,48.39,68.17,58.95,68.85,7.46,23.33,56.54,23.0,16.6,386.26,10.49,60.15,No/Low Need,High
659,A,Maize,Seedling,48.26,60.07,54.71,102.27,5.44,22.22,65.79,49.17,22.54,517.33,5.12,59.9,No/Low Need,Moderate
660,F,Rice,Flowering,61.63,118.62,47.26,47.87,6.07,21.12,64.95,14.81,12.03,699.32,18.2,51.01,Moderate Need,Moderate
661,D,Rice,Maturity,37.5,102.11,63.79,72.26,6.11,27.96,71.2,72.71,1.2,763.95,9.03,47.23,No/Low Need,Moderate
662,A,Tomato,Vegetative,28.53,63.5,63.06,54.5,5.33,18.48,92.63,32.88,16.14,663.99,18.45,66.47,Moderate Need,High
663,A,Maize,Vegetative,27.9,92.73,53.25,30.48,5.51,27.79,88.11,68.0,17.2,632.53,11.8,61.04,No/Low Need,High
664,E,Rice,Flowering,44.17,46.96,65.09,115.83,5.7,39.74,41.53,19.94,13.52,665.89,43.72,64.06,High Need,High
665,D,Wheat,Vegetative,38.95,30.02,33.4,105.47,7.38,32.74,50.96,25.05,17.54,330.8,20.46,75.25,Moderate Need,High
666,D,Potato,Seedling,38.41,55.24,71.69,27.85,5.36,34.72,84.99,4.74,8.77,425.01,19.55,67.64,Moderate Need,High
667,F,Wheat,Flowering,17.47,60.3,53.04,91.98,5.98,20.62,84.46,20.62,4.57,623.97,26.39,63.7,High Need,High
668,D,Wheat,Flowering,55.12,21.65,67.57,54.76,5.23,28.41,51.52,39.23,16.95,155.74,6.78,80.92,No/Low Need,High
669,C,Wheat,Flowering,24.82,101.48,48.24,119.48,7.01,24.3,78.84,75.69,6.88,351.03,4.89,48.05,No/Low Need,Moderate
670,E,Rice,Flowering,23.82,55.92,25.29,50.24,6.81,37.67,75.32,31.11,11.95,445.46,38.94,74.26,High Need,High
671,D,Wheat,Flowering,36.77,78.04,47.97,43.87,6.88,21.99,63.41,51.18,12.8,553.42,11.66,64.15,No/Low Need,High
672,F,Wheat,Vegetative,25.67,27.4,35.98,76.79,6.17,28.09,47.09,34.22,12.45,513.51,23.13,76.86,Moderate Need,High
673,C,Rice,Vegetative,47.03,37.5,58.82,103.51,5.74,30.94,88.32,3.74,15.36,710.41,30.88,68.03,High Need,High
674,B,Tomato,Seedling,34.29,108.97,43.31,39.25,7.07,29.31,75.67,40.28,1.71,502.41,12.52,51.9,Moderate Need,Moderate
675,B,Wheat,Seedling,38.93,80.87,68.53,90.94,7.31,36.27,45.14,5.27,24.75,868.51,25.26,51.11,High Need,Moderate
676,C,Tomato,Flowering,44.23,115.03,57.47,26.14,5.56,23.09,77.29,70.7,18.19,423.27,0.0,54.97,No/Low Need,Moderate
677,F,Tomato,Maturity,24.21,119.88,57.92,111.89,6.47,26.3,79.49,60.24,11.21,546.57,13.1,36.41,Moderate Need,Moderate
678,C,Rice,Maturity,21.35,57.19,25.2,28.11,5.85,35.43,88.21,30.29,5.59,102.73,21.37,74.89,Moderate Need,High
679,E,Maize,Flowering,64.83,49.88,78.9,111.42,5.64,29.62,48.37,51.22,2.92,363.91,1.89,61.41,No/Low Need,High
680,E,Wheat,Vegetative,38.02,105.84,68.92,69.08,7.11,26.85,94.33,8.96,17.13,836.59,24.35,47.88,Moderate Need,Moderate
681,B,Tomato,Seedling,36.73,119.86,65.23,64.81,6.6,18.65,44.2,56.2,8.61,383.54,5.61,39.53,No/Low Need,Moderate
682,D,Rice,Maturity,14.14,82.96,33.12,117.33,5.76,34.57,71.04,65.82,6.51,315.21,18.55,54.87,Moderate Need,Moderate
683,F,Maize,Flowering,41.88,99.51,47.49,119.04,6.01,39.39,74.43,65.74,10.12,562.01,14.79,48.78,Moderate Need,Moderate
684,B,Maize,Flowering,45.25,98.17,19.6,85.02,7.71,31.65,60.14,22.74,15.23,166.92,18.85,61.2,Moderate Need,High
685,D,Rice,Flowering,45.53,55.53,47.69,32.71,7.41,36.84,63.5,21.1,17.12,551.86,34.75,74.86,High Need,High
686,D,Rice,Flowering,54.42,77.43,20.21,70.62,7.49,29.37,88.45,41.71,16.48,358.12,7.16,68.57,No/Low Need,High
687,E,Maize,Maturity,22.65,103.31,48.71,72.92,6.4,23.1,73.72,77.42,21.72,425.64,6.52,48.32,No/Low Need,Moderate
688,A,Maize,Seedling,27.13,88.81,55.41,71.44,6.82,18.32,64.82,73.64,6.25,772.66,6.32,51.31,No/Low Need,Moderate
689,A,Rice,Flowering,60.64,22.12,37.31,76.95,6.18,32.37,42.7,28.77,16.28,662.67,25.04,79.75,High Need,High
690,C,Maize,Maturity,68.83,53.67,44.9,21.87,5.4,28.85,35.44,62.39,3.43,479.19,0.0,75.02,No/Low Need,High
691,E,Wheat,Vegetative,20.16,34.45,71.3,91.12,6.24,35.21,42.5,73.71,14.15,590.89,19.77,66.25,Moderate Need,High
692,D,Maize,Flowering,41.86,43.3,17.6,91.24,6.74,33.28,92.37,20.87,15.02,751.83,27.78,74.49,High Need,High
693,F,Rice,Vegetative,24.85,110.55,65.42,31.55,5.95,39.73,80.85,66.42,6.19,733.92,25.7,51.26,High Need,Moderate
694,A,Tomato,Maturity,15.6,23.69,21.95,77.02,7.4,29.23,93.03,21.43,10.4,257.52,23.22,81.33,Moderate Need,High
695,D,Rice,Seedling,31.53,41.98,12.57,76.84,5.59,27.4,37.14,27.46,20.85,355.78,20.63,75.72,Moderate Need,High
696,A,Wheat,Flowering,20.62,50.96,22.99,88.25,6.15,24.31,75.81,15.91,4.56,396.0,26.12,71.86,High Need,High
697,A,Rice,Vegetative,54.6,81.69,63.55,28.54,5.52,28.49,37.66,40.57,11.43,259.41,10.9,62.92,No/Low Need,High
698,A,Rice,Flowering,44.02,73.41,38.36,82.65,6.25,37.2,81.92,67.46,23.39,110.34,5.38,62.19,No/Low Need,High
699,F,Wheat,Vegetative,20.63,41.83,71.08,48.08,5.3,18.93,57.86,42.24,13.1,247.87,13.64,72.85,Moderate Need,High
700,E,Rice,Vegetative,12.55,36.42,46.73,70.7,5.91,39.51,40.75,9.88,18.4,787.01,60.0,73.81,High Need,High
701,F,Tomato,Vegetative,60.49,43.68,11.56,97.33,6.24,39.85,69.08,20.14,20.84,564.03,22.8,73.3,Moderate Need,High
702,B,Rice,Maturity,22.57,70.25,60.17,90.56,6.44,31.15,51.81,45.03,5.89,390.41,22.82,54.56,Moderate Need,Moderate
703,D,Wheat,Vegetative,48.37,47.12,17.72,31.89,6.61,25.29,74.57,46.65,6.24,617.09,7.68,78.35,No/Low Need,High
704,E,Rice,Seedling,32.22,114.76,65.26,79.12,5.91,22.91,74.49,46.15,19.21,728.86,14.4,41.4,Moderate Need,Moderate
705,E,Rice,Flowering,47.13,66.39,21.77,116.91,6.56,24.08,77.3,6.16,19.08,401.26,25.19,62.55,High Need,High
706,E,Rice,Flowering,30.94,25.88,34.18,35.68,6.52,19.1,94.55,60.3,2.44,496.16,5.19,82.86,No/Low Need,High
707,E,Wheat,Maturity,17.22,92.93,63.29,105.29,6.02,28.45,58.2,72.75,8.74,154.58,8.26,46.66,No/Low Need,Moderate
708,F,Wheat,Seedling,25.38,52.88,76.8,90.25,7.36,19.26,62.92,40.84,10.56,607.53,11.53,58.86,No/Low Need,Moderate
709,E,Wheat,Flowering,23.28,85.35,36.0,97.4,6.62,33.81,83.28,57.51,20.9,402.95,18.33,56.5,Moderate Need,Moderate
710,C,Wheat,Vegetative,37.68,47.96,68.06,48.2,6.06,26.18,69.7,73.12,11.12,468.5,3.97,68.38,No/Low Need,High
711,D,Maize,Vegetative,51.5,77.07,23.36,48.79,7.66,22.39,37.24,51.41,23.22,459.21,8.0,69.92,No/Low Need,High
712,E,Rice,Flowering,27.83,97.22,66.5,110.6,7.4,29.99,85.58,53.95,24.92,637.55,25.4,48.75,High Need,Moderate
713,D,Wheat,Flowering,12.72,112.8,56.02,55.98,7.75,39.42,38.09,57.71,19.74,586.6,34.39,53.6,High Need,Moderate
714,C,Potato,Flowering,43.14,46.11,23.49,26.3,7.0,33.29,45.25,20.84,16.99,458.79,30.3,81.36,High Need,High
715,C,Wheat,Vegetative,48.35,53.49,31.18,80.06,6.18,28.82,41.12,46.61,10.41,114.41,6.65,68.94,No/Low Need,High
716,D,Maize,Vegetative,69.77,66.43,19.22,32.48,5.93,35.09,39.68,67.37,2.61,627.82,2.7,73.67,No/Low Need,High
717,A,Rice,Vegetative,47.37,112.72,36.81,99.66,6.92,34.22,36.54,23.69,14.76,847.64,35.55,47.02,High Need,Moderate
718,B,Tomato,Maturity,40.27,110.14,24.26,84.17,7.75,37.62,38.3,71.77,9.68,754.12,16.76,53.79,Moderate Need,Moderate
719,A,Tomato,Vegetative,46.4,28.99,55.08,107.47,6.83,22.5,61.55,49.63,9.42,934.37,14.93,69.23,Moderate Need,High
720,A,Wheat,Vegetative,67.67,33.19,79.62,98.48,7.49,36.9,50.17,33.85,17.51,218.21,7.85,67.19,No/Low Need,High
721,F,Potato,Vegetative,61.7,69.55,10.84,31.21,6.06,24.62,42.59,49.85,12.13,289.14,1.17,73.81,No/Low Need,High
722,A,Rice,Flowering,31.38,30.66,47.86,58.11,6.26,38.7,74.52,32.15,19.05,558.38,38.36,77.06,High Need,High
723,E,Rice,Vegetative,26.24,54.56,50.16,97.46,7.56,24.18,48.57,67.04,10.56,300.5,11.88,66.06,No/Low Need,High
724,F,Tomato,Maturity,27.76,34.84,73.99,61.73,7.17,38.39,36.14,38.59,4.62,129.37,22.39,69.31,Moderate Need,High
725,F,Tomato,Vegetative,42.27,83.6,45.42,117.24,7.75,39.2,60.11,72.1,12.07,441.95,11.88,56.0,No/Low Need,Moderate
726,C,Rice,Maturity,56.64,114.95,48.06,93.57,7.21,21.2,53.63,40.78,23.82,344.5,4.85,44.68,No/Low Need,Moderate
727,A,Rice,Seedling,42.19,119.67,43.02,21.55,6.37,39.44,54.12,52.83,20.24,324.2,13.87,48.9,Moderate Need,Moderate
728,C,Rice,Flowering,16.07,57.52,28.82,108.0,6.58,19.89,61.72,79.82,5.94,910.2,20.82,65.27,Moderate Need,High
729,D,Rice,Maturity,55.41,79.9,13.92,30.08,7.54,22.81,75.13,11.76,10.39,302.69,10.52,70.98,No/Low Need,High
730,B,Tomato,Vegetative,60.36,105.63,38.61,34.05,6.63,27.77,71.99,58.94,23.27,210.02,0.0,55.68,No/Low Need,Moderate
731,F,Wheat,Maturity,29.37,31.75,13.68,93.45,5.86,39.86,91.24,11.11,3.97,206.52,20.5,77.22,Moderate Need,High
732,D,Rice,Vegetative,51.85,88.96,48.53,106.5,6.33,28.75,66.06,67.11,7.09,785.38,7.76,50.7,No/Low Need,Moderate
733,D,Wheat,Maturity,37.6,60.88,31.51,73.63,6.54,30.11,63.35,47.72,7.29,707.62,13.92,64.67,Moderate Need,High
734,E,Rice,Flowering,65.35,40.61,47.35,48.9,5.45,33.28,47.8,75.05,14.7,210.06,0.0,78.31,No/Low Need,High
735,B,Rice,Vegetative,62.71,60.28,19.4,55.13,7.13,39.3,80.32,69.28,10.86,286.79,0.0,73.12,No/Low Need,High
736,D,Maize,Vegetative,43.53,27.6,75.28,54.29,5.48,35.23,43.45,5.99,2.92,735.24,33.4,75.18,High Need,High
737,D,Potato,Vegetative,53.49,89.54,72.62,52.67,6.25,22.93,64.47,10.98,16.1,333.42,14.41,52.96,Moderate Need,Moderate
738,B,Tomato,Seedling,65.0,45.27,23.3,44.29,7.29,24.67,60.28,48.09,3.38,934.31,5.36,76.16,No/Low Need,High
739,B,Rice,Seedling,41.74,51.14,34.04,80.89,6.42,20.15,74.5,41.47,15.55,559.48,8.5,65.12,No/Low Need,High
740,D,Tomato,Seedling,30.8,32.11,52.94,110.04,7.39,32.18,90.06,13.49,13.17,263.21,17.84,67.55,Moderate Need,High
741,B,Tomato,Vegetative,57.22,106.47,16.7,50.71,6.09,21.98,91.8,10.35,12.85,829.99,17.24,58.48,Moderate Need,Moderate
742,D,Tomato,Flowering,25.2,69.34,34.82,38.67,7.69,23.66,45.07,45.12,2.62,371.55,21.91,73.16,Moderate Need,High
743,D,Wheat,Seedling,35.31,77.21,27.58,103.86,5.74,37.54,50.71,3.91,16.34,345.49,21.03,57.91,Moderate Need,Moderate
744,E,Wheat,Seedling,63.94,76.94,74.09,94.18,5.3,25.19,83.7,69.9,11.35,378.33,0.0,52.54,No/Low Need,Moderate
745,A,Rice,Flowering,55.47,61.05,69.68,113.08,7.47,30.47,66.1,64.57,10.87,752.97,9.02,59.73,No/Low Need,Moderate
746,D,Rice,Vegetative,36.23,39.25,50.59,36.55,7.16,26.75,62.18,62.83,15.31,247.23,7.71,76.59,No/Low Need,High
747,C,Rice,Seedling,24.88,94.51,46.42,34.43,5.8,19.63,77.64,1.28,15.55,424.52,22.32,57.07,Moderate Need,Moderate
748,F,Rice,Vegetative,33.36,32.71,75.15,74.14,7.76,25.98,71.12,3.81,1.36,126.21,24.76,72.15,Moderate Need,High
749,A,Wheat,Maturity,29.05,30.39,75.27,81.44,6.51,26.98,93.24,43.99,4.01,802.63,14.3,65.49,Moderate Need,High
750,A,Maize,Maturity,22.57,91.01,77.85,68.02,7.67,37.71,70.04,79.55,6.68,389.61,11.48,51.88,No/Low Need,Moderate
751,A,Wheat,Vegetative,56.6,40.88,18.78,79.9,6.51,25.14,62.96,27.39,17.27,310.95,7.81,73.99,No/Low Need,High
752,E,Rice,Flowering,27.12,50.68,21.24,38.04,6.43,26.34,67.57,27.55,14.84,592.91,34.64,77.17,High Need,High
753,D,Potato,Flowering,39.25,67.52,57.37,67.96,6.37,35.22,83.51,10.74,19.18,699.24,36.28,61.93,High Need,High
754,E,Potato,Flowering,35.15,64.94,47.9,85.81,6.07,34.7,71.76,53.95,18.77,790.96,25.68,63.52,High Need,High
755,D,Tomato,Flowering,70.92,90.86,11.29,63.27,6.59,35.56,73.82,51.73,21.48,395.62,1.87,63.16,No/Low Need,High
756,E,Potato,Flowering,35.47,82.34,14.34,87.94,6.38,38.98,93.29,8.11,10.04,790.46,40.78,62.5,High Need,High
757,E,Wheat,Vegetative,16.8,84.44,72.17,65.12,5.3,35.5,72.1,37.39,9.28,495.15,26.06,56.97,High Need,Moderate
758,F,Potato,Seedling,17.39,91.41,70.82,53.36,5.88,26.97,57.82,53.37,20.94,185.97,12.84,51.08,Moderate Need,Moderate
759,C,Rice,Vegetative,47.45,49.26,35.01,50.36,5.75,36.07,76.48,39.48,6.7,819.36,23.82,74.89,Moderate Need,High
760,E,Wheat,Maturity,47.96,52.23,72.37,61.09,7.46,29.19,74.57,53.95,12.07,565.49,6.48,65.27,No/Low Need,High
761,F,Rice,Flowering,37.13,63.8,51.56,22.31,6.76,24.11,35.83,65.3,5.66,612.1,15.9,70.17,Moderate Need,High
762,B,Rice,Maturity,37.91,50.75,66.41,86.85,7.19,24.66,63.04,54.87,22.93,896.87,17.71,62.64,Moderate Need,High
763,C,Rice,Maturity,15.24,118.49,39.92,104.51,7.69,22.92,79.57,49.29,10.79,575.28,19.97,45.62,Moderate Need,Moderate
764,E,Maize,Vegetative,42.99,101.41,17.94,55.46,6.87,21.19,64.94,68.29,6.1,104.75,0.0,59.14,No/Low Need,Moderate
765,A,Tomato,Flowering,42.28,36.47,40.36,24.6,7.75,22.06,81.78,72.05,17.61,840.02,6.71,84.61,No/Low Need,High
766,B,Maize,Flowering,20.97,20.56,42.01,118.68,6.01,19.39,62.05,31.11,6.87,342.04,21.73,75.08,Moderate Need,High
767,B,Rice,Maturity,18.23,24.28,48.57,46.37,5.68,37.55,94.0,13.86,23.64,526.5,36.54,79.7,High Need,High
768,F,Tomato,Maturity,19.41,44.41,17.39,32.66,6.25,38.48,52.57,65.43,9.82,274.15,18.86,78.24,Moderate Need,High
769,B,Maize,Flowering,18.06,31.43,79.4,56.98,6.42,30.91,40.53,17.1,16.95,352.44,39.56,70.63,High Need,High
770,C,Wheat,Vegetative,48.58,73.33,27.09,93.86,7.53,36.49,60.8,74.32,9.29,683.65,8.33,64.52,No/Low Need,High
771,E,Maize,Flowering,23.79,105.8,23.9,49.39,6.66,22.04,67.5,1.83,20.37,465.14,35.07,58.06,High Need,Moderate
772,E,Rice,Seedling,27.09,93.68,46.88,77.47,5.96,37.84,55.95,73.7,22.53,633.06,17.1,51.45,Moderate Need,Moderate
773,A,Rice,Flowering,22.41,41.56,47.6,61.56,7.13,29.14,49.54,47.13,19.91,800.04,39.36,74.77,High Need,High
774,F,Potato,Maturity,69.47,59.93,40.79,31.78,6.52,19.48,75.32,61.98,21.36,389.7,0.0,68.25,No/Low Need,High
775,A,Rice,Vegetative,63.28,70.79,64.03,53.03,5.62,21.11,57.63,31.88,3.45,583.09,6.77,62.98,No/Low Need,High
776,B,Wheat,Flowering,25.83,101.02,46.17,92.49,6.7,24.8,72.88,79.34,23.18,760.95,12.4,50.56,Moderate Need,Moderate
777,A,Tomato,Vegetative,31.65,103.91,52.68,81.2,7.57,18.96,81.74,18.2,15.98,707.85,24.29,51.8,Moderate Need,Moderate
778,C,Maize,Vegetative,24.59,110.97,60.66,31.98,7.39,24.8,80.66,21.15,21.86,558.87,25.86,53.29,High Need,Moderate
779,E,Rice,Vegetative,41.51,70.92,11.75,36.33,6.73,19.32,57.52,4.11,17.43,425.88,25.43,71.75,High Need,High
780,B,Rice,Flowering,13.18,89.43,49.95,84.07,6.18,23.19,69.07,75.24,5.84,446.38,16.06,55.08,Moderate Need,Moderate
781,A,Rice,Maturity,52.28,31.18,71.89,101.34,5.43,23.84,61.98,36.48,15.63,468.16,9.55,67.7,No/Low Need,High
782,F,Maize,Maturity,43.39,76.53,11.22,54.95,6.42,39.88,87.25,53.99,3.18,396.52,9.61,65.72,No/Low Need,High
783,C,Wheat,Vegetative,65.92,44.87,38.36,79.53,7.16,23.18,87.73,55.0,17.7,694.21,0.0,71.83,No/Low Need,High
784,C,Rice,Maturity,21.86,63.17,74.84,37.06,6.14,23.26,55.62,69.96,10.82,206.6,8.29,61.81,No/Low Need,High
785,A,Potato,Flowering,60.25,83.41,34.72,51.14,5.81,33.11,40.5,53.19,4.64,922.34,17.37,65.18,Moderate Need,High
786,E,Wheat,Vegetative,59.52,45.7,42.11,22.03,7.62,36.91,45.05,44.96,24.5,762.14,16.46,79.63,Moderate Need,High
787,A,Rice,Seedling,19.63,25.22,78.71,96.83,7.34,26.52,57.02,56.83,22.63,353.44,15.13,66.5,Moderate Need,High
788,B,Wheat,Vegetative,35.91,21.02,23.95,60.1,6.86,37.26,68.85,60.08,22.45,136.17,10.27,83.19,No/Low Need,High
789,A,Maize,Maturity,22.21,22.22,14.57,101.61,5.56,25.48,74.41,14.87,19.93,704.61,27.08,80.33,High Need,High
790,C,Rice,Flowering,27.28,20.83,70.16,90.84,5.58,22.33,54.88,8.77,17.61,724.21,44.48,74.98,High Need,High
791,A,Rice,Flowering,27.79,31.04,70.79,102.87,5.47,25.25,75.05,5.99,16.72,919.08,48.12,70.6,High Need,High
792,E,Tomato,Vegetative,45.37,43.95,43.05,48.57,6.8,31.41,91.26,29.92,3.55,315.65,12.52,73.56,Moderate Need,High
793,F,Wheat,Flowering,36.68,42.12,45.99,38.51,5.5,26.08,74.12,39.84,22.61,170.32,11.29,79.12,No/Low Need,High
794,D,Wheat,Seedling,68.86,118.68,68.51,117.19,7.39,32.8,44.51,49.25,22.15,877.86,7.8,36.19,No/Low Need,Moderate
795,A,Wheat,Vegetative,19.58,50.6,61.7,91.73,7.78,23.21,69.78,76.64,18.95,319.85,7.08,66.81,No/Low Need,High
796,E,Rice,Flowering,70.42,32.74,28.56,103.4,6.15,33.42,67.51,26.46,23.26,713.3,19.03,74.87,Moderate Need,High
797,E,Rice,Seedling,25.84,74.56,11.18,21.31,6.38,25.64,87.24,60.87,14.27,151.56,5.22,69.05,No/Low Need,High
798,F,Wheat,Maturity,58.37,105.8,43.58,55.45,7.05,28.03,56.02,42.51,11.74,746.5,9.02,52.35,No/Low Need,Moderate
799,C,Rice,Vegetative,32.34,87.81,70.12,94.28,7.64,30.27,60.38,17.61,24.23,207.97,28.9,52.53,High Need,Moderate
800,E,Rice,Flowering,20.58,49.61,72.71,27.8,7.52,33.1,70.92,49.22,12.14,691.25,35.7,73.28,High Need,High
801,E,Tomato,Vegetative,63.47,76.16,76.94,76.73,5.35,23.25,66.47,77.37,16.39,552.49,0.0,57.17,No/Low Need,Moderate
802,E,Potato,Flowering,30.53,91.49,71.57,62.91,5.64,36.39,78.14,9.94,9.95,912.16,45.29,55.23,High Need,Moderate
803,E,Tomato,Seedling,51.53,92.81,50.6,21.76,7.16,33.88,37.42,40.58,16.27,131.38,9.18,58.22,No/Low Need,Moderate
804,B,Tomato,Seedling,45.99,86.65,41.12,43.6,6.99,23.15,68.81,4.13,18.28,348.24,14.61,58.6,Moderate Need,Moderate
805,B,Rice,Maturity,40.31,107.08,64.24,48.48,5.55,39.45,42.3,25.7,15.99,159.08,24.45,50.65,Moderate Need,Moderate
806,C,Potato,Vegetative,41.75,107.01,61.79,31.19,6.51,32.63,53.91,49.65,13.35,847.32,22.15,50.93,Moderate Need,Moderate
807,A,Rice,Maturity,55.93,77.89,47.67,83.15,7.23,27.95,74.7,67.28,8.2,604.82,0.64,57.94,No/Low Need,Moderate
808,E,Potato,Maturity,17.27,62.99,16.11,44.24,5.77,21.47,44.44,58.43,16.45,554.72,17.55,73.05,Moderate Need,High
809,F,Potato,Vegetative,52.09,84.16,74.83,47.76,7.47,29.73,53.53,37.03,22.8,211.74,10.92,57.75,No/Low Need,Moderate
810,A,Maize,Vegetative,65.75,101.82,41.89,109.82,5.34,21.63,77.18,72.74,1.17,515.68,0.0,51.34,No/Low Need,Moderate
811,F,Potato,Flowering,15.47,20.57,35.43,66.71,7.23,27.45,74.05,24.22,4.21,438.9,33.15,83.46,High Need,High
812,A,Maize,Maturity,20.44,119.2,54.07,59.21,6.8,26.99,40.46,60.32,3.87,368.39,14.64,44.72,Moderate Need,Moderate
813,C,Rice,Maturity,55.0,38.29,57.17,92.39,6.02,33.84,69.64,37.92,23.16,756.36,17.79,66.79,Moderate Need,High
814,E,Wheat,Flowering,38.24,67.02,24.75,110.96,7.07,22.23,43.84,71.89,16.91,152.08,1.36,64.56,No/Low Need,High
815,E,Maize,Flowering,36.21,107.2,68.59,22.5,7.23,36.08,50.14,63.79,23.84,649.68,22.55,55.07,Moderate Need,Moderate
816,D,Rice,Seedling,20.22,42.5,30.3,64.82,7.63,25.17,62.55,72.12,14.99,799.54,14.87,74.69,Moderate Need,High
817,F,Maize,Maturity,42.41,67.68,23.07,81.08,6.16,27.77,41.56,17.14,12.08,871.21,25.17,64.32,High Need,High
818,A,Potato,Maturity,19.59,33.26,38.45,51.86,6.98,34.99,94.62,53.45,20.02,734.03,21.99,76.63,Moderate Need,High
819,A,Rice,Vegetative,40.6,59.51,61.14,97.24,6.77,31.76,44.92,59.08,4.86,340.09,13.07,59.36,Moderate Need,Moderate
820,B,Tomato,Vegetative,57.82,37.71,77.58,117.15,6.57,24.78,81.88,59.39,10.15,610.43,0.0,60.19,No/Low Need,High
821,D,Potato,Seedling,27.5,56.36,66.65,114.34,7.52,26.5,84.79,40.32,12.19,220.19,9.76,57.33,No/Low Need,Moderate
822,B,Potato,Vegetative,40.85,57.35,75.82,46.6,5.21,24.73,94.67,0.9,8.16,199.5,17.45,67.57,Moderate Need,High
823,B,Potato,Maturity,71.52,119.32,19.84,42.63,5.93,31.08,60.72,20.91,9.91,642.83,10.83,53.91,No/Low Need,Moderate
824,B,Wheat,Vegetative,53.2,119.48,14.98,115.75,6.6,25.32,87.45,25.86,2.87,823.44,12.57,45.58,Moderate Need,Moderate
825,F,Potato,Seedling,62.48,31.48,49.04,65.86,5.66,33.97,92.45,68.16,5.75,157.16,0.0,73.56,No/Low Need,High
826,F,Tomato,Vegetative,36.89,92.6,30.32,40.83,7.56,30.76,45.37,67.27,9.05,190.1,8.31,64.25,No/Low Need,High
827,C,Rice,Maturity,58.07,25.17,67.96,90.7,6.88,21.21,63.77,8.37,20.1,580.77,16.15,68.85,Moderate Need,High
828,C,Wheat,Flowering,14.43,23.02,57.04,48.44,6.44,24.83,38.6,75.99,5.38,285.48,13.44,78.29,Moderate Need,High
829,B,Maize,Vegetative,19.37,30.53,77.95,46.72,7.32,22.87,72.24,14.6,9.32,620.05,29.63,73.87,High Need,High
830,D,Rice,Vegetative,24.18,116.55,27.84,107.92,6.37,26.59,69.88,33.15,2.56,282.36,22.36,45.26,Moderate Need,Moderate
831,A,Maize,Maturity,36.12,114.09,44.0,36.25,6.65,29.35,47.25,17.21,14.37,199.01,19.18,50.32,Moderate Need,Moderate
832,F,Maize,Maturity,62.74,39.39,45.09,26.44,5.21,29.15,82.87,68.83,15.67,563.74,0.0,79.77,No/Low Need,High
833,D,Rice,Vegetative,32.78,36.17,26.74,46.92,6.15,34.6,37.24,59.95,21.77,832.87,30.57,79.38,High Need,High
834,E,Maize,Seedling,51.28,44.05,51.31,80.69,5.56,22.16,83.37,28.28,20.66,682.35,8.72,67.75,No/Low Need,High
835,F,Tomato,Seedling,54.56,71.55,41.03,32.31,6.99,38.82,36.6,54.55,7.85,795.92,14.17,64.8,Moderate Need,High
836,F,Wheat,Seedling,47.17,76.97,41.27,67.16,6.45,25.54,74.41,14.75,4.29,326.38,8.95,57.08,No/Low Need,Moderate
837,C,Rice,Flowering,33.43,42.16,35.39,82.73,5.98,24.61,39.73,30.58,4.75,853.08,37.02,73.79,High Need,High
838,A,Rice,Maturity,46.62,95.66,11.19,104.87,6.42,33.07,50.07,30.17,24.26,420.48,20.69,53.61,Moderate Need,Moderate
839,A,Wheat,Vegetative,32.54,50.96,46.55,42.99,5.75,35.72,78.31,19.03,17.16,824.58,29.66,73.16,High Need,High
840,E,Potato,Maturity,17.03,112.21,33.47,101.73,7.61,26.33,51.82,70.1,2.02,500.5,14.09,48.8,Moderate Need,Moderate
841,E,Rice,Vegetative,71.57,85.67,10.09,43.49,5.34,34.43,65.67,54.31,4.28,327.68,0.0,70.19,No/Low Need,High
842,F,Maize,Flowering,19.63,63.64,31.56,87.68,7.45,37.44,89.91,22.4,12.66,321.22,33.26,68.73,High Need,High
843,B,Rice,Flowering,16.34,98.99,29.5,63.07,6.53,34.87,37.98,19.37,5.99,582.52,54.21,57.06,High Need,Moderate
844,C,Rice,Vegetative,64.71,101.79,37.54,31.47,6.81,18.75,83.66,1.44,20.29,167.16,6.24,58.13,No/Low Need,Moderate
845,C,Tomato,Vegetative,30.11,49.05,19.23,91.43,5.99,36.2,38.92,27.73,14.76,890.55,40.82,71.91,High Need,High
846,F,Maize,Flowering,51.02,53.97,45.54,41.78,7.71,35.04,42.61,42.14,15.7,330.74,16.81,75.86,Moderate Need,High
847,D,Rice,Seedling,31.74,113.6,58.47,37.66,5.93,32.72,42.16,22.22,12.11,385.28,23.46,47.88,Moderate Need,Moderate
848,B,Wheat,Vegetative,35.49,36.47,54.11,55.83,6.73,34.72,94.65,56.04,7.15,298.31,8.29,72.81,No/Low Need,High
849,F,Rice,Flowering,27.73,24.22,66.26,85.33,7.78,39.55,45.81,32.94,15.15,102.56,35.58,76.7,High Need,High
850,B,Wheat,Maturity,32.58,65.41,41.64,43.4,7.49,27.48,88.81,25.31,18.21,688.67,17.85,68.83,Moderate Need,High
851,B,Maize,Vegetative,36.64,100.12,46.34,38.37,6.59,19.48,94.46,75.12,9.9,601.97,0.0,55.38,No/Low Need,Moderate
852,B,Rice,Maturity,55.22,97.17,66.73,21.0,7.77,28.14,58.03,21.02,13.12,788.2,20.55,57.95,Moderate Need,Moderate
853,F,Rice,Vegetative,42.69,111.95,39.94,67.16,7.02,19.02,72.86,31.86,21.15,134.86,7.64,51.01,No/Low Need,Moderate
854,C,Wheat,Flowering,68.61,73.32,59.11,62.86,5.74,24.47,81.75,30.58,4.57,889.36,7.72,62.89,No/Low Need,High
855,C,Potato,Flowering,14.51,30.01,40.42,43.39,6.25,30.91,58.56,19.3,14.09,381.25,40.11,80.41,High Need,High
856,B,Potato,Maturity,42.18,78.87,39.24,25.37,6.07,24.81,44.71,17.4,9.36,876.11,24.47,64.87,Moderate Need,High
857,D,Rice,Vegetative,47.05,97.84,63.21,62.93,6.09,33.08,61.03,24.19,17.87,191.06,19.81,51.4,Moderate Need,Moderate
858,A,Tomato,Flowering,67.21,29.33,22.24,98.82,7.18,36.08,81.31,69.14,1.45,732.33,0.31,78.97,No/Low Need,High
859,F,Wheat,Flowering,14.95,37.27,33.7,91.53,6.72,27.25,81.85,61.37,17.09,592.45,19.74,73.4,Moderate Need,High
860,A,Wheat,Vegetative,46.41,21.23,25.69,106.08,5.3,37.8,48.83,54.48,3.47,404.46,12.16,80.65,Moderate Need,High
861,D,Tomato,Seedling,63.22,79.37,35.14,20.96,7.48,19.76,45.5,36.57,2.55,167.27,0.0,66.68,No/Low Need,High
862,F,Potato,Seedling,26.52,108.67,26.13,116.64,5.97,36.48,90.23,40.62,18.39,614.03,18.35,45.65,Moderate Need,Moderate
863,B,Potato,Seedling,64.58,87.07,50.56,54.14,7.79,36.23,37.64,21.37,16.37,122.47,9.81,58.7,No/Low Need,Moderate
864,C,Maize,Maturity,13.14,118.2,65.87,119.04,7.68,25.08,79.08,5.95,22.48,526.09,29.87,39.25,High Need,Moderate
865,A,Wheat,Vegetative,55.95,26.3,65.06,45.26,7.65,24.57,37.79,26.48,13.47,613.58,14.48,79.04,Moderate Need,High
866,E,Tomato,Vegetative,67.99,110.3,35.52,67.15,7.31,24.71,85.27,39.65,13.72,722.65,3.43,53.49,No/Low Need,Moderate
867,E,Rice,Flowering,51.43,101.41,79.21,55.39,5.77,35.85,89.32,4.59,17.97,942.63,41.34,51.06,High Need,Moderate
868,D,Maize,Vegetative,38.34,51.42,51.57,55.58,6.58,36.3,52.85,7.06,8.76,321.08,29.09,67.91,High Need,High
869,B,Wheat,Flowering,14.69,117.35,37.96,104.23,5.78,25.25,39.44,21.04,1.89,374.03,31.54,47.49,High Need,Moderate
870,A,Maize,Vegetative,67.21,48.79,68.49,94.64,5.88,31.04,63.84,29.37,6.52,389.97,6.87,63.18,No/Low Need,High
871,B,Rice,Maturity,40.22,108.93,61.09,119.22,6.79,21.06,52.91,31.47,6.71,721.85,18.77,39.5,Moderate Need,Moderate
872,A,Rice,Maturity,13.74,108.07,62.45,81.35,5.31,28.31,60.03,9.43,9.06,892.05,42.89,47.67,High Need,Moderate
873,D,Potato,Maturity,53.39,95.77,23.73,66.33,7.72,39.97,74.9,18.07,23.64,928.18,26.27,60.5,High Need,High
874,D,Rice,Vegetative,40.91,76.35,42.78,29.01,7.59,21.49,47.59,20.93,20.32,903.94,31.49,68.75,High Need,High
875,E,Wheat,Flowering,19.46,32.0,70.33,119.66,6.19,38.85,56.42,5.41,23.46,847.48,49.53,65.48,High Need,High
876,B,Rice,Seedling,24.86,73.2,45.28,75.15,6.54,36.13,81.95,26.09,24.97,942.33,30.58,56.57,High Need,Moderate
877,F,Rice,Seedling,15.87,55.68,57.84,90.05,6.41,39.39,73.63,5.78,11.41,419.55,33.49,58.33,High Need,Moderate
878,E,Rice,Seedling,46.46,99.22,51.16,60.67,7.49,21.95,54.58,56.28,6.45,906.07,9.54,52.72,No/Low Need,Moderate
879,B,Rice,Flowering,49.32,95.81,68.96,74.77,6.99,22.7,74.86,30.88,14.44,746.87,19.56,51.42,Moderate Need,Moderate
880,E,Tomato,Vegetative,42.34,111.06,29.92,114.26,5.92,18.37,80.92,26.14,22.15,243.19,9.49,47.68,No/Low Need,Moderate
881,F,Rice,Flowering,61.03,21.48,50.28,36.64,6.36,33.94,70.55,10.12,12.18,138.65,17.71,81.74,Moderate Need,High
882,C,Potato,Seedling,63.66,100.91,18.63,49.24,6.32,32.17,49.37,18.12,13.13,282.31,9.66,56.17,No/Low Need,Moderate
883,C,Maize,Vegetative,48.94,113.85,58.31,35.21,7.69,21.92,35.01,18.62,4.23,761.94,21.57,53.61,Moderate Need,Moderate
884,C,Wheat,Flowering,12.77,98.93,61.24,99.22,5.66,35.41,83.17,78.82,11.09,636.94,19.82,50.27,Moderate Need,Moderate
885,C,Maize,Vegetative,53.71,33.02,13.0,26.2,5.43,24.58,84.36,66.83,10.29,290.7,0.0,88.23,No/Low Need,High
886,A,Wheat,Flowering,37.08,28.13,57.31,28.16,7.49,20.97,76.86,1.22,9.44,730.63,27.19,82.76,High Need,High
887,C,Tomato,Vegetative,45.93,22.08,39.03,49.85,7.53,27.3,39.59,49.35,22.3,220.12,10.67,84.05,No/Low Need,High
888,F,Rice,Maturity,50.94,82.87,18.69,71.42,7.47,20.0,70.11,20.47,2.42,798.57,15.58,63.93,Moderate Need,High
889,D,Wheat,Flowering,33.01,82.97,39.39,60.63,6.53,23.79,84.26,8.35,24.33,775.04,29.67,60.7,High Need,High
890,D,Tomato,Vegetative,67.03,118.69,23.6,24.48,6.92,26.17,58.38,56.45,1.2,926.69,4.75,56.51,No/Low Need,Moderate
891,A,Potato,Vegetative,20.04,59.8,39.09,115.75,6.66,36.74,46.88,10.53,23.69,227.74,38.63,60.58,High Need,High
892,C,Tomato,Flowering,52.29,53.19,36.9,115.29,5.38,35.44,70.26,35.5,14.15,870.62,26.47,68.48,High Need,High
893,C,Wheat,Maturity,12.26,82.44,61.69,47.94,6.75,27.74,84.58,50.57,17.86,389.94,15.62,56.26,Moderate Need,Moderate
894,C,Tomato,Vegetative,67.48,102.56,64.2,93.15,5.24,33.94,37.93,44.36,5.49,453.65,8.6,49.49,No/Low Need,Moderate
895,E,Wheat,Vegetative,18.75,113.68,52.49,77.86,6.04,30.51,70.82,78.21,16.7,498.18,12.68,46.67,Moderate Need,Moderate
896,B,Wheat,Maturity,17.69,100.31,11.59,43.75,7.62,25.5,73.59,62.86,22.17,632.87,14.24,63.54,Moderate Need,High
897,E,Rice,Flowering,31.98,62.67,75.17,46.22,5.99,33.97,71.14,61.94,4.35,945.55,28.64,64.41,High Need,High
898,B,Maize,Vegetative,34.41,83.49,58.04,69.12,7.64,33.04,74.0,28.45,4.05,609.96,23.86,59.1,Moderate Need,Moderate
899,C,Rice,Vegetative,24.86,105.63,12.39,61.92,5.85,31.62,72.88,0.67,8.3,887.71,48.18,59.14,High Need,Moderate
900,C,Rice,Vegetative,47.11,69.06,67.32,49.12,6.02,31.6,42.82,58.75,4.88,316.77,9.68,61.81,No/Low Need,High
901,E,Tomato,Flowering,38.57,41.67,24.02,100.75,6.83,33.03,49.1,79.98,3.66,438.65,8.89,73.07,No/Low Need,High
902,E,Rice,Vegetative,14.05,36.97,50.55,68.15,7.18,26.46,72.14,32.47,17.28,528.82,33.5,73.61,High Need,High
903,B,Rice,Maturity,31.18,20.02,42.66,85.48,6.5,37.12,36.06,78.84,6.13,374.47,13.84,74.16,Moderate Need,High
904,D,Rice,Vegetative,60.63,91.82,39.39,38.93,7.49,21.57,73.08,11.34,17.01,930.34,21.46,62.82,Moderate Need,High
905,B,Potato,Vegetative,53.38,31.11,72.28,73.35,5.3,37.45,74.92,23.72,21.69,716.83,24.14,73.03,Moderate Need,High
906,E,Wheat,Flowering,55.49,44.38,40.62,51.8,7.6,25.53,49.35,13.66,16.65,507.05,18.62,78.17,Moderate Need,High
907,F,Wheat,Maturity,53.89,49.79,15.27,72.64,5.71,20.75,70.89,38.01,3.86,738.61,6.38,74.26,No/Low Need,High
908,E,Tomato,Maturity,30.66,76.04,76.26,98.08,7.5,31.2,67.05,63.76,14.77,497.33,13.13,52.67,Moderate Need,Moderate
909,F,Tomato,Vegetative,17.98,59.8,74.44,96.89,6.24,26.27,50.64,27.25,10.45,114.64,25.75,56.88,High Need,Moderate
910,A,Rice,Flowering,28.35,87.47,57.91,55.42,7.37,35.94,62.78,72.5,9.24,561.71,21.98,59.92,Moderate Need,Moderate
911,E,Maize,Flowering,61.91,25.56,42.75,89.43,6.95,27.48,89.58,43.59,8.64,631.41,4.16,76.69,No/Low Need,High
912,A,Tomato,Vegetative,70.83,32.39,16.5,114.13,5.66,32.71,60.6,37.23,23.31,934.03,15.56,76.33,Moderate Need,High
913,D,Maize,Vegetative,41.63,69.92,65.35,82.57,7.59,24.78,72.79,62.96,18.82,134.67,0.42,60.31,No/Low Need,High
914,B,Rice,Vegetative,12.58,53.7,15.28,34.84,5.84,22.61,37.12,8.12,4.21,535.28,44.05,78.52,High Need,High
915,F,Tomato,Vegetative,20.4,49.58,14.8,87.97,5.83,26.54,39.67,61.9,12.42,183.43,16.16,73.59,Moderate Need,High
916,B,Wheat,Maturity,31.32,26.7,47.62,30.49,7.32,31.35,39.88,19.44,8.64,226.65,19.69,81.01,Moderate Need,High
917,A,Rice,Vegetative,46.72,109.57,21.21,107.21,5.48,32.45,81.69,22.47,24.47,618.89,25.69,52.33,High Need,Moderate
918,F,Wheat,Maturity,16.51,89.18,10.54,71.67,5.78,30.72,56.02,47.96,24.47,296.83,18.17,62.34,Moderate Need,High
919,B,Rice,Flowering,68.6,32.16,39.62,58.51,6.51,39.74,48.66,72.15,8.67,736.8,7.56,77.1,No/Low Need,High
920,E,Rice,Flowering,33.91,26.5,19.61,25.7,7.36,33.2,79.84,46.27,9.45,537.07,24.23,89.85,Moderate Need,High
921,C,Tomato,Flowering,66.76,117.49,21.24,58.08,5.58,38.49,45.2,51.92,15.39,285.48,7.53,56.79,No/Low Need,Moderate
922,A,Rice,Seedling,58.83,88.12,15.38,110.32,6.62,20.59,49.79,62.13,12.5,519.72,0.0,53.27,No/Low Need,Moderate
923,B,Wheat,Vegetative,57.33,61.75,24.36,22.1,7.05,19.35,60.86,20.75,6.11,100.75,2.84,75.4,No/Low Need,High
924,A,Wheat,Seedling,48.4,90.17,60.08,67.46,7.44,24.84,54.89,66.18,16.85,833.33,5.72,53.0,No/Low Need,Moderate
925,A,Rice,Flowering,49.61,95.63,66.62,113.12,7.63,21.0,70.12,33.44,9.02,110.78,3.91,49.85,No/Low Need,Moderate
926,F,Potato,Vegetative,50.28,98.0,41.68,59.48,7.24,29.57,55.27,14.05,16.69,105.96,16.33,56.96,Moderate Need,Moderate
927,F,Rice,Flowering,49.72,67.79,45.46,62.82,6.9,29.42,58.58,28.01,10.21,619.78,25.09,65.69,High Need,High
928,C,Rice,Vegetative,45.22,62.99,12.29,77.86,6.33,30.65,86.77,19.69,17.81,927.49,30.29,68.97,High Need,High
929,E,Rice,Vegetative,71.18,21.1,14.85,66.29,5.49,34.4,88.07,18.3,17.03,827.54,18.1,86.66,Moderate Need,High
930,A,Rice,Vegetative,55.94,112.66,28.03,36.86,7.05,39.37,84.66,22.61,13.21,314.22,18.3,56.68,Moderate Need,Moderate
931,B,Rice,Maturity,58.62,80.33,48.07,21.86,7.78,37.32,86.89,14.47,17.91,267.17,15.24,66.64,Moderate Need,High
932,D,Maize,Flowering,64.35,40.32,61.77,80.98,7.12,20.6,69.18,53.42,12.06,632.2,0.0,70.24,No/Low Need,High
933,A,Potato,Vegetative,24.94,111.96,52.35,112.08,5.24,25.45,73.77,46.4,3.79,799.24,22.17,46.34,Moderate Need,Moderate
934,A,Rice,Flowering,17.03,111.49,37.45,30.64,6.49,23.63,68.43,51.88,5.37,407.77,23.08,55.45,Moderate Need,Moderate
935,C,Maize,Seedling,40.97,118.92,18.28,41.1,6.8,21.89,82.14,27.5,6.9,467.5,8.7,51.92,No/Low Need,Moderate
936,E,Maize,Maturity,42.84,107.41,64.65,57.02,6.99,29.98,68.06,61.58,2.52,198.17,2.62,47.61,No/Low Need,Moderate
937,D,Tomato,Flowering,61.75,119.78,35.47,100.87,7.07,30.17,41.66,10.37,18.07,229.9,19.99,46.96,Moderate Need,Moderate
938,F,Wheat,Vegetative,38.63,44.47,61.52,46.93,6.65,23.0,83.57,45.69,9.82,583.1,9.38,69.66,No/Low Need,High
939,F,Rice,Flowering,46.25,104.22,45.91,108.21,5.78,33.66,80.64,22.04,3.24,187.26,19.23,49.78,Moderate Need,Moderate
940,B,Rice,Seedling,43.62,102.3,61.71,25.5,7.65,34.12,84.22,42.21,20.68,271.74,9.93,54.7,No/Low Need,Moderate
941,D,Maize,Maturity,14.29,43.09,73.51,114.1,7.01,18.46,46.43,25.89,17.41,299.48,21.29,59.83,Moderate Need,Moderate
942,F,Tomato,Vegetative,48.91,29.84,74.47,76.07,5.82,26.71,51.3,63.24,11.85,477.34,5.9,70.64,No/Low Need,High
943,B,Rice,Flowering,61.68,117.94,47.46,85.88,6.04,37.58,52.75,71.3,6.94,138.77,0.0,46.75,No/Low Need,Moderate
944,E,Wheat,Vegetative,21.45,49.6,45.81,56.77,7.6,29.45,65.48,59.41,4.64,524.81,16.06,73.47,Moderate Need,High
945,B,Potato,Flowering,47.66,107.09,28.6,98.2,7.51,25.65,43.03,14.05,12.0,889.37,32.91,54.34,High Need,Moderate
946,F,Tomato,Flowering,47.62,20.41,75.51,36.66,6.25,23.58,58.12,21.99,22.25,120.79,14.46,77.98,Moderate Need,High
947,C,Potato,Flowering,21.85,22.1,42.05,24.89,5.3,23.35,45.93,73.55,5.52,636.34,17.13,88.67,Moderate Need,High
948,C,Tomato,Flowering,19.41,66.59,18.93,59.55,5.33,20.19,50.89,34.98,14.65,810.47,35.39,74.32,High Need,High
949,C,Wheat,Maturity,70.8,43.87,40.29,105.37,5.94,35.98,77.38,75.29,24.08,365.59,0.0,66.8,No/Low Need,High
950,F,Maize,Seedling,35.62,88.98,18.89,95.49,6.84,19.91,86.29,31.4,16.29,211.79,6.31,55.03,No/Low Need,Moderate
951,C,Maize,Vegetative,25.65,76.56,45.18,71.72,6.72,24.43,36.37,76.14,11.56,136.84,6.67,59.64,No/Low Need,Moderate
952,D,Rice,Vegetative,22.28,27.75,49.29,77.21,6.85,19.0,68.95,74.06,18.19,647.32,12.16,74.38,Moderate Need,High
953,E,Wheat,Maturity,52.06,36.26,33.64,32.99,7.06,35.19,37.16,52.84,20.79,569.4,12.09,79.12,Moderate Need,High
954,B,Maize,Vegetative,48.57,58.8,15.02,104.07,5.25,18.86,40.11,0.71,15.17,294.9,18.89,70.99,Moderate Need,High
955,B,Rice,Flowering,50.61,38.56,76.05,98.7,5.47,24.78,77.31,32.03,21.92,806.87,21.78,67.75,Moderate Need,High
956,F,Tomato,Flowering,17.28,99.22,64.13,85.65,6.13,30.61,79.14,72.9,13.35,725.18,23.31,49.41,Moderate Need,Moderate
957,C,Maize,Vegetative,65.61,61.61,68.72,66.62,5.6,27.01,83.84,70.81,20.92,334.96,0.0,63.52,No/Low Need,High
958,C,Potato,Vegetative,35.36,29.34,35.68,116.45,5.4,24.21,63.45,14.99,23.85,740.36,29.24,74.61,High Need,High
959,A,Rice,Vegetative,30.8,68.43,63.26,107.9,6.87,24.05,86.59,31.93,13.03,308.25,17.1,55.25,Moderate Need,Moderate
960,E,Rice,Vegetative,39.74,29.08,43.98,84.44,7.32,35.55,45.01,66.84,15.52,673.98,20.48,75.93,Moderate Need,High
961,D,Maize,Vegetative,35.4,32.89,24.08,57.18,7.16,39.43,49.98,46.23,15.63,200.76,19.53,80.92,Moderate Need,High
962,B,Rice,Seedling,63.81,43.96,18.71,81.8,7.32,25.66,43.07,67.78,19.75,688.4,1.77,73.03,No/Low Need,High
963,A,Maize,Maturity,67.76,105.95,34.15,77.54,6.93,18.86,82.85,66.13,20.75,302.96,0.0,50.86,No/Low Need,Moderate
964,A,Tomato,Maturity,30.21,112.46,19.63,59.42,7.11,18.8,48.72,72.6,1.65,586.6,6.54,54.29,No/Low Need,Moderate
965,F,Rice,Vegetative,63.84,102.63,79.88,50.67,5.91,34.7,44.33,9.38,18.6,246.59,21.24,49.06,Moderate Need,Moderate
966,B,Wheat,Vegetative,58.89,53.41,13.44,60.7,7.78,30.15,72.39,11.62,19.81,717.07,18.37,78.33,Moderate Need,High
967,F,Wheat,Seedling,67.85,47.24,40.88,77.39,5.68,35.24,39.62,6.62,17.81,151.75,10.21,68.52,No/Low Need,High
968,D,Wheat,Flowering,26.75,74.92,41.65,62.81,5.76,33.34,37.69,74.82,18.13,240.61,14.03,65.45,Moderate Need,High
969,A,Potato,Maturity,46.62,92.19,31.04,46.36,5.95,37.97,41.4,38.01,1.99,256.52,15.15,60.05,Moderate Need,High
970,A,Tomato,Seedling,28.47,119.34,49.99,96.1,7.74,37.49,35.01,5.15,11.61,135.14,26.26,43.24,High Need,Moderate
971,E,Maize,Vegetative,61.45,33.16,20.5,73.15,7.77,35.34,76.82,25.72,20.64,733.26,17.76,82.0,Moderate Need,High
972,D,Maize,Flowering,12.32,24.93,64.87,26.77,7.27,28.45,68.73,28.11,23.42,933.81,43.86,81.71,High Need,High
973,A,Wheat,Flowering,45.89,89.44,33.27,56.83,6.84,24.78,47.59,64.76,6.51,761.64,9.62,61.43,No/Low Need,High
974,D,Potato,Seedling,32.35,103.22,51.39,108.49,6.55,29.15,48.98,58.84,14.9,831.54,15.35,41.9,Moderate Need,Moderate
975,B,Maize,Flowering,31.36,104.63,60.09,95.52,7.72,29.05,83.66,55.15,20.3,105.11,9.0,50.62,No/Low Need,Moderate
976,C,Maize,Vegetative,50.69,87.85,72.23,52.32,7.01,31.43,65.11,1.75,19.06,200.19,20.57,54.65,Moderate Need,Moderate
977,A,Tomato,Vegetative,63.09,115.4,68.51,113.82,7.66,22.09,76.91,72.86,15.85,575.17,0.0,41.72,No/Low Need,Moderate
978,E,Rice,Flowering,48.55,71.1,52.58,27.66,6.02,32.42,62.17,17.24,1.45,931.19,37.15,67.88,High Need,High
979,B,Tomato,Maturity,63.19,111.38,37.19,116.12,6.07,28.05,49.26,50.32,18.37,661.61,7.14,43.95,No/Low Need,Moderate
980,D,Rice,Vegetative,27.88,116.78,45.22,44.57,7.42,31.64,93.22,4.95,19.56,418.02,35.1,52.82,High Need,Moderate
981,F,Rice,Maturity,43.17,104.72,63.81,20.91,5.59,23.27,68.94,6.52,18.35,224.23,17.99,54.63,Moderate Need,Moderate
982,B,Rice,Vegetative,39.03,50.98,71.43,63.38,7.66,27.56,42.86,0.77,19.38,229.91,32.13,67.86,High Need,High
983,A,Potato,Flowering,12.7,39.62,17.26,55.9,6.52,22.62,59.37,45.27,11.34,408.34,26.16,79.09,High Need,High
984,D,Tomato,Vegetative,45.41,74.81,36.94,73.91,7.61,37.26,54.76,50.35,24.85,706.74,22.91,64.98,Moderate Need,High
985,C,Maize,Maturity,51.69,65.3,64.33,99.68,6.08,28.74,47.85,4.04,19.5,127.05,16.15,55.74,Moderate Need,Moderate
986,B,Maize,Maturity,47.51,107.78,40.22,104.24,7.06,22.95,91.01,23.24,14.89,824.35,14.13,46.5,Moderate Need,Moderate
987,A,Maize,Seedling,56.18,30.0,33.26,60.12,6.46,18.91,87.86,68.12,23.42,900.32,0.0,74.36,No/Low Need,High
988,E,Potato,Maturity,46.28,45.77,38.79,62.98,6.83,32.87,46.95,8.1,22.8,855.49,30.07,70.63,High Need,High
989,F,Wheat,Maturity,16.01,95.18,52.2,34.82,6.51,22.72,56.13,17.32,20.55,876.07,28.33,54.51,High Need,Moderate
990,D,Wheat,Flowering,18.99,29.5,79.99,24.75,7.71,39.77,80.74,33.95,14.53,113.04,26.05,79.53,High Need,High
991,B,Rice,Vegetative,47.79,52.08,44.51,84.12,7.0,29.74,47.51,67.38,13.65,931.12,16.44,67.23,Moderate Need,High
992,B,Tomato,Maturity,28.5,58.72,24.59,26.44,5.85,24.36,70.49,20.39,8.89,411.4,20.49,74.71,Moderate Need,High
993,C,Maize,Maturity,16.78,82.26,21.4,93.38,7.57,32.47,76.99,79.77,7.02,838.89,16.09,61.4,Moderate Need,High
994,C,Wheat,Vegetative,37.78,35.81,12.96,73.91,5.96,24.05,74.24,28.42,13.3,258.79,11.82,79.5,No/Low Need,High
995,E,Rice,Maturity,45.26,106.06,49.12,39.86,6.17,36.05,77.38,30.92,14.87,479.55,19.32,52.26,Moderate Need,Moderate
996,F,Tomato,Seedling,31.72,64.75,48.12,73.95,5.47,24.78,77.4,9.77,6.87,137.54,14.51,62.86,Moderate Need,High
997,E,Rice,Seedling,55.23,111.7,24.37,38.3,7.54,39.74,92.89,54.42,23.14,134.06,2.95,56.43,No/Low Need,Moderate
998,A,Maize,Flowering,50.63,66.79,58.67,63.87,5.94,31.31,55.79,19.48,14.37,901.78,30.34,64.14,High Need,High
999,A,Potato,Flowering,31.97,47.5,61.88,99.96,5.87,36.58,87.72,50.31,13.64,789.02,26.89,65.69,High Need,High
1000,E,Wheat,Flowering,57.29,34.18,28.14,66.19,7.59,19.6,36.31,17.85,11.46,550.35,14.91,81.91,Moderate Need,High
1001,F,Rice,Seedling,50.92,20.37,34.09,34.87,7.29,25.66,52.29,31.03,2.39,546.64,11.41,83.32,No/Low Need,High
1002,E,Maize,Maturity,50.25,73.22,79.33,92.38,5.57,34.22,37.92,68.53,22.18,736.44,11.79,53.42,No/Low Need,Moderate
1003,F,Tomato,Seedling,45.21,30.72,36.2,38.68,7.2,32.41,74.07,59.11,8.61,390.42,5.34,78.81,No/Low Need,High
1004,F,Wheat,Seedling,12.68,59.17,63.26,93.85,7.57,22.27,41.05,12.37,16.42,747.59,24.66,59.7,Moderate Need,Moderate
1005,D,Potato,Seedling,53.79,78.93,41.69,67.94,5.4,25.84,85.74,48.62,15.58,512.26,2.93,60.49,No/Low Need,High
1006,F,Rice,Flowering,34.56,47.57,65.53,65.37,7.35,23.8,73.8,50.29,15.03,642.23,19.0,70.04,Moderate Need,High
1007,C,Wheat,Maturity,68.56,37.52,63.83,105.14,6.62,31.49,36.73,7.25,13.62,920.11,19.21,62.87,Moderate Need,High
1008,F,Maize,Flowering,61.08,97.47,56.74,90.86,6.94,25.58,77.89,37.26,5.35,500.62,4.53,50.95,No/Low Need,Moderate
1009,F,Tomato,Maturity,47.26,114.68,69.83,23.29,6.48,24.8,86.72,20.85,7.73,455.64,11.91,46.52,No/Low Need,Moderate
1010,F,Rice,Seedling,27.13,30.04,75.75,49.62,7.01,22.56,74.67,37.37,13.58,869.89,19.53,69.84,Moderate Need,High
1011,A,Tomato,Flowering,24.22,35.56,50.6,107.09,5.29,27.0,36.83,62.17,19.94,867.19,31.13,73.0,High Need,High
1012,C,Maize,Vegetative,32.42,116.0,26.62,21.83,7.18,22.3,86.48,12.66,11.37,943.56,27.76,58.19,High Need,Moderate
1013,C,Wheat,Vegetative,40.59,23.78,37.9,74.53,5.29,39.18,78.95,9.86,5.89,568.23,26.26,81.46,High Need,High
1014,E,Rice,Seedling,29.76,117.76,63.08,92.78,6.38,21.4,57.71,21.55,3.11,392.62,16.87,37.31,Moderate Need,Moderate
1015,D,Tomato,Flowering,42.9,20.46,55.56,82.19,5.59,38.09,54.72,76.18,16.91,304.33,9.83,78.73,No/Low Need,High
1016,F,Rice,Flowering,21.92,107.37,22.45,96.05,7.34,27.43,63.79,59.83,11.16,128.98,15.63,54.93,Moderate Need,Moderate
1017,B,Rice,Flowering,70.66,50.73,13.59,92.57,6.02,26.31,87.03,1.56,4.01,717.72,18.01,73.63,Moderate Need,High
1018,D,Rice,Vegetative,18.48,113.86,57.81,89.2,6.38,23.09,50.12,32.08,17.19,298.45,28.19,42.94,High Need,Moderate
1019,D,Tomato,Seedling,67.92,51.69,27.58,102.15,6.31,31.99,41.06,20.59,5.98,615.64,12.16,64.0,Moderate Need,High
1020,C,Maize,Flowering,66.81,85.43,44.98,84.57,7.21,33.08,86.88,51.05,13.22,879.1,7.94,58.76,No/Low Need,Moderate
1021,D,Tomato,Vegetative,43.52,28.0,62.27,60.24,6.45,28.29,36.58,36.74,8.35,907.68,26.75,72.8,High Need,High
1022,F,Rice,Maturity,55.49,44.23,49.39,67.19,7.25,19.23,89.66,77.16,23.36,103.75,0.0,70.39,No/Low Need,High
1023,F,Maize,Flowering,38.16,97.37,15.83,91.67,5.39,38.21,53.34,17.52,6.48,369.51,31.65,60.93,High Need,High
1024,A,Maize,Vegetative,49.8,72.87,22.99,107.63,5.7,39.57,65.49,47.03,11.08,811.77,20.16,62.83,Moderate Need,High
1025,F,Tomato,Maturity,32.43,112.8,25.35,47.22,6.63,27.48,42.94,56.02,24.03,555.98,17.09,52.69,Moderate Need,Moderate
1026,F,Potato,Flowering,30.07,62.88,28.05,54.21,7.66,31.5,89.14,66.05,8.65,786.38,17.92,74.46,Moderate Need,High
1027,C,Rice,Seedling,46.69,106.98,49.58,113.07,5.39,27.91,79.99,32.56,16.47,825.32,15.46,44.71,Moderate Need,Moderate
1028,F,Maize,Flowering,41.89,64.9,45.28,77.85,5.31,25.08,90.45,54.95,8.6,476.23,5.59,68.0,No/Low Need,High
1029,A,Rice,Vegetative,46.77,117.92,24.22,37.9,5.61,19.7,75.99,24.26,3.66,405.14,11.09,56.92,No/Low Need,Moderate
1030,B,Wheat,Maturity,29.2,115.98,14.73,86.37,6.87,28.03,46.08,34.84,16.06,487.12,18.42,49.85,Moderate Need,Moderate
1031,C,Rice,Maturity,34.02,52.91,22.0,119.08,6.24,36.0,53.5,71.65,22.98,654.88,18.07,64.36,Moderate Need,High
1032,B,Rice,Maturity,17.03,108.59,78.91,102.35,7.35,18.37,64.21,75.99,11.86,412.09,7.97,40.67,No/Low Need,Moderate
1033,C,Wheat,Flowering,15.14,104.76,42.8,94.57,5.39,30.81,71.44,57.51,16.03,758.74,26.65,53.36,High Need,Moderate
1034,E,Maize,Vegetative,27.21,41.07,70.71,40.8,5.71,37.38,90.59,29.95,15.61,868.39,31.86,72.39,High Need,High
1035,D,Rice,Flowering,16.45,82.43,69.41,107.61,5.98,22.79,58.04,65.6,10.96,339.96,18.18,51.8,Moderate Need,Moderate
1036,E,Maize,Seedling,18.23,27.27,45.81,72.58,6.83,22.03,77.18,2.07,15.76,920.24,26.57,72.64,High Need,High
1037,F,Wheat,Flowering,60.78,103.67,59.47,108.93,6.98,34.99,92.66,8.22,7.22,629.32,18.93,46.47,Moderate Need,Moderate
1038,B,Rice,Flowering,14.33,37.45,23.49,52.98,5.52,23.61,44.14,52.91,10.07,846.44,37.95,82.85,High Need,High
1039,F,Tomato,Seedling,51.54,27.08,58.19,26.21,7.65,22.22,86.76,23.3,11.62,188.33,3.97,79.32,No/Low Need,High
1040,D,Rice,Vegetative,28.35,60.02,29.07,67.6,6.09,26.32,60.24,76.11,21.74,313.77,8.87,69.09,No/Low Need,High
1041,C,Wheat,Maturity,64.29,77.69,68.24,46.98,7.05,26.64,78.95,34.88,9.36,372.87,1.71,57.92,No/Low Need,Moderate
1042,D,Maize,Maturity,41.1,105.49,15.86,91.52,6.56,37.23,52.61,34.35,16.24,357.4,18.34,51.15,Moderate Need,Moderate
1043,A,Rice,Seedling,30.33,117.42,64.12,115.71,5.78,31.61,55.04,54.25,6.12,246.08,11.82,36.88,No/Low Need,Moderate
1044,D,Rice,Seedling,43.06,63.95,17.0,89.1,7.4,26.93,36.63,61.41,7.06,837.97,12.75,66.38,Moderate Need,High
1045,A,Wheat,Vegetative,34.92,26.04,71.68,108.69,7.33,29.76,93.28,38.04,16.56,455.82,14.03,69.04,Moderate Need,High
1046,D,Potato,Maturity,45.86,94.91,31.29,65.3,6.23,38.99,83.81,17.12,19.3,918.66,27.4,55.74,High Need,Moderate
1047,A,Maize,Seedling,18.87,76.52,55.81,97.16,6.73,20.49,40.64,61.86,12.09,595.95,12.64,51.73,Moderate Need,Moderate
1048,B,Maize,Flowering,71.82,64.79,44.13,104.3,5.87,22.57,94.97,25.63,9.04,217.64,0.0,62.83,No/Low Need,High
1049,F,Maize,Seedling,37.53,50.93,35.64,91.09,6.99,39.18,71.3,14.01,22.85,564.02,22.24,65.32,Moderate Need,High
1050,F,Rice,Flowering,32.89,70.24,55.18,70.78,6.0,39.06,86.22,50.53,4.26,944.51,34.17,62.6,High Need,High
1051,E,Wheat,Vegetative,54.61,53.87,76.33,82.59,7.39,21.9,39.0,7.24,18.3,580.4,18.71,62.67,Moderate Need,High
1052,F,Tomato,Flowering,33.83,95.7,12.89,90.05,5.77,21.19,58.37,77.71,17.56,101.59,0.0,60.67,No/Low Need,High
1053,C,Rice,Vegetative,62.0,74.39,74.32,45.31,5.24,27.26,75.18,50.59,17.57,893.12,9.49,62.42,No/Low Need,High
1054,D,Rice,Flowering,39.26,107.68,52.64,100.96,5.9,19.09,41.39,78.87,23.45,299.66,0.31,47.85,No/Low Need,Moderate
1055,E,Rice,Vegetative,55.17,74.35,66.51,115.03,5.7,32.41,64.33,27.11,18.48,685.25,22.71,53.63,Moderate Need,Moderate
1056,C,Wheat,Flowering,18.45,43.83,36.87,66.52,6.52,19.7,61.56,77.7,8.24,537.82,9.6,72.94,No/Low Need,High
1057,C,Potato,Maturity,62.77,105.11,43.03,90.11,5.73,19.28,47.96,11.64,9.48,376.62,8.56,49.39,No/Low Need,Moderate
1058,A,Rice,Seedling,56.14,75.72,70.82,93.7,7.18,28.67,53.02,3.26,10.39,340.24,15.95,51.5,Moderate Need,Moderate
1059,F,Wheat,Maturity,24.7,40.68,39.04,86.22,5.83,39.07,93.03,2.64,1.74,889.45,31.12,70.79,High Need,High
1060,B,Rice,Flowering,20.72,82.35,47.43,74.71,7.04,27.39,52.32,37.19,22.92,875.14,44.64,59.81,High Need,Moderate
1061,B,Potato,Seedling,30.98,55.77,11.41,108.16,6.7,25.84,47.81,6.64,2.77,536.16,21.9,64.92,Moderate Need,High
1062,E,Rice,Vegetative,70.56,104.44,21.1,64.89,7.76,39.96,67.17,40.97,17.8,319.72,7.88,60.03,No/Low Need,High
1063,B,Wheat,Vegetative,27.41,65.33,54.92,26.11,7.8,29.7,75.26,26.2,18.52,186.99,18.53,71.28,Moderate Need,High
1064,D,Maize,Flowering,39.37,92.64,60.19,104.46,7.46,26.26,78.51,26.85,21.25,233.09,16.16,52.33,Moderate Need,Moderate
1065,B,Maize,Flowering,13.8,29.55,50.78,87.4,7.18,26.49,80.25,50.85,14.28,543.91,24.7,75.14,Moderate Need,High
1066,E,Wheat,Seedling,35.83,59.6,20.03,104.93,6.2,22.29,37.21,13.05,18.41,361.66,15.18,62.93,Moderate Need,High
1067,B,Rice,Flowering,46.28,118.32,41.18,33.85,7.16,29.27,58.63,61.32,8.27,135.76,2.89,54.8,No/Low Need,Moderate
1068,D,Wheat,Maturity,69.19,100.85,34.86,23.08,7.69,27.65,81.44,46.56,18.89,486.89,0.0,61.94,No/Low Need,High
1069,A,Rice,Maturity,43.0,35.99,44.7,113.44,5.26,23.96,89.29,73.2,9.24,734.26,2.43,70.28,No/Low Need,High
1070,E,Rice,Flowering,61.15,47.78,70.92,34.77,6.6,21.53,71.13,29.19,22.67,857.94,16.56,69.67,Moderate Need,High
1071,A,Wheat,Maturity,44.83,52.98,64.31,100.97,5.77,24.85,38.14,78.62,4.92,597.49,3.16,60.77,No/Low Need,High
1072,A,Rice,Flowering,14.45,85.04,15.88,102.32,6.65,29.19,58.8,46.07,8.58,714.8,39.59,59.75,High Need,Moderate
1073,A,Rice,Vegetative,30.9,95.7,72.32,90.87,6.41,19.28,39.45,77.87,12.97,409.46,5.96,45.81,No/Low Need,Moderate
1074,C,Maize,Maturity,46.53,94.95,43.02,33.13,6.7,21.38,79.91,2.16,19.62,521.8,16.8,57.2,Moderate Need,Moderate
1075,F,Potato,Vegetative,69.04,70.99,62.07,86.74,6.63,38.85,38.81,58.24,18.97,720.18,11.49,56.22,No/Low Need,Moderate
1076,C,Maize,Vegetative,63.55,101.08,19.8,108.91,7.7,29.94,46.14,65.33,6.06,718.51,4.02,55.82,No/Low Need,Moderate
1077,F,Rice,Vegetative,25.7,63.71,56.95,62.55,6.64,19.4,60.02,4.25,4.46,460.85,32.11,62.42,High Need,High
1078,A,Rice,Maturity,25.21,32.39,26.54,61.35,7.4,33.25,62.76,46.32,8.3,562.12,24.0,79.6,Moderate Need,High
1079,E,Potato,Maturity,24.07,76.44,40.69,64.29,6.03,19.36,59.39,64.16,12.61,885.28,14.91,60.88,Moderate Need,High
1080,F,Rice,Vegetative,67.35,115.23,11.18,28.23,6.34,34.26,62.8,44.88,13.94,637.2,10.21,58.37,No/Low Need,Moderate
1081,D,Rice,Vegetative,63.16,99.3,20.61,109.2,6.42,34.5,77.79,5.11,11.3,646.19,24.48,51.73,Moderate Need,Moderate
1082,D,Maize,Vegetative,58.49,77.87,16.45,106.92,5.92,32.32,57.16,55.48,16.91,766.93,10.9,61.61,No/Low Need,High
1083,B,Maize,Flowering,35.56,84.68,26.78,119.79,6.19,34.11,67.87,4.85,11.26,197.94,30.27,56.45,High Need,Moderate
1084,F,Maize,Vegetative,42.26,113.06,17.0,78.52,6.76,19.94,53.2,65.4,23.71,544.45,5.75,52.38,No/Low Need,Moderate
1085,E,Rice,Flowering,39.86,62.83,58.43,95.12,6.71,33.99,56.22,3.44,7.26,915.52,50.55,60.3,High Need,High
1086,C,Rice,Vegetative,27.2,53.14,12.03,40.27,6.85,21.01,71.83,10.99,16.06,407.41,28.72,77.4,High Need,High
1087,A,Potato,Vegetative,42.3,117.72,53.24,86.75,6.11,25.47,64.43,22.01,15.67,350.69,17.57,43.9,Moderate Need,Moderate
1088,B,Rice,Seedling,13.83,106.34,19.85,84.97,6.02,38.74,78.38,50.67,7.76,611.03,24.22,51.12,Moderate Need,Moderate
1089,D,Maize,Vegetative,19.91,52.3,76.16,110.12,6.79,29.06,68.63,78.11,10.88,287.95,9.36,57.5,No/Low Need,Moderate
1090,C,Maize,Maturity,65.2,66.38,75.32,103.08,5.55,39.28,83.21,9.43,9.77,572.55,16.13,55.13,Moderate Need,Moderate
1091,C,Maize,Vegetative,57.1,61.51,25.79,113.85,5.86,19.96,61.6,11.42,5.14,232.3,8.18,64.57,No/Low Need,High
1092,A,Rice,Vegetative,37.37,34.91,53.01,106.88,5.31,28.51,64.46,29.51,12.46,592.82,25.84,71.22,High Need,High
1093,F,Rice,Vegetative,43.03,115.78,11.96,106.87,5.39,19.37,75.2,66.9,10.28,612.02,2.03,52.41,No/Low Need,Moderate
1094,D,Maize,Vegetative,34.2,60.43,75.23,26.37,5.83,31.86,48.27,37.38,5.28,455.64,21.52,66.64,Moderate Need,High
1095,E,Tomato,Seedling,56.45,107.53,46.61,104.6,5.25,19.73,58.16,25.73,11.8,425.33,6.16,46.65,No/Low Need,Moderate
1096,C,Potato,Vegetative,59.05,38.94,13.03,80.75,5.84,21.86,72.49,44.9,11.12,308.64,0.0,78.14,No/Low Need,High
1097,A,Rice,Flowering,57.8,74.79,33.97,58.04,6.9,23.69,36.73,20.84,4.15,381.28,16.87,66.09,Moderate Need,High
1098,E,Rice,Flowering,55.36,22.4,15.38,25.65,5.36,34.47,61.22,32.09,4.15,523.59,20.7,93.05,Moderate Need,High
1099,F,Potato,Vegetative,24.27,96.42,37.51,87.77,6.34,21.61,70.93,26.61,16.54,310.51,20.48,52.5,Moderate Need,Moderate
1100,D,Maize,Vegetative,32.28,78.09,56.89,52.82,7.57,36.63,93.04,64.33,17.96,765.41,17.4,62.71,Moderate Need,High
1101,F,Tomato,Maturity,40.19,82.56,42.89,66.78,7.26,20.9,87.62,73.94,23.59,702.68,2.63,59.39,No/Low Need,Moderate
1102,C,Rice,Vegetative,31.85,25.17,36.86,88.17,5.99,18.78,51.84,60.77,3.09,328.91,6.89,76.77,No/Low Need,High
1103,E,Maize,Vegetative,57.3,41.1,18.34,111.18,7.6,26.69,65.43,35.13,3.83,182.82,3.35,74.61,No/Low Need,High
1104,E,Maize,Vegetative,31.76,27.43,27.15,102.54,6.06,39.55,38.38,40.35,2.24,100.15,21.43,75.79,Moderate Need,High
1105,E,Maize,Vegetative,20.29,48.89,17.01,65.06,5.39,20.43,49.45,10.01,13.77,607.21,32.26,77.93,High Need,High
1106,C,Wheat,Flowering,35.94,82.74,66.52,58.78,7.78,20.24,81.49,59.75,15.95,279.66,2.2,61.12,No/Low Need,High
1107,C,Rice,Vegetative,70.79,76.62,19.47,43.98,7.46,34.53,42.4,47.72,10.68,110.7,0.7,70.54,No/Low Need,High
1108,F,Maize,Flowering,25.55,81.21,51.68,57.24,6.41,24.87,50.46,72.2,20.15,405.22,13.02,59.7,Moderate Need,Moderate
1109,B,Rice,Seedling,48.73,74.93,33.99,31.1,6.93,33.78,91.64,16.05,17.48,917.7,21.68,64.89,Moderate Need,High
1110,F,Wheat,Vegetative,37.98,47.3,25.82,117.11,6.95,22.4,84.43,60.78,24.66,686.45,7.89,67.96,No/Low Need,High
1111,D,Potato,Flowering,16.26,44.45,54.76,77.39,5.71,28.12,81.91,54.77,4.31,829.1,28.07,71.29,High Need,High
1112,A,Wheat,Vegetative,41.27,33.71,41.99,32.78,5.72,23.84,86.87,21.27,2.4,223.03,9.5,80.84,No/Low Need,High
1113,E,Tomato,Flowering,54.13,104.91,38.01,55.28,6.42,27.93,79.98,53.39,7.6,162.29,0.0,54.77,No/Low Need,Moderate
1114,B,Rice,Vegetative,42.79,81.65,51.5,74.7,7.57,34.92,42.24,73.95,1.46,109.8,4.53,59.92,No/Low Need,Moderate
1115,A,Maize,Flowering,64.33,38.65,44.39,73.29,5.23,34.76,65.99,73.47,23.38,912.31,7.09,77.43,No/Low Need,High
1116,B,Potato,Seedling,29.34,37.72,31.24,23.55,7.23,29.35,61.65,57.57,8.29,355.17,9.78,79.4,No/Low Need,High
1117,F,Rice,Maturity,17.17,107.3,49.13,115.08,5.35,38.42,53.67,3.85,14.26,490.58,43.97,46.11,High Need,Moderate
1118,C,Rice,Vegetative,68.19,94.27,56.86,47.54,6.44,23.8,85.04,69.78,8.63,435.35,0.0,54.13,No/Low Need,Moderate
1119,E,Wheat,Maturity,34.69,85.94,11.87,21.62,6.86,23.29,62.85,52.62,6.9,720.89,11.03,67.71,No/Low Need,High
1120,F,Rice,Vegetative,46.58,60.69,42.61,27.64,6.99,31.5,38.62,24.83,4.66,363.47,23.52,71.55,Moderate Need,High
1121,A,Maize,Flowering,59.52,46.2,14.04,78.02,5.35,31.67,51.5,14.98,8.69,555.13,21.78,79.43,Moderate Need,High
1122,A,Potato,Vegetative,31.46,117.95,23.05,33.78,6.29,19.02,48.72,9.3,15.77,946.24,34.0,54.89,High Need,Moderate
1123,A,Wheat,Maturity,54.97,99.72,49.24,24.17,6.72,31.37,88.25,4.02,24.32,477.45,15.27,55.71,Moderate Need,Moderate
1124,A,Rice,Seedling,20.13,50.18,70.63,57.96,5.37,26.24,73.85,60.33,14.39,568.58,14.27,65.79,Moderate Need,High
1125,A,Wheat,Vegetative,29.48,104.76,71.8,82.28,5.55,34.44,68.62,18.87,13.79,527.15,26.96,47.48,High Need,Moderate
1126,B,Maize,Vegetative,20.68,95.89,14.9,31.18,6.93,35.78,65.4,1.94,1.85,782.71,42.49,64.61,High Need,High
1127,F,Rice,Seedling,60.67,49.71,39.34,51.33,6.56,30.15,74.01,31.78,21.16,326.81,6.47,68.09,No/Low Need,High
1128,E,Maize,Vegetative,25.36,62.66,50.81,61.78,5.62,18.04,80.29,38.61,2.08,244.87,9.93,66.91,No/Low Need,High
1129,C,Maize,Maturity,55.04,38.6,20.29,35.95,6.59,32.0,68.26,13.54,22.75,740.98,20.08,78.54,Moderate Need,High
1130,C,Maize,Maturity,68.6,31.11,63.58,70.61,7.57,34.48,91.3,3.52,13.93,453.28,12.18,72.91,Moderate Need,High
1131,F,Rice,Vegetative,43.67,92.28,62.1,28.52,5.24,23.48,93.61,15.13,5.04,876.67,24.55,60.91,Moderate Need,High
1132,F,Maize,Maturity,44.4,46.75,73.23,24.65,6.87,28.22,94.72,54.33,11.84,647.54,6.89,68.88,No/Low Need,High
1133,C,Rice,Flowering,39.66,102.01,10.59,71.98,5.39,39.25,75.16,6.58,24.88,579.69,45.71,62.75,High Need,High
1134,C,Rice,Vegetative,31.55,119.56,25.17,44.79,5.22,24.56,90.96,44.4,8.32,159.89,8.7,56.96,No/Low Need,Moderate
1135,B,Tomato,Flowering,40.54,27.66,67.9,29.54,5.59,22.91,59.27,11.71,7.47,720.85,31.0,80.52,High Need,High
1136,D,Maize,Flowering,48.17,67.3,56.94,62.39,6.3,22.64,86.58,15.66,3.83,683.13,18.13,63.03,Moderate Need,High
1137,E,Rice,Maturity,71.16,100.21,72.61,111.51,7.29,30.29,89.55,31.45,15.33,644.06,5.9,43.14,No/Low Need,Moderate
1138,A,Rice,Vegetative,68.27,98.9,14.0,92.42,5.93,38.9,89.25,8.07,3.14,327.72,15.38,57.02,Moderate Need,Moderate
1139,D,Rice,Flowering,63.73,96.0,51.79,101.56,6.83,31.39,84.85,13.86,19.38,904.73,27.14,50.59,High Need,Moderate
1140,F,Rice,Seedling,65.35,54.9,49.83,107.19,6.27,24.67,59.4,27.92,23.06,373.41,5.48,58.52,No/Low Need,Moderate
1141,C,Rice,Seedling,40.07,65.39,12.5,117.26,5.81,32.05,44.53,26.37,23.36,229.4,17.91,62.51,Moderate Need,High
1142,D,Rice,Seedling,51.45,79.5,45.95,96.32,6.54,31.75,55.04,59.94,3.59,939.12,11.52,51.89,No/Low Need,Moderate
1143,E,Wheat,Maturity,65.7,117.39,52.67,80.84,7.27,31.13,81.04,5.98,14.4,734.31,14.12,44.83,Moderate Need,Moderate
1144,F,Maize,Maturity,35.58,52.75,23.39,56.54,7.36,21.51,48.97,68.84,3.33,452.57,4.66,74.06,No/Low Need,High
1145,A,Maize,Flowering,69.71,112.31,29.13,38.16,7.4,31.96,63.7,65.3,14.73,895.53,4.57,59.34,No/Low Need,Moderate
1146,A,Maize,Flowering,36.95,46.94,54.82,88.67,6.08,27.46,68.92,61.28,20.56,177.45,6.49,67.65,No/Low Need,High
1147,E,Rice,Vegetative,48.06,118.91,42.78,119.49,7.26,18.41,71.23,24.75,13.91,174.51,7.17,42.95,No/Low Need,Moderate
1148,E,Potato,Vegetative,54.59,87.03,70.06,66.74,5.75,29.87,91.14,65.83,21.93,680.08,3.37,54.53,No/Low Need,Moderate
1149,C,Tomato,Vegetative,69.04,66.35,33.97,92.37,7.12,39.76,74.69,14.62,20.24,251.28,14.65,64.05,Moderate Need,High
1150,A,Tomato,Vegetative,26.68,81.34,28.67,69.51,7.67,25.69,82.18,9.95,7.64,879.57,35.24,65.15,High Need,High
1151,F,Tomato,Flowering,56.77,47.25,78.94,63.19,5.24,39.24,69.91,3.6,16.12,814.31,38.07,69.63,High Need,High
1152,D,Potato,Flowering,43.25,47.42,73.78,61.03,6.34,20.12,85.01,75.14,1.18,360.41,0.0,66.36,No/Low Need,High
1153,F,Wheat,Seedling,28.11,31.36,12.03,70.46,6.88,34.11,50.82,24.64,10.51,855.51,22.27,77.86,Moderate Need,High
1154,B,Rice,Seedling,58.6,31.41,63.95,56.69,7.02,20.52,47.59,73.41,6.71,136.45,0.0,70.72,No/Low Need,High
1155,B,Maize,Seedling,45.13,54.77,17.72,94.88,5.66,24.02,90.58,21.81,23.49,566.34,10.98,68.26,No/Low Need,High
1156,E,Maize,Vegetative,51.66,96.29,11.92,107.43,7.73,30.56,76.61,72.61,10.73,895.23,6.64,59.07,No/Low Need,Moderate
1157,C,Maize,Maturity,31.37,80.8,29.16,108.29,6.8,31.04,75.29,72.31,16.7,827.08,12.96,55.6,Moderate Need,Moderate
1158,B,Wheat,Flowering,40.88,30.26,28.85,42.77,5.63,35.05,63.04,73.89,18.57,402.66,8.56,84.97,No/Low Need,High
1159,A,Rice,Maturity,49.04,105.22,67.35,109.59,5.25,31.54,57.6,39.69,19.56,255.44,11.95,44.56,No/Low Need,Moderate
1160,F,Wheat,Vegetative,36.29,80.14,59.75,54.16,7.24,31.06,68.34,69.28,18.66,278.96,6.22,60.06,No/Low Need,High
1161,F,Potato,Vegetative,23.9,116.09,78.71,50.93,5.41,38.07,42.23,76.06,7.94,537.33,20.86,46.93,Moderate Need,Moderate
1162,E,Maize,Seedling,69.7,87.02,59.81,92.68,5.57,27.95,62.28,25.97,17.47,607.26,6.78,50.99,No/Low Need,Moderate
1163,D,Wheat,Maturity,42.69,37.52,39.28,50.47,6.69,22.96,62.32,33.51,14.18,127.89,6.5,74.13,No/Low Need,High
1164,E,Rice,Flowering,56.04,67.38,58.92,25.3,6.77,21.56,67.3,57.54,15.34,451.52,0.0,67.38,No/Low Need,High
1165,D,Wheat,Vegetative,36.66,84.85,79.96,57.36,6.99,26.8,73.08,24.03,1.02,805.83,21.2,53.53,Moderate Need,Moderate
1166,E,Tomato,Flowering,33.31,22.83,59.71,92.15,6.22,33.68,92.44,60.3,7.2,477.68,14.21,73.51,Moderate Need,High
1167,E,Maize,Vegetative,36.43,21.49,63.32,52.7,7.21,18.94,74.13,5.91,23.34,243.8,18.44,78.24,Moderate Need,High
1168,E,Tomato,Flowering,36.55,32.94,75.69,82.96,7.73,20.84,88.02,41.88,7.96,911.63,19.55,72.3,Moderate Need,High
1169,D,Wheat,Maturity,44.65,45.17,17.96,86.01,5.9,20.33,68.38,9.79,11.51,326.33,11.73,72.89,No/Low Need,High
1170,D,Maize,Flowering,44.61,62.95,59.33,93.37,7.03,30.88,72.62,23.47,5.48,778.66,26.13,61.59,High Need,High
1171,E,Rice,Flowering,41.83,68.74,69.56,109.71,7.61,23.34,39.19,20.69,4.33,264.73,23.13,58.26,Moderate Need,Moderate
1172,B,Maize,Seedling,20.09,33.8,76.81,63.26,6.98,21.66,43.0,67.11,6.01,459.7,9.58,66.69,No/Low Need,High
1173,C,Wheat,Seedling,41.76,87.34,24.77,36.64,6.97,31.04,69.78,15.48,14.29,516.86,14.93,62.08,Moderate Need,High
1174,C,Wheat,Vegetative,22.15,79.61,45.28,51.89,5.78,34.75,58.74,64.68,23.06,525.54,19.39,63.03,Moderate Need,High
1175,C,Maize,Seedling,19.57,49.45,57.64,63.22,6.59,25.31,82.93,63.52,8.83,539.0,9.56,63.57,No/Low Need,High
1176,D,Potato,Flowering,67.96,21.37,27.32,91.39,6.66,30.72,67.59,39.91,8.76,291.21,1.83,79.42,No/Low Need,High
1177,D,Rice,Flowering,48.3,27.76,52.03,21.31,7.02,20.16,87.94,18.71,14.54,538.53,16.79,82.77,Moderate Need,High
1178,B,Tomato,Seedling,51.57,59.17,28.03,51.58,7.79,38.57,93.34,18.15,9.56,509.46,15.02,71.99,Moderate Need,High
1179,C,Rice,Maturity,36.11,35.4,33.34,97.98,5.29,25.41,43.86,37.19,22.85,277.41,17.17,74.25,Moderate Need,High
1180,C,Wheat,Vegetative,66.54,57.68,40.91,87.09,5.37,39.95,58.69,0.7,10.07,939.96,26.89,68.25,High Need,High
1181,E,Rice,Vegetative,50.28,82.82,47.04,93.17,5.4,39.53,74.9,42.51,12.77,835.73,24.84,58.25,Moderate Need,Moderate
1182,D,Rice,Vegetative,58.15,74.72,41.46,101.18,7.13,35.13,53.33,76.22,13.8,854.44,9.4,59.01,No/Low Need,Moderate
1183,C,Wheat,Vegetative,34.11,43.12,44.52,98.32,5.55,18.44,51.02,12.38,19.77,682.74,23.58,70.19,Moderate Need,High
1184,F,Rice,Vegetative,69.6,54.38,30.9,88.22,6.82,29.96,83.82,45.87,14.53,235.91,0.0,67.73,No/Low Need,High
1185,B,Wheat,Vegetative,61.23,81.4,21.13,63.97,6.04,19.91,93.82,76.94,6.74,582.88,0.0,64.31,No/Low Need,High
1186,F,Potato,Vegetative,63.24,106.09,13.31,118.36,6.39,37.69,81.43,68.84,3.98,798.22,4.32,49.89,No/Low Need,Moderate
1187,F,Rice,Maturity,22.33,95.32,23.72,76.91,5.76,35.37,66.42,68.03,23.51,132.93,14.32,57.46,Moderate Need,Moderate
1188,B,Tomato,Seedling,28.26,75.34,50.74,40.28,7.45,39.39,61.55,65.75,20.24,521.47,15.81,62.72,Moderate Need,High
1189,F,Wheat,Seedling,29.14,56.23,65.03,49.28,6.72,31.38,67.38,24.72,1.55,436.7,15.26,62.27,Moderate Need,High
1190,C,Maize,Seedling,28.25,56.51,21.85,89.36,7.66,29.49,62.77,71.25,20.72,280.31,6.81,68.9,No/Low Need,High
1191,D,Rice,Flowering,63.32,107.94,17.6,112.47,6.69,29.42,65.17,75.31,15.17,421.51,0.0,51.05,No/Low Need,Moderate
1192,B,Rice,Seedling,13.91,23.92,62.45,37.87,5.52,26.5,47.21,39.66,13.45,935.97,29.03,77.48,High Need,High
1193,E,Rice,Maturity,16.57,118.8,31.36,28.23,5.64,28.31,89.22,28.37,1.29,714.76,28.81,54.89,High Need,Moderate
1194,F,Rice,Flowering,28.43,86.44,76.6,108.15,7.77,31.98,80.27,33.14,19.74,354.61,29.49,52.15,High Need,Moderate
1195,B,Rice,Flowering,23.99,88.11,60.0,111.53,7.09,38.52,75.86,26.74,5.75,614.55,43.85,51.48,High Need,Moderate
1196,A,Maize,Flowering,25.91,23.8,32.87,47.64,5.33,31.11,92.0,16.99,18.47,309.66,28.27,86.93,High Need,High
1197,A,Tomato,Vegetative,59.88,80.55,30.27,57.73,7.03,36.86,52.06,49.48,1.38,619.22,12.6,63.97,Moderate Need,High
1198,D,Tomato,Vegetative,45.79,68.48,46.66,86.02,6.27,36.98,39.87,45.01,20.11,861.74,28.33,60.29,High Need,High
1199,C,Maize,Vegetative,12.35,30.58,15.54,52.99,6.0,29.41,84.57,37.01,1.55,573.35,26.49,83.06,High Need,High
1200,D,Rice,Flowering,37.76,47.79,18.24,107.72,5.6,25.64,94.91,7.67,6.66,723.34,33.21,73.6,High Need,High
1201,D,Rice,Vegetative,36.47,109.03,22.31,30.76,7.38,32.07,69.71,63.75,7.44,485.34,13.03,60.92,Moderate Need,High
1202,D,Rice,Seedling,18.84,75.0,64.23,23.8,5.37,27.81,38.53,13.99,4.78,545.51,29.59,63.1,High Need,High
1203,D,Rice,Maturity,52.57,61.34,45.97,40.85,5.95,19.79,81.83,9.16,12.55,690.81,16.17,67.89,Moderate Need,High
1204,E,Wheat,Seedling,54.13,27.27,10.74,48.61,6.0,26.31,39.42,49.85,7.81,790.54,7.99,82.51,No/Low Need,High
1205,E,Wheat,Maturity,55.25,91.41,57.15,31.29,5.62,39.87,67.4,31.89,24.84,660.53,16.42,58.73,Moderate Need,Moderate
1206,B,Wheat,Flowering,55.71,90.29,39.66,26.57,6.52,19.07,51.65,4.78,14.92,930.87,23.72,62.36,Moderate Need,High
1207,A,Wheat,Vegetative,12.0,81.4,45.76,95.56,5.23,33.33,89.9,28.45,14.6,796.85,31.84,59.33,High Need,Moderate
1208,D,Tomato,Seedling,69.24,71.03,24.99,36.43,5.98,36.51,62.08,61.74,6.3,760.59,3.9,67.48,No/Low Need,High
1209,B,Tomato,Seedling,60.85,63.38,48.62,111.39,7.63,32.27,88.91,49.22,10.81,818.34,6.25,59.12,No/Low Need,Moderate
1210,A,Rice,Flowering,66.24,79.33,78.54,56.8,6.01,30.53,52.94,29.02,3.98,339.03,10.21,57.12,No/Low Need,Moderate
1211,F,Potato,Flowering,12.94,43.34,15.14,87.06,6.14,33.57,58.24,15.34,19.3,467.24,46.34,75.9,High Need,High
1212,C,Potato,Flowering,68.03,114.13,29.87,42.54,6.43,27.45,91.83,50.54,8.95,579.79,0.0,54.78,No/Low Need,Moderate
1213,E,Rice,Maturity,60.59,78.88,27.01,44.03,6.66,20.01,47.08,71.0,19.05,493.03,0.0,63.75,No/Low Need,High
1214,F,Wheat,Flowering,62.23,51.12,27.4,77.47,7.3,39.17,69.71,51.7,9.92,820.34,13.28,74.11,Moderate Need,High
1215,A,Wheat,Vegetative,17.6,64.97,36.51,76.06,5.69,27.51,58.31,65.03,24.73,123.01,12.2,66.75,Moderate Need,High
1216,F,Potato,Vegetative,56.33,100.57,67.27,96.87,7.47,32.64,81.45,41.72,5.11,277.8,4.92,47.96,No/Low Need,Moderate
1217,C,Tomato,Maturity,69.6,36.16,73.9,95.78,7.17,29.69,42.76,57.44,1.04,849.45,5.22,64.81,No/Low Need,High
1218,A,Rice,Vegetative,52.71,49.28,24.16,87.07,7.08,19.2,61.23,71.7,15.28,150.24,0.0,71.75,No/Low Need,High
1219,F,Wheat,Seedling,46.23,87.95,48.01,64.91,5.43,38.96,76.94,61.85,23.87,292.94,5.67,56.7,No/Low Need,Moderate
1220,E,Maize,Flowering,68.74,51.55,54.58,109.06,5.26,35.44,59.42,72.79,16.53,398.56,0.0,67.05,No/Low Need,High
1221,E,Wheat,Vegetative,38.58,99.25,46.53,82.26,6.74,21.28,38.51,34.49,3.06,738.13,17.92,50.95,Moderate Need,Moderate
1222,B,Rice,Maturity,47.96,33.05,40.39,119.02,7.44,39.6,77.31,72.34,13.97,576.15,8.87,70.13,No/Low Need,High
1223,F,Tomato,Flowering,40.58,96.27,23.44,101.94,6.72,34.21,65.19,49.73,22.83,911.41,29.08,55.12,High Need,Moderate
1224,D,Maize,Seedling,67.97,26.84,44.18,24.43,5.75,28.39,35.68,69.6,1.16,293.69,0.0,80.53,No/Low Need,High
1225,F,Tomato,Maturity,16.57,21.26,38.09,52.06,5.44,31.45,71.76,3.15,5.01,841.3,39.18,82.83,High Need,High
1226,A,Tomato,Vegetative,42.07,109.82,65.69,77.19,7.02,20.35,90.19,52.63,20.55,340.48,2.28,45.85,No/Low Need,Moderate
1227,A,Maize,Vegetative,53.22,78.13,63.45,92.15,7.08,30.33,41.66,67.84,22.45,308.67,3.85,54.84,No/Low Need,Moderate
1228,F,Wheat,Vegetative,59.51,55.18,19.38,75.03,5.65,19.62,70.44,13.94,17.97,523.62,9.73,73.25,No/Low Need,High
1229,C,Maize,Seedling,46.98,43.26,16.2,98.61,5.27,29.99,78.72,52.94,24.8,160.52,3.03,73.33,No/Low Need,High
1230,E,Rice,Vegetative,66.54,81.69,73.57,48.27,6.26,30.16,39.25,66.0,3.17,426.66,0.0,55.78,No/Low Need,Moderate
1231,A,Maize,Seedling,68.52,70.9,47.49,38.39,6.72,37.24,36.36,23.04,14.1,402.32,11.11,62.04,No/Low Need,High
1232,E,Rice,Vegetative,15.86,119.16,70.05,25.39,7.04,33.95,62.85,32.42,17.44,236.09,33.63,48.37,High Need,Moderate
1233,A,Maize,Vegetative,36.14,118.32,14.07,77.33,7.31,23.49,82.47,45.56,17.86,831.68,16.44,53.57,Moderate Need,Moderate
1234,B,Rice,Flowering,13.41,83.5,46.86,88.86,6.79,37.55,44.64,41.53,20.04,428.01,46.41,56.84,High Need,Moderate
1235,D,Rice,Maturity,31.76,64.29,47.76,52.61,5.49,30.61,85.2,3.14,23.02,934.63,37.38,67.06,High Need,High
1236,A,Rice,Vegetative,44.21,69.11,70.25,81.36,6.97,31.34,74.39,7.89,9.68,864.75,35.18,57.36,High Need,Moderate
1237,E,Rice,Vegetative,66.65,88.25,16.83,25.22,7.76,21.72,54.93,8.04,2.03,265.59,8.56,70.74,No/Low Need,High
1238,B,Maize,Vegetative,62.79,30.16,26.83,29.93,7.55,36.87,65.95,20.98,9.7,529.35,16.61,86.13,Moderate Need,High
1239,A,Maize,Vegetative,19.65,52.84,38.46,90.18,7.47,38.48,92.93,19.67,17.12,611.53,34.74,69.23,High Need,High
1240,C,Wheat,Flowering,17.58,27.53,70.61,56.81,5.99,35.05,47.99,59.38,6.12,796.12,29.89,75.2,High Need,High
1241,D,Rice,Flowering,47.36,27.34,75.72,87.13,7.15,38.7,64.97,45.82,20.44,852.8,31.31,71.27,High Need,High
1242,A,Rice,Vegetative,43.93,39.58,79.49,103.17,7.41,24.65,72.47,61.12,6.27,630.42,7.39,64.29,No/Low Need,High
1243,B,Rice,Vegetative,27.98,68.53,77.14,105.26,6.96,36.94,43.28,5.59,1.24,129.86,38.12,53.39,High Need,Moderate
1244,C,Rice,Seedling,65.97,98.48,10.42,37.22,5.85,28.76,37.61,38.82,13.19,509.08,7.48,61.74,No/Low Need,High
1245,F,Tomato,Flowering,67.64,68.55,13.34,68.63,7.68,21.61,35.81,25.9,18.44,852.08,17.75,73.65,Moderate Need,High
1246,B,Rice,Seedling,36.16,53.55,20.33,93.39,6.37,32.71,54.48,68.0,9.39,706.98,12.94,65.52,Moderate Need,High
1247,B,Wheat,Maturity,65.42,28.24,34.42,97.4,5.54,33.05,39.44,56.62,18.97,839.62,8.78,75.42,No/Low Need,High
1248,C,Rice,Flowering,35.04,75.03,68.09,98.47,5.49,24.31,83.23,69.54,11.52,672.97,9.73,57.46,No/Low Need,Moderate
1249,B,Rice,Vegetative,56.21,47.13,72.49,42.82,6.88,18.6,94.84,3.71,5.12,137.43,5.64,68.25,No/Low Need,High
1250,C,Wheat,Flowering,40.56,81.49,23.08,39.25,6.34,22.4,38.68,57.67,3.17,922.81,16.04,67.2,Moderate Need,High
1251,A,Maize,Maturity,19.35,117.72,53.38,79.0,5.45,26.8,60.96,43.2,18.05,880.32,24.95,45.94,Moderate Need,Moderate
1252,C,Rice,Flowering,67.68,31.13,74.22,94.11,7.12,21.69,36.54,66.0,10.26,207.59,0.0,69.37,No/Low Need,High
1253,C,Rice,Vegetative,39.25,41.21,42.46,51.91,7.28,22.27,43.04,40.57,22.91,195.79,13.99,76.06,Moderate Need,High
1254,D,Wheat,Vegetative,56.07,67.31,17.25,30.47,7.09,26.61,54.38,43.22,13.97,558.22,8.43,74.06,No/Low Need,High
1255,C,Rice,Maturity,34.03,116.86,42.05,91.67,5.73,39.16,58.62,4.14,9.36,743.49,39.84,45.62,High Need,Moderate
1256,C,Rice,Flowering,13.13,97.18,36.31,49.97,6.99,34.81,91.39,53.48,9.38,424.85,30.26,59.83,High Need,Moderate
1257,F,Potato,Flowering,18.03,109.82,50.44,36.64,5.23,25.03,58.75,21.85,4.15,215.92,29.27,57.96,High Need,Moderate
1258,A,Maize,Maturity,41.77,53.37,40.71,34.77,5.99,38.94,64.78,1.58,15.25,533.97,28.19,71.96,High Need,High
1259,D,Maize,Maturity,53.4,119.2,11.21,51.49,6.24,32.2,49.74,5.31,14.97,386.93,19.57,53.2,Moderate Need,Moderate
1260,F,Wheat,Maturity,32.08,30.28,79.58,79.27,7.37,28.02,35.01,76.58,20.2,399.01,8.24,68.45,No/Low Need,High
1261,E,Wheat,Seedling,53.73,25.3,48.05,55.84,6.22,28.3,88.96,27.69,5.83,648.24,7.76,74.67,No/Low Need,High
1262,A,Wheat,Flowering,53.92,105.56,43.15,22.07,5.23,27.04,39.9,69.45,7.98,852.77,8.48,62.39,No/Low Need,High
1263,A,Maize,Flowering,54.24,112.73,76.82,29.69,6.12,23.13,92.85,76.77,3.33,574.8,0.0,49.56,No/Low Need,Moderate
1264,E,Maize,Flowering,41.55,29.06,20.91,49.05,6.5,26.51,42.85,75.46,8.09,684.46,9.69,82.55,No/Low Need,High
1265,C,Rice,Flowering,66.89,31.34,23.25,85.97,7.67,29.61,71.29,70.54,11.27,660.95,0.0,81.65,No/Low Need,High
1266,F,Wheat,Vegetative,41.35,23.32,66.56,29.85,7.65,29.62,94.96,71.59,24.14,568.47,4.49,81.57,No/Low Need,High
1267,B,Wheat,Flowering,39.02,30.45,28.26,76.07,5.67,34.76,43.31,23.12,16.67,364.14,26.63,80.86,High Need,High
1268,D,Tomato,Flowering,23.96,40.94,65.95,31.99,5.68,25.89,60.44,12.12,19.79,421.13,37.42,75.97,High Need,High
1269,B,Maize,Seedling,30.46,117.01,29.01,41.16,5.62,33.77,81.83,51.14,8.81,368.35,10.52,52.92,No/Low Need,Moderate
1270,E,Wheat,Vegetative,14.54,86.79,12.32,37.22,7.25,30.72,36.93,39.05,4.47,879.87,32.66,68.54,High Need,High
1271,A,Rice,Vegetative,50.01,97.86,46.19,26.72,5.22,39.16,76.39,7.9,7.16,802.63,35.7,62.28,High Need,High
1272,A,Maize,Vegetative,26.91,97.61,23.77,87.13,5.53,26.48,39.82,54.2,7.16,592.45,19.83,57.91,Moderate Need,Moderate
1273,D,Rice,Seedling,30.25,73.51,63.05,66.34,6.6,37.83,49.19,45.03,14.99,875.41,26.31,54.57,High Need,Moderate
1274,A,Rice,Vegetative,58.25,99.75,54.88,103.11,5.84,36.05,44.6,69.05,9.2,853.45,13.22,48.47,Moderate Need,Moderate
1275,A,Rice,Flowering,31.63,79.58,74.65,29.89,5.44,32.03,89.44,48.73,21.58,888.54,31.0,63.25,High Need,High
1276,D,Maize,Flowering,26.53,51.45,64.81,34.47,6.14,32.4,45.83,45.92,24.73,288.51,25.53,70.67,High Need,High
1277,F,Rice,Flowering,22.14,76.11,22.65,50.65,5.91,19.86,37.43,35.26,9.24,709.88,36.05,69.35,High Need,High
1278,F,Wheat,Maturity,58.49,73.35,66.01,96.59,6.53,38.9,70.26,37.02,17.92,617.84,12.51,51.68,Moderate Need,Moderate
1279,D,Tomato,Vegetative,19.78,102.35,54.92,50.58,7.75,20.35,55.77,76.35,16.78,723.76,15.2,56.29,Moderate Need,Moderate
1280,E,Rice,Seedling,39.23,118.17,56.83,60.84,5.52,30.39,59.34,11.08,5.67,323.87,19.5,45.58,Moderate Need,Moderate
1281,A,Wheat,Maturity,42.42,61.1,68.26,50.16,6.17,25.26,42.14,35.7,23.03,690.59,16.04,61.96,Moderate Need,High
1282,A,Wheat,Vegetative,53.24,96.34,50.17,28.02,7.62,27.46,79.89,52.47,5.79,448.35,2.45,61.26,No/Low Need,High
1283,E,Rice,Maturity,50.0,29.98,42.62,113.94,7.48,31.42,71.09,34.64,18.69,808.98,19.75,71.48,Moderate Need,High
1284,F,Tomato,Maturity,60.64,97.68,54.56,74.85,6.23,37.99,56.85,22.66,9.34,776.06,20.93,49.52,Moderate Need,Moderate
1285,C,Rice,Flowering,14.69,57.14,30.86,98.78,7.02,28.07,45.29,22.99,9.81,279.65,41.56,67.89,High Need,High
1286,C,Wheat,Maturity,29.79,23.94,22.78,85.84,5.43,39.73,70.61,18.69,11.93,256.28,21.65,80.72,Moderate Need,High
1287,C,Maize,Seedling,28.81,56.32,53.16,71.43,7.05,31.04,81.72,27.51,21.75,710.07,19.42,63.04,Moderate Need,High
1288,F,Maize,Vegetative,20.76,81.06,26.37,28.97,7.73,21.53,53.74,69.73,4.37,567.9,12.71,70.76,Moderate Need,High
1289,F,Maize,Flowering,29.35,31.93,15.59,84.27,6.6,22.18,36.55,40.42,2.31,573.63,23.22,78.76,Moderate Need,High
1290,E,Rice,Vegetative,30.59,112.4,10.04,35.54,6.5,33.75,47.86,19.22,10.65,739.64,41.24,57.96,High Need,Moderate
1291,A,Rice,Maturity,43.31,27.77,52.58,61.44,5.69,19.11,75.94,30.76,2.33,826.73,14.91,76.02,Moderate Need,High
1292,E,Maize,Seedling,51.82,113.0,35.35,82.91,6.85,28.57,94.35,8.47,17.5,303.12,10.07,45.93,No/Low Need,Moderate
1293,E,Wheat,Flowering,34.87,90.71,62.66,98.22,6.74,21.26,35.8,72.32,19.25,572.21,9.9,50.37,No/Low Need,Moderate
1294,F,Tomato,Flowering,55.17,52.97,36.26,88.5,6.9,27.53,53.37,32.66,21.51,804.61,22.75,69.0,Moderate Need,High
1295,C,Tomato,Flowering,32.17,59.08,44.02,87.15,5.27,34.5,38.72,78.43,18.85,841.88,25.05,69.13,High Need,High
1296,B,Tomato,Vegetative,29.42,94.08,38.5,34.9,6.63,28.09,53.98,27.8,22.99,344.3,26.11,59.3,High Need,Moderate
1297,A,Wheat,Vegetative,44.47,80.15,55.54,54.61,6.75,21.6,59.35,66.91,18.96,188.53,0.0,58.8,No/Low Need,Moderate
1298,F,Rice,Maturity,13.42,87.16,34.93,24.29,5.74,23.54,90.25,20.51,23.47,297.9,25.65,64.45,High Need,High
1299,C,Tomato,Vegetative,16.79,58.92,77.46,91.95,5.74,26.09,39.83,6.09,5.63,903.67,47.09,59.21,High Need,Moderate
1300,B,Wheat,Maturity,37.08,68.78,75.53,115.26,5.92,19.53,81.63,2.54,13.0,493.11,16.3,51.38,Moderate Need,Moderate
1301,B,Rice,Flowering,68.57,118.99,69.36,46.41,7.05,30.86,58.73,48.49,24.85,455.79,5.38,47.57,No/Low Need,Moderate
1302,F,Tomato,Flowering,55.29,41.39,74.42,28.77,6.78,31.37,83.68,24.93,17.36,111.12,10.01,72.53,No/Low Need,High
1303,D,Tomato,Flowering,17.29,61.79,41.44,67.56,7.4,19.37,65.8,35.48,22.09,143.36,21.77,69.76,Moderate Need,High
1304,A,Wheat,Vegetative,62.78,49.18,47.55,105.67,5.97,26.85,37.36,65.49,1.73,668.39,2.22,65.14,No/Low Need,High
1305,B,Rice,Flowering,55.94,96.51,61.95,75.2,7.57,27.11,91.77,19.85,21.92,601.35,18.85,54.72,Moderate Need,Moderate
1306,F,Wheat,Maturity,48.66,96.4,58.73,24.68,7.13,25.34,39.96,24.69,17.75,589.2,15.23,56.64,Moderate Need,Moderate
1307,F,Tomato,Vegetative,61.22,49.24,72.35,117.43,6.23,30.27,70.86,67.63,5.1,193.77,0.0,58.21,No/Low Need,Moderate
1308,C,Potato,Maturity,36.25,28.14,60.14,102.86,5.45,25.61,87.66,39.42,1.62,399.25,9.52,70.53,No/Low Need,High
1309,D,Rice,Vegetative,25.29,21.14,79.85,33.16,5.87,27.16,39.79,66.21,7.24,790.5,24.31,77.4,Moderate Need,High
1310,A,Rice,Seedling,42.72,62.75,34.4,112.18,7.69,35.55,68.23,29.96,22.98,248.67,15.51,62.03,Moderate Need,High
1311,E,Tomato,Vegetative,44.93,61.03,68.31,65.07,6.01,21.57,84.46,31.87,17.04,850.28,17.33,62.33,Moderate Need,High
1312,C,Wheat,Maturity,44.3,118.84,58.83,57.19,6.06,31.62,94.18,13.37,23.07,203.26,12.87,44.78,Moderate Need,Moderate
1313,B,Wheat,Vegetative,45.9,66.98,58.4,66.11,5.69,29.12,78.46,73.31,11.71,243.78,0.0,63.36,No/Low Need,High
1314,B,Potato,Maturity,68.92,45.64,32.81,103.46,7.3,24.71,51.7,71.74,23.48,506.09,0.0,68.77,No/Low Need,High
1315,C,Rice,Maturity,66.13,109.12,64.99,85.95,5.92,34.01,76.97,78.74,12.11,903.5,0.85,43.89,No/Low Need,Moderate
1316,F,Maize,Vegetative,64.54,69.11,73.03,25.92,6.06,30.13,77.35,32.2,5.9,380.12,4.81,63.39,No/Low Need,High
1317,B,Rice,Seedling,60.09,79.92,25.3,115.76,6.28,28.5,77.0,65.49,4.63,659.49,0.0,53.86,No/Low Need,Moderate
1318,D,Wheat,Flowering,68.61,29.57,53.78,34.78,6.33,32.69,86.26,33.2,24.85,600.37,8.63,78.86,No/Low Need,High
1319,A,Tomato,Vegetative,17.91,58.29,37.45,94.56,6.27,35.65,40.24,36.34,9.01,227.18,31.53,64.18,High Need,High
1320,D,Wheat,Flowering,27.91,114.42,79.27,83.61,6.51,39.4,41.51,66.4,4.84,310.94,18.83,40.62,Moderate Need,Moderate
1321,B,Potato,Vegetative,41.7,78.95,43.52,38.75,7.32,31.85,73.44,14.19,1.2,890.63,29.83,65.53,High Need,High
1322,E,Maize,Vegetative,62.79,54.45,25.98,37.07,7.33,37.24,92.23,17.62,7.85,257.11,10.4,76.77,No/Low Need,High
1323,A,Rice,Flowering,42.31,82.57,36.73,107.03,7.28,18.02,62.95,25.18,22.34,690.76,24.33,58.74,Moderate Need,Moderate
1324,A,Rice,Vegetative,56.88,111.04,55.77,61.97,5.46,29.67,92.63,63.05,13.82,919.99,6.7,51.15,No/Low Need,Moderate
1325,C,Wheat,Vegetative,20.34,47.4,15.33,85.46,7.28,22.72,91.29,29.81,16.18,201.58,15.03,74.94,Moderate Need,High
1326,C,Wheat,Vegetative,27.14,70.51,52.25,70.41,5.51,20.07,89.17,28.65,23.14,439.3,15.52,63.54,Moderate Need,High
1327,E,Rice,Vegetative,55.91,115.87,75.19,92.74,5.52,29.7,89.59,79.91,13.31,290.34,0.0,42.18,No/Low Need,Moderate
1328,F,Wheat,Flowering,21.88,37.24,69.53,67.92,7.66,34.43,88.9,30.7,21.12,288.33,25.16,73.56,High Need,High
1329,A,Wheat,Maturity,33.08,91.97,14.74,48.74,7.33,27.07,84.19,19.82,8.77,201.14,12.88,63.89,Moderate Need,High
1330,E,Maize,Vegetative,27.89,81.45,79.54,56.34,6.64,32.74,76.7,49.86,24.45,652.12,22.36,53.42,Moderate Need,Moderate
1331,C,Maize,Flowering,32.99,87.97,58.91,105.91,7.47,28.77,36.46,64.15,2.89,734.39,20.3,53.92,Moderate Need,Moderate
1332,C,Maize,Flowering,54.5,55.12,21.36,66.8,7.77,27.62,42.94,5.57,18.4,675.27,29.26,77.08,High Need,High
1333,A,Rice,Vegetative,34.07,51.39,10.87,41.34,6.79,24.39,43.05,49.51,16.85,885.96,26.47,77.8,High Need,High
1334,D,Rice,Vegetative,45.32,88.42,21.99,113.46,6.79,26.42,36.41,2.86,5.6,223.83,26.62,55.29,High Need,Moderate
1335,B,Maize,Maturity,18.0,41.55,68.67,99.66,7.16,25.7,42.0,42.11,10.33,371.87,19.99,63.52,Moderate Need,High
1336,C,Wheat,Flowering,60.3,61.97,11.51,25.57,5.8,32.22,90.18,20.56,8.51,392.89,10.5,79.33,No/Low Need,High
1337,F,Rice,Flowering,34.19,38.82,26.32,119.89,5.63,20.55,74.83,24.53,3.27,297.27,18.48,73.43,Moderate Need,High
1338,F,Tomato,Flowering,50.91,20.83,63.01,89.49,7.17,20.04,53.72,37.37,15.03,220.87,6.07,75.43,No/Low Need,High
1339,C,Tomato,Seedling,55.52,117.01,51.03,36.03,6.1,32.52,82.6,74.17,24.85,513.7,0.46,47.65,No/Low Need,Moderate
1340,D,Wheat,Flowering,24.58,63.17,64.79,43.72,5.55,30.02,64.3,56.85,14.43,809.27,23.8,68.18,Moderate Need,High
1341,D,Rice,Flowering,65.08,116.93,62.23,89.24,6.02,27.46,43.53,74.95,14.09,911.36,4.33,44.09,No/Low Need,Moderate
1342,E,Tomato,Flowering,48.97,34.03,13.54,97.98,6.13,21.35,88.07,52.8,1.97,209.94,0.0,77.9,No/Low Need,High
1343,F,Maize,Vegetative,37.72,78.74,72.48,43.9,7.71,27.04,55.32,0.57,4.34,799.68,32.65,61.33,High Need,High
1344,E,Tomato,Seedling,22.94,40.1,25.89,45.7,7.01,35.37,76.93,21.25,13.32,800.89,27.38,76.06,High Need,High
1345,F,Tomato,Vegetative,68.54,99.01,48.74,50.71,6.58,37.57,52.44,72.46,24.64,430.63,0.85,53.78,No/Low Need,Moderate
1346,B,Tomato,Maturity,57.3,98.37,55.1,79.8,7.72,33.46,65.0,51.48,22.04,193.53,3.93,52.41,No/Low Need,Moderate
1347,B,Wheat,Vegetative,24.48,31.26,21.8,37.18,7.55,19.32,83.98,78.53,9.17,941.51,8.77,85.81,No/Low Need,High
1348,A,Rice,Vegetative,32.26,111.21,78.34,30.42,6.53,32.75,44.41,12.48,14.03,657.25,41.58,46.78,High Need,Moderate
1349,E,Maize,Seedling,60.58,39.46,44.17,87.89,7.55,23.3,93.64,23.74,14.26,934.87,8.72,70.08,No/Low Need,High
1350,C,Maize,Seedling,53.74,81.3,14.03,97.91,6.25,24.94,39.21,28.99,17.45,511.11,10.61,57.71,No/Low Need,Moderate
1351,E,Maize,Flowering,57.95,118.56,75.61,70.09,5.8,22.31,67.04,26.12,17.51,435.91,9.59,44.34,No/Low Need,Moderate
1352,C,Rice,Flowering,38.47,108.24,51.04,56.38,5.8,35.07,89.96,20.16,19.96,310.11,28.89,53.71,High Need,Moderate
1353,D,Rice,Flowering,54.99,115.66,58.94,63.2,6.92,32.27,91.74,35.48,1.6,936.04,20.98,47.98,Moderate Need,Moderate
1354,E,Tomato,Vegetative,35.19,54.26,46.76,58.84,6.5,31.46,48.93,51.38,23.65,315.27,17.96,67.16,Moderate Need,High
1355,D,Maize,Flowering,24.68,30.56,68.43,116.0,6.91,32.7,43.64,24.9,2.68,120.2,28.73,67.12,High Need,High
1356,B,Potato,Vegetative,49.96,38.83,12.32,96.81,6.98,23.21,78.46,6.38,12.43,535.6,18.62,75.66,Moderate Need,High
1357,B,Tomato,Vegetative,70.56,70.05,28.79,40.81,5.26,27.78,37.52,56.68,23.07,420.49,0.83,72.46,No/Low Need,High
1358,A,Maize,Vegetative,30.64,99.32,42.88,58.42,5.34,31.93,64.11,36.72,12.7,322.18,20.09,58.13,Moderate Need,Moderate
1359,E,Maize,Vegetative,39.66,35.02,15.36,74.4,6.58,32.01,82.78,44.52,2.53,639.42,15.5,77.42,Moderate Need,High
1360,D,Tomato,Vegetative,52.44,85.97,59.41,81.3,5.7,35.42,68.62,36.43,6.5,409.63,14.4,55.24,Moderate Need,Moderate
1361,C,Maize,Flowering,44.49,52.36,37.56,66.82,6.84,24.32,46.28,71.23,14.89,441.91,4.47,71.33,No/Low Need,High
1362,B,Maize,Flowering,62.61,54.12,29.09,101.01,6.64,34.95,64.22,44.7,3.11,119.59,2.2,67.38,No/Low Need,High
1363,B,Rice,Maturity,57.7,86.19,10.24,96.76,6.72,27.68,90.28,73.86,11.17,600.71,0.0,58.34,No/Low Need,Moderate
1364,C,Wheat,Vegetative,15.5,66.7,60.39,70.52,5.99,32.74,72.03,40.85,8.9,203.76,20.29,61.36,Moderate Need,High
1365,D,Maize,Seedling,71.91,101.2,68.37,105.44,6.86,28.03,78.29,23.41,20.56,281.73,2.15,41.1,No/Low Need,Moderate
1366,D,Rice,Vegetative,57.14,35.59,37.65,95.11,7.36,38.87,55.18,28.44,3.64,709.55,25.48,73.86,High Need,High
1367,E,Rice,Maturity,63.83,98.99,49.5,97.86,7.79,21.94,46.31,41.77,17.39,366.26,2.45,51.33,No/Low Need,Moderate
1368,E,Rice,Flowering,51.07,26.42,25.94,115.64,7.38,32.85,50.34,42.4,10.76,238.73,14.51,78.02,Moderate Need,High
1369,F,Rice,Flowering,63.38,39.41,53.55,46.65,6.65,30.68,66.99,54.99,15.11,590.81,5.65,74.25,No/Low Need,High
1370,F,Rice,Seedling,18.74,85.61,10.85,46.76,5.7,21.8,51.81,17.96,5.93,282.67,21.29,65.24,Moderate Need,High
1371,A,Wheat,Flowering,32.86,105.49,44.21,108.9,6.97,19.45,67.52,52.71,15.63,330.33,7.76,48.6,No/Low Need,Moderate
1372,B,Potato,Seedling,64.59,45.27,55.09,97.22,7.64,35.58,77.47,62.29,17.18,628.14,2.64,65.49,No/Low Need,High
1373,E,Wheat,Flowering,24.1,52.72,74.27,112.65,5.75,21.46,79.06,54.13,2.69,728.88,15.69,60.74,Moderate Need,High
1374,D,Rice,Maturity,16.69,73.71,36.69,26.31,5.87,22.1,44.88,38.55,20.78,728.71,29.79,67.67,High Need,High
1375,C,Rice,Maturity,59.29,41.16,63.56,82.78,5.59,39.53,80.03,79.33,21.67,509.91,1.28,67.59,No/Low Need,High
1376,D,Maize,Flowering,62.13,101.12,51.84,34.46,7.12,33.78,75.36,32.39,2.53,486.15,10.66,58.16,No/Low Need,Moderate
1377,B,Wheat,Vegetative,21.76,97.36,74.89,70.39,6.26,23.51,35.72,8.53,15.48,769.5,34.23,47.88,High Need,Moderate
1378,F,Tomato,Maturity,63.26,34.53,37.89,35.57,5.36,31.0,38.53,65.72,15.26,264.08,0.0,80.92,No/Low Need,High
1379,D,Maize,Flowering,53.21,66.38,32.34,32.81,7.47,29.75,73.77,16.98,1.3,229.37,13.38,74.38,Moderate Need,High
1380,A,Tomato,Seedling,43.2,97.48,72.1,21.22,6.65,36.58,58.02,57.06,9.22,664.99,12.93,50.88,Moderate Need,Moderate
1381,B,Rice,Vegetative,61.82,53.73,13.45,83.02,6.06,34.05,43.77,14.32,24.25,448.08,24.43,72.18,Moderate Need,High
1382,F,Maize,Vegetative,37.15,83.31,19.55,55.9,6.09,36.3,37.66,1.35,14.33,703.5,39.42,64.75,High Need,High
1383,C,Rice,Vegetative,23.64,25.02,15.77,30.52,5.95,22.65,44.56,12.78,23.4,318.11,34.15,87.69,High Need,High
1384,F,Potato,Vegetative,29.09,80.87,69.02,52.28,6.38,32.08,92.45,30.16,17.22,376.14,21.68,55.9,Moderate Need,Moderate
1385,A,Maize,Flowering,42.31,35.27,10.74,36.89,6.08,18.89,78.65,8.53,1.68,862.18,24.98,85.53,Moderate Need,High
1386,B,Rice,Vegetative,43.88,103.06,70.32,114.17,6.62,19.52,66.66,15.81,2.87,458.41,17.67,41.14,Moderate Need,Moderate
1387,C,Rice,Vegetative,60.33,55.54,41.59,52.0,7.21,33.7,91.49,61.17,18.33,602.31,3.28,71.34,No/Low Need,High
1388,A,Rice,Flowering,59.48,48.16,10.28,53.4,6.95,18.54,72.15,61.59,14.31,190.68,0.0,79.63,No/Low Need,High
1389,F,Maize,Maturity,46.88,104.09,38.12,103.99,5.97,30.75,78.54,65.4,4.05,252.0,0.31,47.97,No/Low Need,Moderate
1390,A,Rice,Flowering,58.85,25.01,23.08,84.78,6.57,36.49,51.96,67.29,15.74,130.5,0.64,79.45,No/Low Need,High
1391,B,Maize,Vegetative,23.51,59.66,53.71,91.02,7.38,26.36,70.34,33.63,20.45,460.72,23.05,63.84,Moderate Need,High
1392,E,Rice,Maturity,15.0,57.0,57.56,83.6,5.38,18.99,43.61,69.4,19.07,940.58,22.55,64.35,Moderate Need,High
1393,A,Maize,Maturity,64.42,48.48,44.13,114.62,5.4,33.7,59.27,42.07,6.91,842.79,11.12,65.69,No/Low Need,High
1394,A,Tomato,Vegetative,16.53,111.18,12.84,40.7,6.65,38.45,36.99,37.65,7.2,637.97,40.44,57.83,High Need,Moderate
1395,F,Tomato,Seedling,26.8,95.09,55.93,118.9,6.86,33.78,48.0,57.48,24.23,831.93,20.96,43.68,Moderate Need,Moderate
1396,F,Tomato,Flowering,53.72,26.39,68.94,103.1,5.75,30.73,39.49,17.11,22.3,605.04,30.07,71.27,High Need,High
1397,C,Rice,Maturity,36.57,91.47,60.42,78.9,7.14,23.06,58.27,63.16,8.64,413.45,6.58,51.45,No/Low Need,Moderate
1398,F,Rice,Maturity,64.58,72.73,68.1,86.24,6.88,18.34,85.58,34.36,20.78,247.51,0.0,54.14,No/Low Need,Moderate
1399,D,Maize,Maturity,29.88,110.09,24.04,84.88,7.6,33.28,57.68,10.18,4.88,655.09,28.98,53.16,High Need,Moderate
1400,B,Wheat,Flowering,12.71,51.29,72.22,25.84,5.64,23.08,84.9,9.54,5.72,264.09,27.78,72.43,High Need,High
1401,B,Wheat,Flowering,30.04,77.42,32.55,41.8,7.15,36.88,74.39,13.19,5.35,454.81,31.2,68.45,High Need,High
1402,E,Rice,Seedling,46.68,70.08,10.94,116.15,5.42,28.26,65.57,71.25,3.11,801.93,5.91,62.99,No/Low Need,High
1403,E,Rice,Vegetative,34.56,68.96,69.04,73.44,6.67,29.67,49.21,79.28,21.51,209.84,6.5,57.37,No/Low Need,Moderate
1404,B,Rice,Vegetative,44.09,65.61,75.93,57.84,6.63,34.59,90.33,28.56,14.89,209.67,16.48,58.92,Moderate Need,Moderate
1405,E,Tomato,Flowering,64.6,40.56,55.89,96.2,6.21,35.15,38.25,23.37,7.21,290.74,17.31,68.08,Moderate Need,High
1406,C,Rice,Flowering,66.75,95.57,26.2,72.45,7.4,32.14,76.33,17.5,21.37,569.13,19.19,61.11,Moderate Need,High
1407,F,Maize,Flowering,27.96,65.13,27.62,21.32,5.21,38.65,72.27,65.91,20.26,313.96,18.17,78.29,Moderate Need,High
1408,B,Rice,Vegetative,39.73,115.85,42.66,93.62,6.55,39.61,61.46,16.74,3.42,527.72,34.75,44.21,High Need,Moderate
1409,E,Maize,Flowering,44.95,46.08,72.85,93.22,5.76,38.83,49.42,73.93,16.46,356.69,10.77,65.42,No/Low Need,High
1410,B,Rice,Seedling,68.95,88.27,20.47,36.51,7.13,36.13,60.84,53.39,18.32,530.31,4.52,63.21,No/Low Need,High
1411,D,Tomato,Vegetative,71.92,114.07,67.82,115.67,5.31,33.52,87.37,71.77,18.18,335.99,0.0,42.17,No/Low Need,Moderate
1412,A,Tomato,Flowering,26.12,86.35,30.39,42.39,7.36,32.59,85.21,44.32,18.36,933.01,34.49,66.75,High Need,High
1413,F,Rice,Flowering,55.62,107.13,66.6,65.77,7.38,20.28,91.48,55.25,5.07,518.81,0.0,50.86,No/Low Need,Moderate
1414,B,Potato,Maturity,34.68,102.75,74.42,31.47,7.37,23.97,53.47,49.56,8.56,732.1,15.33,51.93,Moderate Need,Moderate
1415,A,Potato,Vegetative,12.49,56.01,39.92,80.33,5.6,18.13,58.23,66.5,21.26,695.46,19.26,68.85,Moderate Need,High
1416,E,Tomato,Vegetative,12.56,80.01,35.55,57.55,6.84,21.02,36.12,66.87,22.56,516.98,21.89,62.45,Moderate Need,High
1417,A,Tomato,Vegetative,39.63,35.63,66.16,55.32,5.24,27.66,91.58,47.18,7.7,303.03,7.41,75.09,No/Low Need,High
1418,F,Rice,Vegetative,41.3,73.55,47.06,102.7,7.4,21.22,54.76,50.6,1.55,534.11,10.49,59.27,No/Low Need,Moderate
1419,B,Maize,Maturity,13.35,43.04,57.91,20.96,7.08,37.84,59.25,73.75,21.63,678.83,22.37,74.11,Moderate Need,High
1420,D,Rice,Flowering,53.22,94.37,53.6,99.79,6.58,35.73,89.47,74.39,10.05,490.93,0.85,50.0,No/Low Need,Moderate
1421,E,Rice,Maturity,29.64,72.81,20.7,77.14,7.1,19.58,66.6,53.14,8.91,169.64,5.94,64.62,No/Low Need,High
1422,B,Potato,Vegetative,45.59,61.12,69.14,118.61,5.45,23.48,68.97,0.62,9.33,115.29,16.76,57.96,Moderate Need,Moderate
1423,F,Rice,Maturity,30.06,46.88,23.7,78.94,6.57,36.02,45.57,8.35,10.98,378.7,34.67,70.04,High Need,High
1424,E,Maize,Seedling,22.03,119.87,75.26,25.54,5.96,35.67,64.92,68.64,10.08,227.69,10.08,44.19,No/Low Need,Moderate
1425,C,Tomato,Maturity,36.43,27.17,27.54,25.06,7.73,38.8,90.09,6.78,14.59,870.26,33.39,86.76,High Need,High
1426,A,Tomato,Vegetative,25.94,24.36,61.37,108.32,7.43,39.95,68.52,17.08,2.89,249.46,32.74,71.88,High Need,High
1427,F,Potato,Vegetative,44.09,41.73,29.93,104.12,7.11,39.48,50.31,18.44,24.32,435.14,30.02,71.2,High Need,High
1428,C,Rice,Flowering,23.93,117.11,32.24,54.59,7.63,27.02,36.87,48.02,23.47,705.27,37.13,56.19,High Need,Moderate
1429,B,Rice,Maturity,42.5,117.92,31.7,81.8,6.1,23.51,55.18,46.13,23.43,793.11,17.2,46.84,Moderate Need,Moderate
1430,D,Wheat,Seedling,21.44,85.49,62.35,68.96,7.54,34.69,69.36,23.15,22.1,506.06,20.54,54.31,Moderate Need,Moderate
1431,E,Rice,Vegetative,52.26,108.01,48.98,116.72,6.05,24.58,37.56,16.61,16.85,253.96,18.69,44.41,Moderate Need,Moderate
1432,A,Rice,Maturity,57.24,41.4,71.81,115.0,7.11,35.74,71.59,61.16,6.31,330.26,2.31,60.97,No/Low Need,High
1433,E,Wheat,Vegetative,18.62,117.2,31.52,118.38,7.11,29.75,66.4,74.84,2.19,456.12,11.86,45.06,No/Low Need,Moderate
1434,B,Tomato,Vegetative,40.07,34.28,58.44,106.64,5.25,35.47,82.01,4.22,3.38,409.91,28.66,70.71,High Need,High
1435,E,Maize,Vegetative,16.25,30.11,62.71,110.96,6.14,24.07,36.73,10.65,8.78,396.37,33.63,67.2,High Need,High
1436,A,Rice,Vegetative,47.89,31.22,20.6,41.73,5.25,29.18,81.85,51.37,13.09,212.08,3.83,86.29,No/Low Need,High
1437,B,Maize,Maturity,27.86,77.31,38.04,103.1,7.79,30.41,66.25,64.36,24.84,876.31,18.19,59.7,Moderate Need,Moderate
1438,E,Rice,Flowering,43.66,98.1,43.8,90.89,5.52,38.75,57.23,63.3,11.45,125.29,11.24,55.24,No/Low Need,Moderate
1439,D,Rice,Flowering,43.05,56.67,34.9,116.28,6.61,23.87,92.92,57.57,13.59,474.0,4.27,63.57,No/Low Need,High
1440,F,Tomato,Maturity,67.46,117.79,32.55,77.13,7.26,38.61,44.61,70.99,17.68,933.27,9.37,48.73,No/Low Need,Moderate
1441,B,Maize,Vegetative,44.94,63.44,58.05,28.52,5.72,35.71,67.48,17.39,5.34,660.77,25.9,68.95,High Need,High
1442,F,Tomato,Seedling,46.98,35.04,25.11,79.74,6.46,34.08,54.26,8.58,23.39,402.1,20.25,71.86,Moderate Need,High
1443,B,Rice,Vegetative,36.1,66.6,59.66,88.66,6.78,35.31,66.65,49.23,13.7,224.18,17.07,58.43,Moderate Need,Moderate
1444,D,Tomato,Vegetative,68.94,87.9,75.45,42.03,5.62,31.32,68.14,65.78,7.63,919.29,3.2,56.77,No/Low Need,Moderate
1445,F,Maize,Vegetative,58.63,103.22,49.56,59.41,7.22,23.37,40.37,46.56,23.44,111.89,1.44,53.8,No/Low Need,Moderate
1446,C,Maize,Maturity,29.12,65.88,52.8,79.85,5.98,22.17,74.67,77.04,16.01,679.18,6.53,60.41,No/Low Need,High
1447,A,Maize,Flowering,62.65,79.36,14.83,57.41,5.75,37.06,73.07,63.65,12.61,848.12,9.42,69.55,No/Low Need,High
1448,C,Tomato,Vegetative,37.94,46.73,70.51,57.49,6.65,33.95,81.17,56.06,14.92,121.39,8.24,66.06,No/Low Need,High
1449,E,Maize,Flowering,61.72,84.59,29.98,33.31,6.27,22.69,40.44,4.82,18.96,716.4,24.04,65.96,Moderate Need,High
1450,D,Maize,Flowering,61.37,118.6,53.05,114.07,7.59,31.53,52.84,8.62,4.71,949.01,29.15,44.67,High Need,Moderate
1451,C,Potato,Maturity,23.33,24.91,78.54,95.05,7.49,27.85,74.01,62.79,21.76,643.7,15.74,68.95,Moderate Need,High
1452,B,Tomato,Maturity,54.07,108.65,51.69,20.12,6.46,21.49,43.2,15.86,24.03,452.48,15.3,52.17,Moderate Need,Moderate
1453,E,Wheat,Flowering,29.44,76.23,60.73,96.56,6.13,29.7,75.66,2.31,14.61,843.24,37.58,56.07,High Need,Moderate
1454,E,Maize,Flowering,29.85,45.21,41.17,93.98,6.05,24.19,38.54,72.86,17.37,571.05,14.48,70.14,Moderate Need,High
1455,C,Wheat,Flowering,29.78,115.49,14.23,20.97,5.9,20.12,55.1,71.26,21.64,737.02,12.2,61.87,Moderate Need,High
1456,C,Rice,Flowering,55.53,68.34,65.83,56.96,6.62,28.27,85.8,17.48,10.0,599.61,20.26,61.43,Moderate Need,High
1457,D,Maize,Seedling,25.79,53.17,12.45,80.67,7.29,30.98,81.46,62.42,24.83,132.55,7.12,71.22,No/Low Need,High
1458,A,Potato,Seedling,12.05,38.15,59.05,65.28,6.01,19.03,73.69,3.84,17.33,281.17,21.58,68.29,Moderate Need,High
1459,C,Potato,Flowering,54.91,44.45,11.6,97.8,5.69,26.85,87.23,22.8,11.18,166.95,7.27,76.69,No/Low Need,High
1460,C,Rice,Vegetative,22.27,103.28,70.36,62.55,6.44,23.67,77.56,49.89,17.26,190.68,14.37,47.02,Moderate Need,Moderate
1461,F,Wheat,Seedling,18.27,81.44,21.03,35.39,5.38,18.67,66.16,61.05,13.52,113.09,4.66,67.39,No/Low Need,High
1462,B,Rice,Flowering,26.25,111.32,46.0,117.64,7.02,20.76,93.78,0.83,3.68,457.99,33.3,45.56,High Need,Moderate
1463,F,Potato,Seedling,34.79,43.2,51.8,44.2,6.55,21.06,76.69,26.1,20.1,251.85,10.09,68.75,No/Low Need,High
1464,F,Potato,Flowering,40.55,32.11,42.03,91.77,6.49,22.02,71.08,17.15,14.55,827.34,28.1,72.69,High Need,High
1465,E,Maize,Flowering,14.67,20.61,33.85,34.32,5.98,35.67,59.53,79.9,20.1,737.53,26.93,86.77,High Need,High
1466,A,Tomato,Maturity,70.23,70.79,42.75,52.9,7.55,27.67,89.14,53.68,4.72,587.2,0.0,66.0,No/Low Need,High
1467,B,Maize,Vegetative,54.96,119.83,31.8,64.2,5.44,21.24,52.74,32.45,13.92,515.67,9.66,52.47,No/Low Need,Moderate
1468,D,Maize,Seedling,31.39,89.5,40.67,39.22,7.46,20.21,35.55,6.05,19.4,317.49,18.59,60.17,Moderate Need,High
1469,D,Rice,Flowering,31.12,50.84,35.12,65.0,6.18,24.55,46.8,47.89,24.72,503.71,25.5,72.39,High Need,High
1470,C,Wheat,Maturity,38.91,107.69,49.63,35.72,7.49,35.56,41.57,51.34,22.23,645.04,17.38,54.78,Moderate Need,Moderate
1471,C,Maize,Maturity,49.57,98.17,26.65,75.9,7.09,26.02,54.14,65.31,21.74,764.89,7.69,55.54,No/Low Need,Moderate
1472,D,Maize,Vegetative,20.78,21.54,79.21,86.37,5.47,21.52,84.55,23.09,6.94,169.43,17.27,72.6,Moderate Need,High
1473,C,Wheat,Vegetative,23.34,101.69,45.06,26.24,7.36,26.89,74.09,78.51,21.11,702.19,11.87,59.64,No/Low Need,Moderate
1474,A,Potato,Maturity,63.57,50.05,23.59,107.11,6.97,30.22,45.14,35.16,5.06,731.32,11.99,67.26,No/Low Need,High
1475,F,Rice,Vegetative,27.38,34.97,43.39,38.51,5.28,18.65,82.33,23.68,5.75,575.13,22.77,81.26,Moderate Need,High
1476,C,Wheat,Flowering,34.81,42.63,70.65,42.54,5.55,31.81,65.25,27.88,3.64,282.17,19.95,73.84,Moderate Need,High
1477,E,Maize,Vegetative,64.28,66.86,11.53,86.13,6.85,26.69,65.76,41.57,21.58,558.31,5.85,67.59,No/Low Need,High
1478,C,Maize,Seedling,51.79,62.49,57.57,66.88,6.92,18.21,56.73,74.94,3.6,527.3,0.0,60.29,No/Low Need,High
1479,B,Maize,Vegetative,32.5,48.89,48.36,69.94,7.14,32.83,86.88,58.81,4.31,504.35,12.33,69.82,Moderate Need,High
1480,A,Rice,Vegetative,53.02,37.22,21.87,32.82,7.07,33.67,54.1,46.17,6.9,491.54,14.36,82.49,Moderate Need,High
1481,B,Rice,Flowering,13.18,96.22,67.22,100.57,6.91,31.83,40.65,13.02,14.74,194.2,49.09,48.18,High Need,Moderate
1482,B,Maize,Maturity,56.14,119.01,35.82,81.71,7.19,25.52,53.16,11.95,22.12,255.46,12.36,46.92,Moderate Need,Moderate
1483,E,Maize,Vegetative,41.22,97.78,30.57,33.54,6.7,29.65,77.92,40.18,11.04,182.73,9.44,59.98,No/Low Need,Moderate
1484,A,Rice,Maturity,60.79,49.59,67.97,57.4,5.88,26.52,74.45,58.3,14.11,306.11,0.0,65.99,No/Low Need,High
1485,A,Maize,Seedling,69.28,44.48,54.7,101.04,7.57,33.41,46.28,60.08,5.0,323.96,0.0,65.08,No/Low Need,High
1486,A,Wheat,Flowering,67.55,41.77,72.88,76.84,5.25,30.84,41.71,18.07,7.38,308.31,11.93,70.79,No/Low Need,High
1487,A,Maize,Seedling,66.56,33.67,54.09,30.86,6.15,19.8,74.65,8.01,4.21,279.29,2.93,74.19,No/Low Need,High
1488,A,Tomato,Maturity,42.73,75.13,61.86,57.28,7.1,32.15,75.58,30.76,10.84,725.11,20.01,58.85,Moderate Need,Moderate
1489,E,Rice,Flowering,33.61,80.54,68.55,44.27,6.31,33.12,56.97,73.45,15.17,795.78,23.02,58.84,Moderate Need,Moderate
1490,C,Rice,Flowering,39.9,90.55,13.83,71.75,5.26,26.16,85.57,43.63,7.82,378.04,12.04,66.38,Moderate Need,High
1491,B,Tomato,Maturity,53.39,88.02,64.32,104.34,5.37,37.27,93.69,25.61,21.3,359.36,13.72,50.76,Moderate Need,Moderate
1492,A,Maize,Flowering,65.04,49.23,52.96,63.63,6.89,36.55,47.34,25.89,24.55,817.43,25.36,70.14,High Need,High
1493,C,Maize,Maturity,24.42,53.03,14.87,63.33,7.71,21.85,69.62,10.57,3.88,630.34,23.87,76.09,Moderate Need,High
1494,C,Tomato,Flowering,67.09,88.15,45.6,110.54,6.63,37.89,35.32,37.86,1.43,349.42,13.22,52.34,Moderate Need,Moderate
1495,B,Tomato,Maturity,60.91,54.94,15.77,77.62,6.52,27.7,77.78,63.31,19.95,706.57,1.79,68.85,No/Low Need,High
1496,E,Potato,Flowering,70.73,41.26,61.52,76.62,6.03,33.92,59.86,77.48,5.58,392.9,0.0,69.91,No/Low Need,High
1497,D,Wheat,Seedling,64.82,57.43,48.26,46.19,5.87,35.91,46.6,40.13,9.48,598.57,8.08,66.91,No/Low Need,High
1498,D,Wheat,Flowering,28.8,47.21,76.75,80.77,5.25,29.11,80.13,13.38,10.46,943.74,34.66,67.89,High Need,High
1499,C,Wheat,Seedling,18.36,28.83,22.82,77.59,5.91,26.78,83.64,54.64,23.0,356.36,10.23,76.72,No/Low Need,High
1500,F,Rice,Flowering,18.73,103.01,52.42,59.69,6.37,38.14,41.67,60.54,16.81,890.95,45.53,52.46,High Need,Moderate
1501,F,Maize,Vegetative,29.47,105.31,24.81,119.07,5.71,23.08,37.46,5.74,1.97,372.55,27.88,50.71,High Need,Moderate
1502,B,Rice,Flowering,48.85,41.98,52.98,108.19,5.43,23.65,55.04,68.01,1.36,559.24,2.77,69.83,No/Low Need,High
1503,D,Potato,Seedling,60.26,26.48,60.59,94.96,7.07,25.96,72.56,66.35,5.79,490.99,0.0,68.5,No/Low Need,High
1504,C,Maize,Vegetative,65.96,93.88,60.56,73.73,7.53,36.91,82.61,37.8,8.64,765.69,11.69,54.33,No/Low Need,Moderate
1505,E,Maize,Vegetative,49.43,41.15,67.06,66.21,7.64,38.65,67.76,44.83,12.63,151.93,10.46,71.38,No/Low Need,High
1506,D,Wheat,Maturity,12.34,59.34,69.75,38.49,6.81,22.84,69.84,57.07,21.11,633.05,16.44,63.58,Moderate Need,High
1507,C,Rice,Vegetative,23.18,26.41,15.41,50.57,5.34,37.01,82.99,54.14,8.56,746.57,29.37,87.35,High Need,High
1508,C,Rice,Vegetative,17.98,42.63,34.03,97.4,7.13,23.68,66.73,1.32,10.04,501.32,40.31,71.06,High Need,High
1509,A,Wheat,Flowering,33.8,99.29,58.1,65.37,5.49,39.35,71.67,9.79,8.9,189.5,28.61,55.46,High Need,Moderate
1510,E,Rice,Flowering,42.08,100.44,44.9,108.23,6.94,31.14,65.97,13.01,1.22,308.08,28.12,50.05,High Need,Moderate
1511,A,Maize,Vegetative,14.6,40.71,23.35,34.79,7.23,18.16,87.83,60.45,23.92,677.72,15.74,81.52,Moderate Need,High
1512,B,Tomato,Vegetative,32.91,53.59,48.69,70.83,7.09,18.75,49.13,35.21,4.34,861.12,23.52,67.95,Moderate Need,High
1513,A,Tomato,Vegetative,22.75,33.42,38.52,84.7,7.67,21.24,50.84,43.64,7.9,458.37,20.46,76.89,Moderate Need,High
1514,A,Maize,Maturity,50.82,27.42,37.3,71.68,7.12,22.13,42.68,61.81,4.1,576.35,3.59,76.89,No/Low Need,High
1515,D,Rice,Seedling,39.86,119.22,66.68,108.92,7.0,34.89,84.17,27.28,12.77,294.13,15.0,35.78,Moderate Need,Moderate
1516,F,Tomato,Vegetative,41.72,85.56,38.53,118.96,5.88,22.9,59.71,59.91,23.37,450.38,7.73,53.89,No/Low Need,Moderate
1517,C,Tomato,Seedling,37.66,74.21,11.85,31.58,7.6,39.32,55.87,35.38,3.42,386.27,17.42,71.73,Moderate Need,High
1518,E,Rice,Vegetative,69.36,96.55,14.06,33.0,5.67,31.99,93.88,30.17,11.58,657.2,8.6,65.93,No/Low Need,High
1519,A,Maize,Flowering,24.88,104.01,69.94,33.03,7.55,33.24,90.61,26.64,1.54,936.99,35.85,55.86,High Need,Moderate
1520,E,Rice,Vegetative,43.0,100.67,77.24,88.12,6.01,22.79,93.32,77.2,19.5,791.31,2.32,45.27,No/Low Need,Moderate
1521,F,Tomato,Seedling,56.16,21.65,58.19,57.27,5.54,37.64,43.54,61.76,16.39,263.34,5.35,76.57,No/Low Need,High
1522,F,Potato,Vegetative,45.41,38.68,35.51,93.33,7.35,32.69,88.48,1.62,17.79,591.03,27.77,73.43,High Need,High
1523,A,Rice,Seedling,67.74,85.49,75.7,60.55,5.21,37.02,54.72,76.59,12.34,156.45,0.0,53.91,No/Low Need,Moderate
1524,B,Tomato,Seedling,34.68,57.58,56.4,82.76,7.36,39.04,35.76,62.04,22.78,309.88,14.58,61.93,Moderate Need,High
1525,A,Maize,Maturity,39.82,118.25,69.1,96.99,5.88,20.76,58.48,11.93,10.83,246.39,14.34,39.06,Moderate Need,Moderate
1526,D,Potato,Flowering,17.31,86.54,63.61,74.82,7.5,20.12,65.55,6.11,13.34,385.21,35.27,57.38,High Need,Moderate
1527,C,Wheat,Maturity,48.54,115.65,36.54,73.95,7.0,35.67,41.49,24.66,17.69,676.99,20.49,48.04,Moderate Need,Moderate
1528,B,Tomato,Maturity,29.29,40.14,43.51,28.82,6.93,37.05,67.26,49.93,13.49,524.48,20.8,76.08,Moderate Need,High
1529,A,Rice,Flowering,21.62,106.4,23.03,61.08,6.15,30.84,84.17,49.32,5.54,892.97,34.41,57.38,High Need,Moderate
1530,E,Rice,Seedling,44.67,52.14,30.44,74.58,5.35,26.05,57.66,22.07,8.61,280.84,12.68,70.49,Moderate Need,High
1531,B,Rice,Flowering,43.94,118.96,64.47,66.2,7.36,32.36,56.16,35.65,3.22,409.58,22.6,47.32,Moderate Need,Moderate
1532,B,Potato,Maturity,16.55,35.77,72.58,110.08,5.64,24.72,55.33,16.95,11.38,380.37,26.56,64.22,High Need,High
1533,A,Tomato,Flowering,53.89,71.63,60.71,110.65,6.17,23.24,90.39,4.05,15.63,300.57,15.38,55.69,Moderate Need,Moderate
1534,B,Tomato,Flowering,49.43,99.28,42.56,102.19,6.76,28.74,37.93,41.36,3.84,944.2,26.1,50.85,High Need,Moderate
1535,E,Potato,Vegetative,23.34,63.26,16.06,57.53,6.45,22.76,61.7,27.76,16.13,429.14,24.18,70.16,Moderate Need,High
1536,F,Rice,Maturity,40.17,66.81,13.99,91.73,5.72,28.64,50.88,43.43,22.43,899.43,23.95,66.72,Moderate Need,High
1537,B,Wheat,Flowering,55.22,118.64,36.2,59.53,5.57,39.05,88.63,75.72,9.11,431.9,0.33,53.6,No/Low Need,Moderate
1538,F,Rice,Maturity,43.77,62.53,42.47,43.26,5.52,36.48,40.76,11.47,6.33,273.48,26.61,69.57,High Need,High
1539,E,Rice,Vegetative,35.73,80.41,52.64,54.29,7.44,38.72,59.69,0.16,22.43,201.33,38.81,62.04,High Need,High
1540,A,Rice,Vegetative,31.34,25.45,10.45,27.1,5.28,35.74,59.41,6.15,17.61,827.23,47.63,91.6,High Need,High
1541,C,Wheat,Vegetative,48.62,104.22,79.28,53.18,7.74,25.8,88.3,37.02,3.53,127.28,2.1,50.96,No/Low Need,Moderate
1542,B,Rice,Flowering,68.35,84.82,35.48,66.07,5.72,35.86,47.93,56.55,10.79,919.74,15.42,63.16,Moderate Need,High
1543,C,Rice,Vegetative,52.3,60.4,69.37,115.55,5.49,38.3,73.69,46.46,17.18,455.46,15.44,58.36,Moderate Need,Moderate
1544,E,Rice,Seedling,16.48,21.62,47.45,51.34,6.7,38.83,43.06,39.59,14.79,310.27,26.48,76.18,High Need,High
1545,B,Rice,Maturity,39.64,79.17,19.13,110.25,5.41,33.03,92.24,28.32,15.85,624.83,21.33,60.85,Moderate Need,High
1546,F,Potato,Seedling,65.45,21.27,65.83,42.89,6.77,22.65,70.58,24.8,14.61,212.98,1.26,74.28,No/Low Need,High
1547,D,Tomato,Maturity,17.67,20.12,59.69,39.1,7.41,18.87,72.58,30.1,20.15,161.32,16.5,80.27,Moderate Need,High
1548,C,Potato,Vegetative,71.33,81.61,46.92,71.9,5.32,21.24,61.03,48.93,8.69,803.62,0.68,61.53,No/Low Need,High
1549,B,Wheat,Maturity,68.94,38.9,46.02,87.25,7.28,39.24,55.54,13.42,18.0,460.97,14.27,70.42,Moderate Need,High
1550,C,Rice,Flowering,16.7,39.19,16.12,24.43,6.23,28.17,47.76,61.71,24.79,540.52,31.49,84.21,High Need,High
1551,B,Tomato,Maturity,68.0,85.33,55.91,42.11,5.61,36.81,71.24,46.02,10.36,250.19,1.98,59.64,No/Low Need,Moderate
1552,A,Rice,Maturity,33.79,25.37,73.79,65.57,5.66,28.23,92.27,21.53,19.99,152.21,16.41,72.59,Moderate Need,High
1553,F,Rice,Seedling,62.68,51.34,16.53,53.1,7.59,32.54,56.59,40.09,6.91,412.61,6.41,75.58,No/Low Need,High
1554,C,Rice,Seedling,37.1,34.94,28.45,91.26,5.49,18.53,87.99,77.02,7.77,530.22,0.0,73.79,No/Low Need,High
1555,D,Rice,Vegetative,38.45,78.02,73.16,71.12,7.45,23.5,43.93,1.64,23.44,750.62,39.14,57.13,High Need,Moderate
1556,D,Rice,Flowering,50.05,86.18,29.9,36.04,6.62,27.6,91.17,15.96,1.62,525.89,19.98,64.7,Moderate Need,High
1557,E,Wheat,Maturity,58.47,92.11,55.78,109.45,5.3,31.87,56.03,35.87,6.22,765.13,11.92,50.65,No/Low Need,Moderate
1558,B,Maize,Vegetative,14.03,45.52,47.44,49.29,6.41,21.77,57.78,51.08,12.59,198.12,16.05,71.34,Moderate Need,High
1559,C,Rice,Flowering,47.59,28.92,51.74,93.11,7.33,34.82,62.77,16.98,10.64,154.37,24.72,75.08,Moderate Need,High
1560,E,Rice,Vegetative,23.2,27.87,39.11,97.99,7.09,26.02,78.09,74.51,16.1,235.03,7.17,74.64,No/Low Need,High
1561,C,Tomato,Maturity,32.76,62.62,31.0,116.32,6.47,35.98,78.18,51.41,5.63,756.21,19.76,59.04,Moderate Need,Moderate
1562,B,Rice,Maturity,32.88,114.58,13.4,69.85,7.44,20.16,63.78,70.19,2.69,745.43,8.18,54.8,No/Low Need,Moderate
1563,D,Rice,Vegetative,40.14,41.77,62.1,81.58,5.51,32.95,66.39,26.35,9.86,220.16,21.22,69.63,Moderate Need,High
1564,A,Tomato,Vegetative,32.05,45.67,62.23,53.49,7.57,24.45,36.8,66.32,13.58,126.34,7.62,72.05,No/Low Need,High
1565,D,Rice,Seedling,18.44,30.09,56.95,87.82,7.4,35.5,53.26,30.26,14.49,682.49,30.24,70.18,High Need,High
1566,E,Rice,Flowering,20.74,80.56,55.05,66.34,7.04,26.85,55.76,20.22,15.44,826.99,48.64,60.01,High Need,High
1567,F,Wheat,Flowering,14.01,87.99,27.06,63.77,7.33,32.64,68.52,72.93,14.17,740.99,23.29,64.14,Moderate Need,High
1568,A,Rice,Seedling,40.21,84.29,11.56,105.55,6.61,38.55,68.5,7.38,6.9,272.38,22.39,55.72,Moderate Need,Moderate
1569,E,Maize,Vegetative,69.27,106.11,66.61,25.02,6.96,18.45,77.59,75.43,19.35,596.2,0.0,52.89,No/Low Need,Moderate
1570,B,Tomato,Vegetative,18.94,68.64,44.38,108.2,6.66,18.24,78.02,36.68,3.11,743.76,23.3,57.7,Moderate Need,Moderate
1571,A,Rice,Flowering,68.78,33.45,31.48,105.21,6.12,34.95,49.11,79.41,5.76,317.45,0.0,74.02,No/Low Need,High
1572,E,Maize,Flowering,56.0,48.94,17.14,70.64,6.68,32.22,81.21,43.17,18.75,548.56,11.05,75.0,No/Low Need,High
1573,B,Wheat,Seedling,50.25,86.24,14.39,69.02,5.87,24.45,36.18,60.6,7.71,367.29,2.58,61.05,No/Low Need,High
1574,D,Rice,Flowering,50.72,81.31,34.42,56.18,6.34,28.88,77.97,0.57,12.84,291.74,25.83,63.18,High Need,High
1575,F,Maize,Flowering,61.6,73.1,66.33,119.42,5.93,18.92,41.12,39.73,8.85,924.15,11.99,54.12,No/Low Need,Moderate
1576,B,Rice,Vegetative,18.42,88.3,74.31,31.12,5.52,22.23,78.78,59.0,13.17,875.69,23.75,58.55,Moderate Need,Moderate
1577,C,Wheat,Seedling,42.29,83.74,72.77,79.02,6.04,27.34,66.63,62.63,9.32,478.82,4.16,49.46,No/Low Need,Moderate
1578,B,Rice,Flowering,53.83,108.13,74.4,88.17,7.42,36.35,61.24,12.64,24.86,216.26,27.56,46.61,High Need,Moderate
1579,B,Wheat,Maturity,47.21,78.6,73.54,113.43,6.19,28.55,76.44,33.52,9.58,718.72,12.53,47.74,Moderate Need,Moderate
1580,F,Rice,Vegetative,61.97,97.86,46.91,98.02,7.14,30.9,37.18,33.53,16.05,317.35,12.97,51.04,Moderate Need,Moderate
1581,C,Tomato,Vegetative,16.34,44.87,25.36,84.38,5.66,37.22,48.41,8.29,22.32,243.24,43.11,74.31,High Need,High
1582,E,Rice,Vegetative,53.44,87.82,65.86,31.68,6.3,24.79,71.99,35.44,16.31,424.3,9.5,57.04,No/Low Need,Moderate
1583,E,Wheat,Flowering,44.04,110.22,24.96,57.37,5.5,33.42,85.83,64.57,14.58,550.37,8.2,58.85,No/Low Need,Moderate
1584,B,Wheat,Vegetative,34.75,58.57,28.7,33.88,5.56,36.96,57.87,24.01,14.66,182.82,21.41,75.79,Moderate Need,High
1585,C,Maize,Vegetative,32.42,97.91,26.33,108.12,6.81,22.46,50.53,34.61,12.92,585.98,20.37,52.19,Moderate Need,Moderate
1586,C,Maize,Flowering,49.25,92.48,46.05,94.96,6.78,25.84,66.12,76.88,20.38,113.05,0.0,53.34,No/Low Need,Moderate
1587,F,Maize,Flowering,65.46,25.95,32.53,95.75,5.75,39.56,72.34,2.54,2.21,858.09,29.8,78.85,High Need,High
1588,D,Tomato,Vegetative,41.77,78.15,20.79,85.23,6.43,39.63,60.21,47.32,22.24,882.63,28.92,61.3,High Need,High
1589,E,Tomato,Vegetative,61.48,33.02,41.72,70.7,7.44,22.91,87.6,59.47,15.07,723.11,0.0,77.2,No/Low Need,High
1590,F,Rice,Flowering,36.13,116.73,71.17,35.0,5.65,19.46,66.41,60.87,21.37,496.57,9.5,50.54,No/Low Need,Moderate
1591,A,Wheat,Seedling,18.14,101.14,49.94,52.97,5.25,23.96,37.15,57.28,1.25,316.66,10.58,54.29,No/Low Need,Moderate
1592,E,Tomato,Seedling,15.69,30.97,71.48,33.69,6.9,26.75,48.38,58.12,21.86,732.5,20.06,71.78,Moderate Need,High
1593,F,Potato,Maturity,15.08,32.18,23.71,92.49,5.34,27.7,62.04,4.72,3.88,892.03,37.31,77.48,High Need,High
1594,E,Tomato,Seedling,34.81,79.45,21.69,36.02,7.75,31.61,76.86,42.73,18.31,234.75,10.84,68.35,No/Low Need,High
1595,D,Wheat,Flowering,32.23,54.49,50.29,90.21,6.79,37.79,48.19,62.64,11.0,495.95,19.88,65.35,Moderate Need,High
1596,A,Rice,Maturity,55.08,23.49,42.43,89.23,6.42,25.27,93.58,7.53,17.35,367.97,12.78,72.96,Moderate Need,High
1597,D,Wheat,Vegetative,56.57,74.16,56.21,65.93,6.32,36.7,54.11,0.96,16.08,403.23,22.77,58.96,Moderate Need,Moderate
1598,A,Maize,Vegetative,15.05,58.78,65.62,33.52,6.69,20.06,66.95,65.16,4.92,444.89,12.3,66.12,Moderate Need,High
1599,B,Wheat,Flowering,25.27,30.11,62.59,51.48,5.44,18.92,36.14,56.98,13.35,909.03,22.08,78.66,Moderate Need,High
1600,F,Wheat,Maturity,28.46,100.19,75.96,52.01,7.62,29.09,88.09,32.98,7.65,319.84,13.12,51.01,Moderate Need,Moderate
1601,A,Tomato,Maturity,44.86,111.51,37.88,90.04,6.83,19.31,82.33,75.23,14.45,518.77,0.0,46.51,No/Low Need,Moderate
1602,D,Wheat,Flowering,20.67,95.66,24.45,31.37,5.68,26.63,46.73,61.33,18.71,908.76,26.35,66.0,High Need,High
1603,E,Tomato,Seedling,20.04,102.24,48.56,102.91,6.66,37.73,90.99,77.43,2.95,504.65,10.82,43.83,No/Low Need,Moderate
1604,A,Wheat,Flowering,68.63,41.65,17.75,96.1,5.55,23.31,53.95,74.35,13.38,834.06,0.0,77.24,No/Low Need,High
1605,F,Rice,Vegetative,60.25,46.36,30.22,38.63,5.25,33.53,76.53,38.5,15.82,149.95,5.08,80.09,No/Low Need,High
1606,A,Wheat,Vegetative,22.84,40.85,24.55,91.92,6.84,24.65,84.14,60.38,8.09,910.08,16.39,72.84,Moderate Need,High
1607,C,Tomato,Seedling,36.39,96.51,37.76,86.85,6.89,18.99,79.45,53.54,23.87,259.4,2.96,50.46,No/Low Need,Moderate
1608,E,Rice,Vegetative,33.34,114.79,17.79,94.81,6.72,30.25,90.05,64.92,13.49,932.94,18.83,49.57,Moderate Need,Moderate
1609,F,Rice,Flowering,59.46,91.68,12.23,38.89,5.68,36.37,86.86,63.02,5.38,249.24,0.0,68.57,No/Low Need,High
1610,F,Potato,Vegetative,42.61,108.15,55.98,35.76,6.77,27.01,94.68,12.26,3.59,477.71,18.32,52.1,Moderate Need,Moderate
1611,B,Rice,Vegetative,19.67,83.87,52.72,43.65,5.35,31.58,45.96,18.7,14.0,362.32,39.38,63.03,High Need,High
1612,D,Maize,Vegetative,56.34,58.77,59.59,56.59,6.78,37.8,53.29,21.26,10.01,468.25,20.38,64.8,Moderate Need,High
1613,B,Maize,Maturity,35.81,62.58,56.23,99.37,6.64,35.37,73.17,65.48,5.62,312.95,7.86,56.99,No/Low Need,Moderate
1614,F,Wheat,Flowering,27.78,27.53,18.0,93.79,6.9,22.27,78.98,64.86,1.74,920.52,14.1,79.8,Moderate Need,High
1615,E,Maize,Vegetative,34.53,23.15,30.38,112.55,7.53,34.13,67.08,39.63,14.6,359.87,19.19,77.74,Moderate Need,High
1616,A,Rice,Seedling,41.87,89.55,19.07,25.86,7.41,29.04,39.44,46.47,15.37,655.28,16.03,65.45,Moderate Need,High
1617,A,Maize,Vegetative,32.59,63.84,69.01,21.16,7.75,34.41,85.5,66.15,4.4,216.83,6.83,69.61,No/Low Need,High
1618,E,Wheat,Maturity,26.51,75.22,62.28,89.91,7.74,28.88,92.65,25.01,15.44,800.73,21.18,57.39,Moderate Need,Moderate
1619,F,Maize,Flowering,35.91,75.77,24.11,47.93,7.21,20.82,59.33,4.01,23.85,561.13,30.88,70.0,High Need,High
1620,A,Rice,Flowering,13.15,47.74,33.89,53.41,7.69,30.54,48.49,38.61,24.48,932.53,52.87,78.47,High Need,High
1621,A,Maize,Flowering,58.35,67.59,77.66,74.68,7.45,28.83,36.16,73.1,22.32,459.89,2.54,60.73,No/Low Need,High
1622,A,Rice,Vegetative,22.26,67.08,51.59,30.24,7.09,29.39,49.24,63.24,20.37,266.13,19.16,67.98,Moderate Need,High
1623,D,Rice,Maturity,14.63,58.84,66.08,84.27,5.4,37.34,77.0,29.33,6.02,394.12,31.48,62.06,High Need,High
1624,D,Rice,Flowering,51.22,102.07,28.52,52.51,5.33,37.69,89.7,5.18,4.75,726.42,36.25,62.08,High Need,High
1625,C,Rice,Seedling,58.44,65.12,24.7,83.27,7.38,27.98,40.61,50.95,11.68,660.24,8.2,65.24,No/Low Need,High
1626,B,Tomato,Seedling,60.83,80.36,64.87,103.4,6.47,28.03,68.2,66.76,15.87,761.6,2.05,47.32,No/Low Need,Moderate
1627,E,Rice,Flowering,41.61,109.55,58.01,37.11,7.32,29.33,76.73,53.2,21.42,162.45,8.37,54.83,No/Low Need,Moderate
1628,E,Potato,Maturity,24.32,106.62,57.67,113.09,6.01,29.43,51.58,34.01,6.57,593.31,24.22,42.39,Moderate Need,Moderate
1629,E,Potato,Vegetative,56.23,109.04,48.68,73.07,6.23,38.91,69.19,9.87,12.51,892.34,30.61,48.66,High Need,Moderate
1630,C,Maize,Maturity,53.98,47.0,49.45,112.29,7.02,32.29,77.91,72.86,16.54,191.72,0.0,63.16,No/Low Need,High
1631,D,Rice,Flowering,26.78,23.5,61.5,40.77,7.58,24.1,85.26,22.08,11.69,180.18,23.49,82.34,Moderate Need,High
1632,F,Wheat,Vegetative,66.2,46.11,28.9,80.46,5.43,29.69,62.15,17.94,11.9,709.11,13.96,74.67,Moderate Need,High
1633,F,Tomato,Seedling,18.26,47.87,34.69,60.39,7.44,31.8,79.87,65.28,6.4,367.91,11.4,71.95,No/Low Need,High
1634,C,Wheat,Seedling,70.96,110.94,71.01,97.42,7.26,32.07,53.11,78.5,24.68,659.79,0.0,40.07,No/Low Need,Moderate
1635,F,Rice,Flowering,63.61,84.92,31.62,80.59,6.02,30.88,47.78,52.81,12.4,563.58,8.81,60.88,No/Low Need,High
1636,E,Maize,Vegetative,53.27,28.17,48.24,69.45,6.12,21.91,46.24,49.98,13.79,938.16,12.59,75.49,Moderate Need,High
1637,B,Tomato,Vegetative,68.32,33.54,59.18,111.3,5.32,18.74,56.53,25.55,6.25,855.7,9.49,69.98,No/Low Need,High
1638,A,Tomato,Flowering,55.34,35.57,79.99,57.71,5.24,25.43,37.15,1.63,13.34,676.36,31.97,73.83,High Need,High
1639,D,Rice,Flowering,23.43,83.04,40.47,42.0,6.44,27.41,51.98,15.34,7.13,322.42,38.56,62.84,High Need,High
1640,D,Maize,Seedling,38.53,93.54,39.97,80.81,5.45,19.36,74.13,46.75,5.86,322.62,3.48,54.38,No/Low Need,Moderate
1641,C,Rice,Vegetative,16.29,105.96,68.98,82.4,5.7,35.93,73.88,12.11,7.62,849.91,50.32,46.99,High Need,Moderate
1642,D,Rice,Vegetative,35.38,114.06,66.39,63.91,7.4,25.57,39.41,70.71,1.07,597.54,12.4,47.48,Moderate Need,Moderate
1643,E,Tomato,Flowering,56.5,40.17,61.18,68.66,6.68,38.1,52.24,15.05,14.68,770.89,34.75,70.11,High Need,High
1644,F,Rice,Maturity,35.19,50.98,42.43,115.96,6.85,21.4,69.17,41.77,10.3,482.38,12.67,62.03,Moderate Need,High
1645,E,Rice,Vegetative,31.82,44.03,32.68,93.27,5.69,19.25,54.11,40.96,22.57,187.61,13.82,72.08,Moderate Need,High
1646,C,Rice,Maturity,47.72,55.88,52.61,31.06,7.35,28.61,60.08,48.32,1.98,382.78,8.09,70.82,No/Low Need,High
1647,E,Tomato,Flowering,64.33,111.47,71.34,41.21,7.46,22.16,77.77,26.19,2.04,236.98,0.0,51.88,No/Low Need,Moderate
1648,F,Tomato,Flowering,14.85,77.51,71.86,117.56,6.56,38.62,35.56,69.88,22.26,764.56,39.81,49.89,High Need,Moderate
1649,B,Maize,Flowering,35.13,93.82,17.59,92.65,7.57,18.23,51.58,35.54,4.04,695.44,19.84,61.47,Moderate Need,High
1650,C,Tomato,Vegetative,21.49,69.01,39.98,111.5,7.4,27.08,43.54,56.01,1.05,175.15,16.03,60.94,Moderate Need,High
1651,B,Rice,Seedling,53.72,22.89,42.53,50.39,7.1,38.39,42.66,50.87,5.29,628.18,13.54,78.37,Moderate Need,High
1652,A,Wheat,Flowering,18.34,26.42,78.43,94.19,7.11,26.46,92.54,9.37,20.77,843.02,36.9,70.07,High Need,High
1653,B,Wheat,Flowering,51.89,73.79,57.46,91.4,5.47,20.05,57.59,49.81,20.27,692.76,8.07,60.7,No/Low Need,High
1654,A,Rice,Flowering,29.17,91.88,38.51,49.47,5.9,24.66,66.63,44.06,9.16,534.45,23.5,61.63,Moderate Need,High
1655,A,Wheat,Vegetative,23.94,41.53,11.82,75.08,5.37,28.96,79.03,71.89,17.03,365.08,9.0,80.09,No/Low Need,High
1656,B,Potato,Maturity,68.18,92.19,49.58,82.74,5.22,22.07,37.85,70.47,13.17,854.03,0.0,55.27,No/Low Need,Moderate
1657,C,Rice,Flowering,13.11,101.07,16.73,68.11,5.61,28.26,49.46,12.08,22.71,459.38,51.94,61.53,High Need,High
1658,F,Rice,Seedling,38.27,61.19,68.41,102.72,7.49,36.4,84.93,6.53,2.35,827.08,27.25,56.74,High Need,Moderate
1659,E,Rice,Vegetative,13.3,94.64,62.68,103.29,5.82,37.2,86.72,23.57,20.52,765.55,46.72,48.76,High Need,Moderate
1660,E,Rice,Flowering,41.02,60.4,42.24,105.06,7.72,19.08,57.38,78.93,5.09,793.79,4.3,66.84,No/Low Need,High
1661,F,Potato,Flowering,42.06,87.84,40.04,100.34,6.75,21.54,57.49,1.73,10.4,941.33,36.13,55.14,High Need,Moderate
1662,A,Wheat,Vegetative,31.3,96.4,72.81,68.81,5.82,24.06,80.41,53.83,5.61,736.44,12.51,50.51,Moderate Need,Moderate
1663,A,Wheat,Maturity,19.93,119.19,30.19,58.14,6.49,31.09,52.7,48.68,17.86,128.93,14.93,47.99,Moderate Need,Moderate
1664,C,Tomato,Vegetative,34.58,54.54,27.43,103.14,5.77,25.94,42.03,51.73,17.28,274.62,14.33,68.15,Moderate Need,High
1665,D,Rice,Vegetative,52.34,61.1,75.74,69.02,7.76,36.57,50.45,17.46,14.15,129.92,21.84,63.57,Moderate Need,High
1666,B,Wheat,Maturity,58.94,36.56,66.65,44.64,7.4,33.77,58.24,18.14,17.76,261.43,11.54,73.05,No/Low Need,High
1667,A,Wheat,Maturity,43.85,40.41,67.44,70.73,5.27,20.21,38.13,34.45,16.35,152.22,7.43,69.86,No/Low Need,High
1668,E,Maize,Flowering,47.39,89.34,23.66,34.18,7.66,31.74,63.72,7.67,19.63,526.37,29.28,69.19,High Need,High
1669,C,Potato,Maturity,24.04,111.7,20.03,89.16,7.07,20.49,79.4,5.97,6.75,123.98,18.2,50.73,Moderate Need,Moderate
1670,B,Tomato,Seedling,29.24,59.46,11.82,53.59,5.41,23.61,65.82,7.07,11.29,501.69,21.05,73.77,Moderate Need,High
1671,C,Wheat,Maturity,21.71,37.98,26.59,46.07,6.94,21.91,39.31,45.84,4.64,864.01,19.8,77.79,Moderate Need,High
1672,B,Tomato,Vegetative,26.96,48.51,64.19,115.65,6.88,21.81,61.41,31.82,11.31,736.29,26.33,60.56,High Need,High
1673,B,Rice,Vegetative,25.49,65.51,26.8,97.69,5.77,31.56,77.53,23.49,17.84,902.36,40.35,65.41,High Need,High
1674,F,Rice,Vegetative,43.17,49.07,61.04,98.71,7.17,30.4,38.49,25.27,17.59,292.65,24.65,64.15,Moderate Need,High
1675,A,Rice,Vegetative,45.76,43.36,27.63,82.37,5.43,21.87,38.59,16.58,18.03,551.42,25.53,75.55,High Need,High
1676,C,Rice,Vegetative,68.7,93.6,37.67,103.92,6.47,39.78,57.24,32.92,8.41,370.79,12.82,50.92,Moderate Need,Moderate
1677,C,Wheat,Vegetative,23.73,20.78,78.82,95.92,5.23,27.28,46.7,16.24,16.89,519.75,28.84,72.73,High Need,High
1678,F,Maize,Seedling,50.5,73.92,27.14,79.88,7.72,20.14,91.09,55.84,9.82,573.51,0.0,63.75,No/Low Need,High
1679,E,Potato,Vegetative,61.04,99.38,36.35,116.11,7.15,20.65,69.88,9.91,23.67,130.76,7.03,50.32,No/Low Need,Moderate
1680,E,Wheat,Flowering,45.61,46.62,31.08,39.16,5.61,30.85,52.24,75.86,9.24,298.27,2.26,79.85,No/Low Need,High
1681,A,Wheat,Vegetative,27.3,80.33,17.67,114.34,6.09,39.54,77.29,7.19,15.47,699.06,34.99,59.03,High Need,Moderate
1682,A,Rice,Vegetative,27.75,86.89,44.29,60.14,5.62,30.58,57.5,75.48,19.0,756.99,20.25,60.53,Moderate Need,High
1683,D,Rice,Flowering,14.36,85.5,36.51,72.84,7.19,38.88,42.93,66.66,22.75,584.03,40.35,61.59,High Need,High
1684,F,Maize,Maturity,30.33,64.58,58.64,32.27,5.35,27.77,49.23,54.46,11.51,330.2,12.23,68.01,Moderate Need,High
1685,E,Wheat,Flowering,56.68,54.66,67.23,74.01,7.39,27.59,73.56,72.98,9.65,444.32,0.0,66.59,No/Low Need,High
1686,B,Tomato,Vegetative,14.85,103.59,48.1,81.12,7.65,29.0,38.11,11.14,11.32,181.63,37.02,53.06,High Need,Moderate
1687,C,Rice,Flowering,25.16,95.84,12.25,119.77,6.96,33.34,51.36,14.11,8.77,910.2,55.07,56.09,High Need,Moderate
1688,A,Rice,Vegetative,54.37,52.13,53.32,117.52,5.75,26.09,47.5,20.17,16.69,838.38,26.41,62.62,High Need,High
1689,C,Wheat,Seedling,58.96,30.3,13.88,116.64,6.14,37.01,47.07,19.58,23.39,155.76,10.55,72.25,No/Low Need,High
1690,C,Rice,Vegetative,39.32,27.18,53.14,54.84,6.44,18.64,75.97,24.87,4.03,241.52,11.02,75.4,No/Low Need,High
1691,D,Rice,Maturity,53.88,29.43,57.95,119.13,6.77,27.67,84.55,46.05,14.46,593.93,7.12,65.44,No/Low Need,High
1692,E,Maize,Vegetative,35.28,78.29,23.84,65.55,6.94,29.24,77.95,2.25,22.54,297.57,25.95,64.55,High Need,High
1693,A,Rice,Seedling,21.59,25.17,67.35,105.18,6.64,31.35,73.74,30.58,3.4,894.24,26.8,64.76,High Need,High
1694,C,Maize,Seedling,35.89,53.69,73.78,41.63,6.11,24.07,89.99,19.71,12.85,742.25,15.31,63.1,Moderate Need,High
1695,A,Rice,Maturity,46.8,95.32,66.92,70.58,7.52,27.4,38.5,48.53,21.77,332.3,11.62,51.56,No/Low Need,Moderate
1696,B,Rice,Flowering,68.88,49.43,31.36,116.6,5.41,28.66,45.05,78.81,22.61,105.19,0.0,70.41,No/Low Need,High
1697,D,Wheat,Vegetative,16.13,96.33,51.07,114.7,6.41,33.11,59.86,41.41,13.34,779.53,29.57,46.58,High Need,Moderate
1698,B,Tomato,Flowering,42.44,94.55,74.04,88.37,7.22,35.02,57.35,34.05,1.6,460.48,24.55,50.19,Moderate Need,Moderate
1699,A,Wheat,Flowering,31.74,44.58,32.45,99.78,5.36,34.23,60.08,29.46,3.54,646.02,28.45,73.98,High Need,High
1700,A,Tomato,Flowering,42.5,92.88,67.4,37.64,7.03,25.51,47.39,62.8,15.08,343.93,8.0,57.25,No/Low Need,Moderate
1701,E,Rice,Vegetative,13.44,94.78,10.66,92.17,7.33,39.99,43.97,5.76,3.97,221.44,49.28,60.01,High Need,High
1702,C,Tomato,Maturity,30.78,59.75,10.26,81.81,6.92,36.67,65.55,76.78,4.59,674.01,13.94,69.4,Moderate Need,High
1703,C,Rice,Vegetative,61.19,41.04,63.18,29.16,5.23,23.72,90.68,33.43,19.53,482.78,4.36,77.08,No/Low Need,High
1704,B,Maize,Flowering,45.24,72.13,63.3,31.32,5.67,22.29,58.52,25.1,19.02,299.89,15.07,66.59,Moderate Need,High
1705,D,Maize,Seedling,39.03,112.14,65.23,30.84,6.09,24.91,37.6,77.93,21.23,216.98,1.96,47.31,No/Low Need,Moderate
1706,F,Potato,Vegetative,29.13,83.96,75.1,92.44,5.81,27.95,77.37,74.87,3.54,593.41,9.08,51.28,No/Low Need,Moderate
1707,C,Wheat,Vegetative,29.88,37.29,18.25,34.17,7.7,36.72,52.47,51.35,5.76,716.72,22.74,85.48,Moderate Need,High
1708,E,Rice,Flowering,34.99,88.28,26.24,66.77,6.89,35.12,49.71,1.48,20.99,341.3,46.13,62.07,High Need,High
1709,B,Rice,Seedling,62.13,62.72,73.26,55.7,5.97,36.73,54.46,59.88,18.31,724.87,8.66,59.18,No/Low Need,Moderate
1710,B,Tomato,Flowering,70.03,79.15,22.41,75.05,7.62,23.98,78.43,26.84,20.34,255.65,0.23,67.61,No/Low Need,High
1711,F,Wheat,Vegetative,38.32,93.41,57.76,90.65,7.13,31.06,84.13,31.06,24.75,387.65,16.08,51.35,Moderate Need,Moderate
1712,E,Tomato,Flowering,35.6,71.49,47.13,88.47,5.94,24.23,70.28,12.7,21.75,733.15,34.54,61.76,High Need,High
1713,D,Rice,Maturity,62.79,101.4,15.82,71.55,6.19,20.4,54.35,41.88,13.49,661.12,5.13,55.86,No/Low Need,Moderate
1714,E,Rice,Flowering,37.61,92.22,29.97,66.43,5.72,33.05,53.63,59.56,8.46,329.95,16.38,61.74,Moderate Need,High
1715,D,Rice,Flowering,45.12,81.51,46.43,59.78,7.72,21.15,42.46,21.84,14.67,203.81,18.71,64.77,Moderate Need,High
1716,E,Potato,Flowering,25.86,35.08,69.66,106.19,6.54,32.69,91.0,75.1,16.33,136.1,6.45,65.15,No/Low Need,High
1717,E,Maize,Vegetative,56.61,103.59,59.53,53.09,7.53,32.26,73.29,15.58,9.05,812.23,21.59,53.89,Moderate Need,Moderate
1718,A,Potato,Maturity,43.92,113.59,53.53,45.94,6.1,35.83,36.62,5.3,19.5,163.87,24.71,48.6,Moderate Need,Moderate
1719,B,Rice,Vegetative,60.54,33.7,44.72,94.33,7.44,21.07,74.74,51.55,3.23,197.62,0.0,73.61,No/Low Need,High
1720,E,Maize,Flowering,58.84,68.82,30.91,55.98,5.34,35.24,61.83,67.95,19.71,302.05,1.57,71.84,No/Low Need,High
1721,F,Maize,Flowering,24.9,45.89,18.35,104.7,7.75,39.98,93.35,76.25,1.77,478.82,14.74,75.95,Moderate Need,High
1722,E,Rice,Vegetative,54.94,95.45,38.64,52.79,7.57,36.72,84.14,61.37,12.95,771.32,11.37,60.45,No/Low Need,High
1723,C,Tomato,Vegetative,60.0,92.16,12.0,90.19,6.14,34.54,45.28,15.97,21.67,310.36,20.23,58.97,Moderate Need,Moderate
1724,B,Potato,Vegetative,32.77,34.09,24.77,24.51,7.21,32.57,78.21,78.21,3.08,561.98,8.44,84.53,No/Low Need,High
1725,C,Tomato,Maturity,22.36,107.7,40.27,58.56,7.16,27.28,64.13,73.55,13.43,176.82,7.34,52.4,No/Low Need,Moderate
1726,B,Maize,Maturity,12.16,38.1,39.3,54.32,7.54,34.07,46.22,13.05,4.83,494.83,34.06,76.88,High Need,High
1727,C,Rice,Flowering,39.05,99.73,13.1,101.67,6.0,33.93,76.92,44.7,22.48,250.99,18.81,57.03,Moderate Need,Moderate
1728,E,Rice,Flowering,33.15,65.7,51.23,116.71,6.41,31.89,67.84,44.44,20.98,279.51,22.68,57.61,Moderate Need,Moderate
1729,E,Potato,Maturity,45.29,52.83,48.48,66.09,7.45,35.52,36.82,35.4,23.41,411.8,19.63,68.74,Moderate Need,High
1730,A,Rice,Seedling,23.28,35.82,15.47,102.48,7.22,27.87,73.8,78.74,22.0,747.15,12.16,73.34,Moderate Need,High
1731,F,Maize,Vegetative,63.58,36.76,76.02,89.97,6.22,20.67,73.1,4.77,18.68,732.39,15.32,64.88,Moderate Need,High
1732,C,Maize,Flowering,27.47,86.19,16.96,116.74,7.4,30.3,43.65,50.18,5.44,452.73,23.2,60.46,Moderate Need,High
1733,D,Maize,Maturity,25.59,75.04,69.84,101.11,5.32,23.83,55.94,16.42,8.26,200.87,19.18,54.5,Moderate Need,Moderate
1734,A,Potato,Maturity,40.84,32.21,10.02,27.75,7.23,26.46,70.15,42.19,12.92,338.59,9.55,85.98,No/Low Need,High
1735,C,Rice,Vegetative,41.93,31.27,71.76,91.33,5.74,18.38,43.33,62.38,15.13,529.55,7.25,69.16,No/Low Need,High
1736,C,Rice,Seedling,24.91,27.23,11.38,73.55,5.94,26.42,86.16,19.74,19.77,839.0,25.51,79.65,High Need,High
1737,A,Rice,Vegetative,28.31,94.38,63.05,21.64,6.48,35.79,36.65,31.47,6.45,923.02,43.73,55.93,High Need,Moderate
1738,E,Wheat,Vegetative,22.18,91.19,35.32,45.13,6.37,29.94,41.17,76.06,4.08,641.85,15.69,59.57,Moderate Need,Moderate
1739,C,Rice,Vegetative,55.11,25.84,61.68,112.18,6.55,18.22,41.97,60.92,12.58,398.08,0.0,67.37,No/Low Need,High
1740,E,Rice,Flowering,58.21,76.03,38.12,112.61,6.62,28.34,66.69,45.82,4.79,689.44,11.33,57.28,No/Low Need,Moderate
1741,A,Tomato,Seedling,39.74,28.47,14.96,99.89,6.06,24.41,72.21,17.76,17.65,385.8,14.09,74.97,Moderate Need,High
1742,E,Potato,Maturity,54.85,110.37,63.73,118.18,5.66,28.51,59.22,34.02,14.82,631.65,12.75,40.89,Moderate Need,Moderate
1743,B,Rice,Vegetative,56.16,110.71,14.99,100.65,7.2,26.9,52.32,61.92,18.79,307.2,1.01,52.6,No/Low Need,Moderate
1744,D,Wheat,Flowering,20.3,89.82,74.55,21.02,6.24,38.5,83.56,65.64,2.52,326.94,16.65,57.86,Moderate Need,Moderate
1745,C,Potato,Seedling,69.97,112.62,13.57,48.78,6.52,18.91,39.1,19.57,24.15,163.94,2.44,52.75,No/Low Need,Moderate
1746,F,Rice,Vegetative,61.26,101.15,43.55,23.06,6.88,33.04,51.82,52.96,1.0,457.12,6.35,58.55,No/Low Need,Moderate
1747,D,Rice,Seedling,24.27,102.85,60.61,29.41,7.57,36.72,37.35,7.6,8.81,625.45,34.86,53.93,High Need,Moderate
1748,E,Rice,Maturity,23.17,76.97,37.53,41.88,7.04,39.1,35.83,1.86,17.31,770.48,49.17,64.25,High Need,High
1749,C,Maize,Maturity,19.54,50.61,25.21,70.36,5.32,21.91,56.2,43.89,2.08,788.8,20.38,74.04,Moderate Need,High
1750,E,Rice,Vegetative,20.3,41.78,63.14,104.75,7.38,29.69,46.69,17.95,3.0,943.58,47.12,66.22,High Need,High
1751,B,Potato,Vegetative,56.89,52.72,64.9,106.2,7.77,18.96,51.1,6.31,2.84,174.59,9.88,63.78,No/Low Need,High
1752,A,Wheat,Maturity,40.18,82.85,74.59,81.62,6.43,28.98,84.26,58.39,14.96,519.17,6.67,49.05,No/Low Need,Moderate
1753,C,Wheat,Vegetative,58.98,37.27,36.33,112.82,7.72,20.76,44.78,39.84,22.5,543.17,6.95,72.88,No/Low Need,High
1754,B,Rice,Vegetative,56.78,45.86,45.44,70.01,6.62,36.43,81.81,63.7,14.33,783.85,10.14,69.22,No/Low Need,High
1755,B,Wheat,Flowering,48.28,66.81,35.42,108.9,6.4,20.51,75.5,53.12,15.49,326.4,0.47,61.08,No/Low Need,High
1756,C,Maize,Maturity,53.18,43.31,28.0,65.41,6.06,29.29,54.59,58.38,9.3,158.97,0.87,73.51,No/Low Need,High
1757,E,Tomato,Seedling,13.1,78.86,62.57,47.72,6.91,29.46,67.79,24.59,1.45,366.69,22.2,56.42,Moderate Need,Moderate
1758,F,Tomato,Vegetative,30.71,112.32,33.78,111.64,5.8,39.38,61.67,21.06,1.52,936.34,40.96,47.38,High Need,Moderate
1759,B,Maize,Maturity,50.27,94.81,39.97,58.79,5.47,32.41,42.7,48.07,22.32,864.53,17.31,58.03,Moderate Need,Moderate
1760,D,Potato,Vegetative,12.56,86.64,38.26,70.34,5.27,24.33,89.43,16.01,3.46,435.96,28.83,61.87,High Need,High
1761,B,Tomato,Seedling,13.98,78.27,59.89,52.89,5.96,23.3,69.18,65.23,24.99,844.83,17.13,56.99,Moderate Need,Moderate
1762,F,Tomato,Flowering,63.11,68.79,74.25,86.28,6.23,20.82,87.81,41.83,4.95,127.84,0.0,56.85,No/Low Need,Moderate
1763,E,Rice,Maturity,53.04,38.66,56.67,119.5,6.64,34.64,84.43,18.16,17.19,367.07,16.75,62.15,Moderate Need,High
1764,E,Rice,Vegetative,27.92,109.47,43.01,22.55,5.96,33.2,39.79,50.01,23.77,717.79,33.48,56.68,High Need,Moderate
1765,D,Rice,Maturity,53.28,44.85,64.54,109.98,7.76,31.42,47.44,75.6,9.69,288.23,0.0,64.37,No/Low Need,High
1766,B,Maize,Flowering,59.55,29.13,54.87,20.39,5.96,18.9,43.72,6.57,18.63,268.63,13.87,82.02,Moderate Need,High
1767,E,Wheat,Seedling,30.41,95.0,14.24,56.42,6.35,34.78,84.85,8.75,9.42,832.54,22.04,57.87,Moderate Need,Moderate
1768,F,Wheat,Maturity,14.16,37.56,16.7,36.86,5.47,32.12,86.75,67.51,8.32,623.56,14.72,83.17,Moderate Need,High
1769,C,Tomato,Vegetative,67.97,57.19,12.65,95.73,5.88,39.21,66.68,8.77,5.84,940.67,27.59,70.41,High Need,High
1770,A,Tomato,Vegetative,32.71,22.83,41.98,25.06,5.33,30.92,41.25,3.15,20.7,214.47,33.73,86.81,High Need,High
1771,A,Potato,Flowering,18.39,33.71,67.81,75.35,6.65,24.69,43.14,27.83,7.18,402.71,32.71,70.06,High Need,High
1772,A,Rice,Vegetative,41.51,37.32,31.92,49.49,7.15,26.39,83.81,37.34,7.8,364.53,12.08,78.97,Moderate Need,High
1773,B,Maize,Seedling,58.11,25.44,36.89,33.37,5.71,21.87,90.75,45.56,24.98,848.11,4.4,81.37,No/Low Need,High
1774,D,Rice,Seedling,25.3,85.67,73.66,97.18,6.16,33.9,46.97,40.58,8.86,317.0,20.03,46.03,Moderate Need,Moderate
1775,E,Rice,Vegetative,28.17,103.7,68.58,41.74,5.24,33.57,35.67,73.05,11.15,400.44,18.67,54.5,Moderate Need,Moderate
1776,C,Rice,Maturity,26.56,57.33,56.55,42.37,7.38,22.41,54.86,61.49,24.76,221.41,10.14,68.41,No/Low Need,High
1777,F,Rice,Flowering,71.5,107.46,28.68,47.51,7.23,21.49,36.83,78.7,9.86,759.09,0.0,59.17,No/Low Need,Moderate
1778,C,Wheat,Maturity,23.84,41.33,18.19,78.68,5.36,19.69,84.68,38.12,9.79,302.05,9.74,77.12,No/Low Need,High
1779,F,Tomato,Vegetative,46.53,52.54,11.12,85.97,6.15,38.06,64.49,6.75,20.87,158.07,26.49,72.27,High Need,High
1780,B,Rice,Vegetative,67.52,35.07,17.49,21.76,7.68,23.13,73.51,76.44,8.49,469.84,0.0,87.74,No/Low Need,High
1781,A,Maize,Vegetative,20.81,82.06,30.48,44.19,6.22,25.57,59.69,0.33,6.61,432.74,33.21,64.07,High Need,High
1782,B,Wheat,Vegetative,70.25,61.99,48.63,63.1,6.57,24.17,55.73,62.09,11.16,250.97,0.0,64.12,No/Low Need,High
1783,D,Rice,Vegetative,68.85,81.33,14.48,53.2,6.12,27.1,48.33,2.5,17.82,213.56,14.91,66.5,Moderate Need,High
1784,D,Wheat,Flowering,65.07,96.17,19.54,108.42,6.75,33.71,81.23,60.9,2.04,862.07,4.48,55.2,No/Low Need,Moderate
1785,F,Rice,Maturity,24.87,74.57,22.68,98.77,7.74,37.15,76.73,75.04,9.97,157.67,9.82,63.66,No/Low Need,High
1786,E,Maize,Maturity,50.04,82.76,54.24,82.59,7.79,22.02,56.64,31.14,9.31,184.41,5.65,57.5,No/Low Need,Moderate
1787,E,Wheat,Vegetative,57.65,113.53,53.11,53.8,7.21,33.1,54.27,19.28,6.88,308.29,13.51,50.49,Moderate Need,Moderate
1788,F,Rice,Maturity,71.16,49.91,48.55,90.07,6.25,25.76,35.07,18.1,16.7,909.91,18.32,63.98,Moderate Need,High
1789,D,Rice,Vegetative,22.83,55.92,27.54,104.36,6.49,39.57,38.81,39.34,7.96,172.58,32.52,64.67,High Need,High
1790,D,Wheat,Seedling,57.96,91.77,35.98,79.48,6.13,24.58,72.4,13.67,15.56,793.61,11.24,53.1,No/Low Need,Moderate
1791,D,Potato,Maturity,32.33,81.13,16.77,98.45,7.76,18.16,65.88,53.83,13.1,858.24,12.98,62.75,Moderate Need,High
1792,B,Rice,Flowering,22.54,37.85,25.85,94.91,7.04,29.34,61.09,29.47,6.21,421.19,35.1,75.51,High Need,High
1793,D,Maize,Vegetative,37.28,57.61,72.84,77.17,6.37,21.32,84.65,25.85,7.4,349.81,12.14,59.71,Moderate Need,Moderate
1794,C,Maize,Vegetative,59.63,66.78,78.58,51.22,5.23,18.98,65.23,36.9,5.09,675.77,5.14,63.42,No/Low Need,High
1795,A,Potato,Vegetative,39.89,61.94,55.34,94.58,6.55,33.36,58.07,43.41,2.36,697.24,21.31,59.07,Moderate Need,Moderate
1796,D,Tomato,Flowering,44.25,37.83,74.18,40.68,7.76,34.11,44.68,11.35,15.86,762.98,41.04,76.2,High Need,High
1797,F,Maize,Vegetative,71.71,112.44,54.99,97.95,6.56,28.14,84.24,56.62,17.15,805.98,0.07,42.61,No/Low Need,Moderate
1798,A,Maize,Maturity,35.95,96.23,12.32,100.45,5.67,32.89,69.57,70.64,4.98,328.14,5.84,56.75,No/Low Need,Moderate
1799,B,Tomato,Seedling,48.92,68.14,79.77,102.21,5.26,29.84,40.55,22.24,15.77,683.92,18.61,53.53,Moderate Need,Moderate
1800,F,Wheat,Vegetative,33.91,88.01,16.93,67.29,6.12,31.86,73.93,14.43,24.57,214.67,21.38,62.23,Moderate Need,High
1801,A,Rice,Vegetative,35.57,109.73,57.78,39.25,7.59,31.13,60.5,60.84,2.79,534.12,15.55,54.14,Moderate Need,Moderate
1802,F,Rice,Flowering,53.74,33.62,27.7,29.97,7.79,32.65,83.68,14.68,12.77,620.95,26.95,87.32,High Need,High
1803,B,Tomato,Vegetative,68.27,45.04,37.44,94.34,7.66,22.39,90.13,3.3,18.59,237.47,5.78,72.17,No/Low Need,High
1804,C,Tomato,Flowering,44.54,74.27,55.22,108.63,7.1,23.91,71.03,49.54,2.1,165.03,2.21,57.16,No/Low Need,Moderate
1805,B,Rice,Maturity,58.1,99.9,40.55,85.08,6.65,27.68,78.9,19.18,19.68,265.53,9.74,49.62,No/Low Need,Moderate
1806,B,Maize,Maturity,17.35,23.63,27.54,34.42,6.74,27.81,38.4,13.74,24.51,457.5,31.1,82.81,High Need,High
1807,F,Wheat,Maturity,24.67,118.4,33.41,113.49,6.6,35.04,68.62,78.53,3.12,854.66,13.96,41.38,Moderate Need,Moderate
1808,E,Rice,Maturity,42.13,65.49,33.91,118.91,7.04,26.08,80.32,23.35,20.73,552.13,18.73,59.33,Moderate Need,Moderate
1809,D,Potato,Flowering,13.2,55.92,77.15,63.34,6.29,21.58,64.81,72.28,10.09,736.22,20.43,62.96,Moderate Need,High
1810,D,Rice,Maturity,27.17,49.27,65.9,79.48,6.94,23.53,70.61,14.26,4.46,248.02,21.36,63.09,Moderate Need,High
1811,C,Rice,Vegetative,43.04,37.44,42.1,97.72,5.52,22.72,88.94,65.52,12.84,190.08,0.0,72.63,No/Low Need,High
1812,C,Maize,Vegetative,12.9,99.16,23.99,93.64,5.89,34.1,46.89,40.16,2.72,303.67,28.49,55.15,High Need,Moderate
1813,D,Maize,Vegetative,27.87,115.54,66.77,116.78,7.37,28.35,40.89,6.29,13.53,366.8,31.95,40.48,High Need,Moderate
1814,E,Rice,Vegetative,42.84,61.36,21.0,31.49,7.55,33.59,76.44,58.69,1.46,565.89,12.4,77.01,Moderate Need,High
1815,D,Maize,Vegetative,46.39,115.24,24.73,78.07,6.6,27.16,84.37,71.37,18.49,849.06,6.5,49.7,No/Low Need,Moderate
1816,E,Wheat,Maturity,67.55,102.38,35.62,89.19,5.28,37.57,86.03,13.04,12.71,462.18,10.91,53.5,No/Low Need,Moderate
1817,C,Rice,Vegetative,50.72,68.11,71.62,109.01,7.61,39.64,73.5,58.05,12.01,540.98,13.9,56.67,Moderate Need,Moderate
1818,A,Rice,Seedling,36.88,87.4,19.23,107.41,7.03,32.74,84.99,35.6,5.71,103.92,9.89,54.8,No/Low Need,Moderate
1819,F,Maize,Flowering,67.82,63.5,18.56,117.8,6.28,37.0,77.04,60.31,9.67,128.32,0.0,64.58,No/Low Need,High
1820,C,Rice,Seedling,59.09,75.87,44.58,71.21,6.76,29.17,40.24,57.11,5.36,171.2,0.31,57.19,No/Low Need,Moderate
1821,C,Potato,Seedling,24.0,25.8,29.35,103.08,6.32,38.56,80.72,2.13,18.65,694.14,30.19,71.81,High Need,High
1822,B,Tomato,Vegetative,19.85,89.63,49.81,62.73,6.41,36.29,45.76,14.3,5.78,513.26,41.93,55.18,High Need,Moderate
1823,B,Potato,Vegetative,52.55,25.28,41.61,62.23,7.51,39.82,49.2,37.68,15.8,264.02,16.97,80.99,Moderate Need,High
1824,B,Rice,Vegetative,45.59,101.71,40.45,45.33,5.62,31.71,58.68,74.69,7.71,603.71,8.0,58.25,No/Low Need,Moderate
1825,F,Potato,Flowering,59.38,102.49,17.84,101.82,5.47,35.14,53.87,27.37,16.77,562.92,21.53,57.39,Moderate Need,Moderate
1826,B,Wheat,Flowering,56.33,43.71,19.87,118.58,5.21,29.94,54.3,50.31,13.97,175.48,3.34,74.87,No/Low Need,High
1827,E,Rice,Vegetative,49.51,52.37,67.48,45.63,6.02,23.7,45.16,0.97,11.16,644.35,30.37,67.54,High Need,High
1828,D,Rice,Vegetative,71.18,68.13,72.01,25.61,5.58,25.8,52.63,56.89,17.15,752.08,2.29,65.84,No/Low Need,High
1829,A,Rice,Vegetative,44.02,79.67,26.43,101.55,5.77,37.67,36.18,48.25,10.98,343.57,21.2,60.48,Moderate Need,High
1830,C,Maize,Flowering,18.79,48.74,17.94,82.02,5.23,19.23,63.37,57.23,20.71,684.37,20.99,77.91,Moderate Need,High
1831,E,Wheat,Seedling,61.7,79.25,13.74,115.97,5.79,31.01,81.12,72.37,18.51,269.76,0.0,58.09,No/Low Need,Moderate
1832,A,Rice,Seedling,27.11,49.78,52.58,45.22,6.07,26.19,86.73,11.72,13.98,743.22,24.9,67.9,Moderate Need,High
1833,E,Maize,Flowering,58.64,25.55,60.07,27.1,5.28,26.51,84.23,20.93,22.05,875.01,19.43,84.14,Moderate Need,High
1834,E,Rice,Vegetative,69.43,20.25,36.1,69.24,6.78,37.46,59.99,79.66,20.89,475.59,0.0,79.83,No/Low Need,High
1835,C,Maize,Seedling,53.81,30.12,57.58,28.55,6.68,36.78,78.83,12.5,13.76,307.93,12.89,74.29,Moderate Need,High
1836,D,Wheat,Vegetative,47.76,99.23,59.91,46.18,5.45,31.17,52.27,57.65,2.64,439.3,7.53,56.12,No/Low Need,Moderate
1837,B,Tomato,Maturity,39.62,116.14,75.47,32.6,6.75,24.0,38.33,58.01,14.58,312.57,8.14,44.84,No/Low Need,Moderate
1838,F,Tomato,Maturity,33.86,62.7,14.54,42.41,7.8,28.46,75.56,54.64,9.53,101.05,6.02,75.93,No/Low Need,High
1839,D,Wheat,Flowering,33.18,71.27,23.46,30.61,7.66,26.98,73.93,18.2,13.96,652.89,26.66,75.44,High Need,High
1840,F,Wheat,Vegetative,50.18,34.68,14.8,115.39,5.21,25.78,83.1,17.21,16.53,136.15,8.7,77.55,No/Low Need,High
1841,C,Wheat,Flowering,57.08,75.1,70.76,47.86,7.27,20.26,71.97,53.31,16.48,278.83,0.0,62.07,No/Low Need,High
1842,C,Tomato,Maturity,52.71,34.47,65.48,64.39,6.12,29.95,44.41,14.9,17.16,714.08,23.34,69.48,Moderate Need,High
1843,C,Rice,Maturity,23.9,81.12,50.22,109.86,5.37,24.64,86.19,52.93,17.3,665.87,17.35,54.84,Moderate Need,Moderate
1844,A,Rice,Vegetative,41.64,113.33,15.86,87.73,5.97,32.54,72.64,39.4,3.62,162.33,12.8,52.47,Moderate Need,Moderate
1845,F,Rice,Maturity,59.5,39.57,29.13,81.8,6.04,25.02,83.46,30.93,5.6,661.05,8.11,72.62,No/Low Need,High
1846,D,Wheat,Vegetative,40.54,96.46,30.84,90.56,6.56,27.49,81.45,24.02,16.13,890.99,21.68,52.95,Moderate Need,Moderate
1847,D,Wheat,Vegetative,44.2,22.35,49.25,102.88,6.92,19.15,52.87,75.81,10.8,163.33,0.0,73.32,No/Low Need,High
1848,E,Tomato,Flowering,58.27,57.55,28.06,107.77,7.15,39.84,39.47,40.65,19.31,453.33,21.81,67.7,Moderate Need,High
1849,E,Rice,Vegetative,51.68,31.07,15.11,84.26,5.84,29.17,45.59,44.9,4.0,720.02,17.52,79.87,Moderate Need,High
1850,E,Wheat,Maturity,36.56,55.25,61.15,109.0,6.04,18.53,40.57,75.94,5.6,667.56,4.41,58.57,No/Low Need,Moderate
1851,C,Tomato,Seedling,65.72,37.35,30.94,73.54,6.0,29.91,49.6,52.31,14.4,292.53,0.79,72.65,No/Low Need,High
1852,D,Tomato,Flowering,21.75,57.33,41.67,47.73,6.14,37.15,62.57,76.63,13.02,238.61,17.31,71.37,Moderate Need,High
1853,F,Wheat,Maturity,71.73,61.75,18.94,108.01,7.8,35.0,89.41,8.51,7.39,766.61,12.3,67.57,Moderate Need,High
1854,C,Wheat,Maturity,19.13,50.06,66.18,74.15,7.22,33.42,87.32,67.73,10.8,912.81,17.08,64.55,Moderate Need,High
1855,A,Rice,Vegetative,12.9,85.66,49.59,110.61,7.73,21.07,78.12,26.83,1.84,752.45,33.86,55.31,High Need,Moderate
1856,E,Potato,Vegetative,65.4,111.89,73.11,24.02,7.0,32.47,36.45,64.84,1.89,918.72,8.96,50.15,No/Low Need,Moderate
1857,C,Rice,Flowering,26.7,60.06,44.68,59.75,6.26,34.86,55.48,68.45,3.28,614.25,25.27,68.03,High Need,High
1858,C,Potato,Vegetative,55.78,39.23,75.9,114.78,6.21,30.59,75.94,21.72,14.84,889.73,21.63,61.17,Moderate Need,High
1859,A,Maize,Maturity,60.66,47.07,72.43,44.97,6.47,37.64,42.74,32.71,21.73,686.87,17.65,65.12,Moderate Need,High
1860,B,Wheat,Maturity,63.54,105.4,50.35,114.15,6.28,24.09,83.07,58.08,7.25,872.55,0.75,42.89,No/Low Need,Moderate
1861,D,Rice,Vegetative,71.5,77.16,75.37,115.39,7.35,23.33,89.87,7.92,1.81,237.35,1.66,51.3,No/Low Need,Moderate
1862,F,Wheat,Seedling,29.64,65.5,32.62,108.21,6.41,37.13,56.25,60.44,18.01,793.23,15.62,57.54,Moderate Need,Moderate
1863,B,Wheat,Seedling,54.61,34.96,35.59,76.37,5.97,31.76,77.35,8.84,21.53,267.23,10.56,72.36,No/Low Need,High
1864,E,Rice,Maturity,18.92,64.97,13.18,84.69,7.21,18.03,43.89,73.16,4.32,123.31,5.14,68.01,No/Low Need,High
1865,C,Maize,Vegetative,36.41,47.85,51.24,106.96,7.42,25.77,76.45,22.11,10.26,539.95,20.2,66.31,Moderate Need,High
1866,A,Potato,Vegetative,62.88,114.32,60.53,97.59,6.29,36.87,36.29,46.05,4.81,370.51,10.22,41.65,No/Low Need,Moderate
1867,A,Maize,Vegetative,34.06,108.41,64.15,83.01,6.94,18.6,44.05,9.37,3.55,137.0,18.24,45.56,Moderate Need,Moderate
1868,D,Maize,Flowering,47.47,28.39,20.49,118.23,5.35,18.07,77.59,21.56,16.56,933.26,20.56,79.14,Moderate Need,High
1869,B,Rice,Seedling,42.23,71.67,41.09,88.57,6.58,24.19,77.71,32.32,24.22,666.5,14.25,56.36,Moderate Need,Moderate
1870,D,Wheat,Vegetative,50.76,42.51,22.38,117.55,5.32,38.11,73.47,38.96,17.28,866.54,19.68,72.98,Moderate Need,High
1871,C,Rice,Maturity,70.37,61.08,56.35,25.74,5.28,37.83,63.64,0.01,24.64,949.22,28.88,70.6,High Need,High
1872,D,Maize,Maturity,15.34,107.68,21.06,33.9,6.79,29.41,75.49,71.09,11.43,433.17,12.74,57.34,Moderate Need,Moderate
1873,F,Potato,Flowering,46.44,72.75,73.29,65.15,5.99,30.17,81.43,0.61,22.55,316.53,26.73,59.25,High Need,Moderate
1874,A,Maize,Seedling,63.78,53.42,26.14,58.49,7.13,25.3,92.99,61.89,5.92,256.3,0.0,70.7,No/Low Need,High
1875,A,Rice,Vegetative,40.88,40.79,30.4,98.27,7.53,23.36,88.32,37.65,3.83,537.91,12.28,73.8,Moderate Need,High
1876,E,Wheat,Flowering,16.71,100.03,69.56,36.06,5.56,35.93,82.67,41.91,17.86,615.17,30.29,56.4,High Need,Moderate
1877,E,Maize,Vegetative,45.63,82.45,42.09,117.61,7.08,20.34,76.69,16.66,9.91,501.56,14.34,54.25,Moderate Need,Moderate
1878,C,Wheat,Maturity,31.92,66.81,11.68,51.51,6.54,28.72,69.45,48.59,8.62,429.16,11.31,69.0,No/Low Need,High
1879,F,Tomato,Flowering,21.3,41.75,44.62,62.89,5.49,31.96,42.24,42.98,17.11,243.03,30.39,76.6,High Need,High
1880,B,Tomato,Seedling,62.94,53.42,15.92,47.47,6.89,20.28,44.93,13.14,9.0,475.58,8.79,72.9,No/Low Need,High
1881,D,Maize,Maturity,43.3,115.98,78.97,77.94,6.78,29.43,84.22,19.05,14.74,172.46,12.1,38.94,Moderate Need,Moderate
1882,C,Wheat,Maturity,68.0,72.01,51.17,25.86,6.54,30.71,83.2,5.35,8.19,835.29,13.84,63.3,Moderate Need,High
1883,E,Rice,Seedling,60.36,60.07,27.96,34.97,7.61,34.33,71.87,5.3,19.81,139.87,12.93,72.99,Moderate Need,High
1884,D,Rice,Flowering,53.58,72.14,49.46,94.58,6.55,23.17,61.33,1.1,8.5,423.55,24.5,58.36,Moderate Need,Moderate
1885,E,Wheat,Vegetative,12.3,97.9,15.38,38.65,7.78,24.45,36.56,17.64,13.84,185.12,27.69,66.39,High Need,High
1886,D,Wheat,Vegetative,37.67,54.01,65.99,43.55,6.52,30.53,54.63,54.37,1.56,758.73,15.88,65.69,Moderate Need,High
1887,B,Maize,Vegetative,23.85,37.87,74.77,99.3,5.5,39.63,60.24,25.3,20.0,365.83,32.45,66.51,High Need,High
1888,C,Maize,Flowering,66.65,78.49,71.21,29.33,6.42,22.78,64.15,27.42,15.89,196.14,1.31,60.37,No/Low Need,High
1889,D,Rice,Maturity,22.48,86.52,33.92,63.75,5.67,39.69,90.76,10.55,5.61,551.77,35.87,60.38,High Need,High
1890,F,Wheat,Flowering,29.16,91.27,32.8,22.31,6.75,33.72,41.52,46.04,6.17,878.84,30.33,64.71,High Need,High
1891,A,Rice,Seedling,43.01,108.2,12.46,54.68,7.0,36.17,66.13,27.37,7.3,872.35,23.1,55.57,Moderate Need,Moderate
1892,F,Rice,Flowering,27.8,57.12,55.6,89.9,6.42,19.97,57.08,54.11,14.84,312.2,14.34,62.75,Moderate Need,High
1893,F,Tomato,Vegetative,24.59,27.54,47.44,29.01,5.45,24.61,94.41,59.32,14.16,711.71,15.59,83.37,Moderate Need,High
1894,A,Rice,Maturity,47.95,115.83,42.15,108.83,6.42,19.27,86.71,46.78,7.57,125.74,0.0,41.11,No/Low Need,Moderate
1895,F,Wheat,Vegetative,17.34,63.5,73.53,110.95,5.41,26.17,61.33,22.09,17.66,212.07,23.46,57.49,Moderate Need,Moderate
1896,D,Rice,Vegetative,15.49,82.33,21.75,30.5,6.97,39.59,94.98,40.69,22.34,524.55,35.72,67.96,High Need,High
1897,D,Tomato,Vegetative,34.33,86.63,10.68,119.07,7.25,20.32,65.84,20.15,2.04,294.44,16.98,59.07,Moderate Need,Moderate
1898,D,Maize,Flowering,55.24,74.65,15.13,49.75,7.7,30.37,45.03,72.23,11.01,778.52,8.29,73.72,No/Low Need,High
1899,A,Rice,Vegetative,45.29,40.53,25.64,28.41,5.59,18.13,68.35,61.31,15.24,891.41,8.7,82.65,No/Low Need,High
1900,F,Wheat,Flowering,37.37,95.51,12.33,20.51,6.58,33.68,48.57,39.44,15.07,103.68,16.8,66.58,Moderate Need,High
1901,A,Maize,Vegetative,45.95,100.38,45.2,60.85,6.68,22.34,73.18,77.24,1.47,297.98,0.0,53.16,No/Low Need,Moderate
1902,D,Potato,Vegetative,33.93,75.3,31.99,82.98,7.6,20.85,91.25,43.74,6.05,473.62,9.3,64.59,No/Low Need,High
1903,F,Rice,Vegetative,68.17,68.86,22.63,53.22,6.83,25.41,82.17,26.28,2.48,578.62,5.43,68.83,No/Low Need,High
1904,F,Tomato,Maturity,15.29,31.39,62.51,103.67,5.58,34.96,51.39,7.64,14.66,878.52,43.94,68.44,High Need,High
1905,E,Potato,Maturity,52.4,28.4,24.31,91.66,6.33,20.35,52.81,43.5,16.49,858.1,10.99,74.72,No/Low Need,High
1906,E,Potato,Vegetative,65.48,53.96,58.13,55.02,6.9,23.06,39.16,68.83,4.83,641.59,0.0,67.27,No/Low Need,High
1907,B,Maize,Vegetative,60.23,51.08,34.45,93.43,7.02,18.19,52.15,69.34,8.99,318.78,0.0,68.32,No/Low Need,High
1908,C,Maize,Seedling,23.04,115.37,45.83,114.05,7.44,39.31,40.56,48.37,8.92,765.79,23.06,41.91,Moderate Need,Moderate
1909,E,Wheat,Flowering,29.76,98.36,75.37,29.31,5.67,31.03,64.97,31.48,20.68,272.25,22.23,56.26,Moderate Need,Moderate
1910,A,Tomato,Vegetative,55.02,85.99,12.61,50.61,7.67,33.84,77.5,52.02,5.67,920.4,14.27,68.82,Moderate Need,High
1911,E,Wheat,Maturity,17.06,71.76,45.02,66.33,5.35,32.33,80.07,60.97,14.16,104.96,10.49,64.07,No/Low Need,High
1912,B,Maize,Maturity,60.71,36.74,69.81,69.8,7.76,21.18,38.57,32.93,19.79,584.3,8.83,70.84,No/Low Need,High
1913,F,Wheat,Vegetative,55.13,117.85,51.16,74.22,7.43,31.09,55.4,38.1,20.91,175.14,7.73,47.89,No/Low Need,Moderate
1914,B,Maize,Vegetative,55.78,57.5,29.38,50.06,6.92,20.89,52.29,54.45,17.0,446.46,1.85,71.98,No/Low Need,High
1915,F,Tomato,Maturity,18.01,30.69,37.84,86.73,7.11,26.83,41.26,70.13,8.19,639.69,18.34,73.9,Moderate Need,High
1916,F,Rice,Maturity,55.07,69.38,57.62,84.51,5.39,30.52,56.75,63.28,20.75,686.16,8.39,60.23,No/Low Need,High
1917,C,Tomato,Seedling,52.79,107.4,72.36,77.78,5.31,30.3,52.96,1.79,18.81,767.73,22.33,45.03,Moderate Need,Moderate
1918,E,Wheat,Vegetative,61.86,108.73,12.87,31.38,5.46,20.62,73.07,9.95,17.91,604.33,11.22,63.28,No/Low Need,High
1919,A,Tomato,Vegetative,14.5,21.1,15.01,67.7,5.43,18.76,88.0,68.22,2.62,313.62,6.79,86.7,No/Low Need,High
1920,A,Wheat,Vegetative,13.39,108.63,32.75,55.62,6.62,35.56,62.29,66.71,2.04,855.87,24.74,53.15,Moderate Need,Moderate
1921,D,Wheat,Vegetative,34.38,47.15,26.29,69.1,5.76,33.97,79.8,31.1,17.69,789.44,24.25,74.85,Moderate Need,High
1922,F,Potato,Seedling,20.93,23.9,28.55,112.19,7.44,19.8,43.76,46.74,23.68,236.04,12.3,74.51,Moderate Need,High
1923,A,Rice,Flowering,45.5,104.78,25.49,68.05,6.36,20.8,88.7,72.47,19.57,802.53,2.68,55.78,No/Low Need,Moderate
1924,C,Tomato,Vegetative,67.04,106.39,23.71,21.4,7.01,37.64,44.16,72.92,20.96,926.75,10.3,61.16,No/Low Need,High
1925,F,Wheat,Seedling,35.49,79.62,19.14,63.88,6.9,34.92,46.53,62.65,14.08,641.64,11.94,62.01,No/Low Need,High
1926,C,Wheat,Vegetative,62.7,77.44,75.38,102.06,6.03,39.92,41.39,16.77,8.31,339.53,17.59,51.28,Moderate Need,Moderate
1927,A,Rice,Maturity,12.01,101.31,20.09,98.01,5.83,23.59,53.58,58.42,17.27,615.6,23.39,53.38,Moderate Need,Moderate
1928,A,Maize,Maturity,22.11,98.63,24.31,71.34,6.09,28.73,68.14,8.09,18.09,391.15,26.85,55.64,High Need,Moderate
1929,D,Rice,Vegetative,13.83,109.01,27.24,44.98,7.27,23.2,94.28,71.52,17.21,674.55,16.83,57.9,Moderate Need,Moderate
1930,A,Rice,Vegetative,31.69,75.27,75.31,66.51,6.72,31.7,82.6,11.93,23.72,563.08,35.34,55.26,High Need,Moderate
1931,F,Rice,Maturity,66.49,116.76,62.9,76.37,5.86,20.54,57.83,52.99,9.81,890.07,2.92,43.21,No/Low Need,Moderate
1932,F,Rice,Vegetative,17.82,119.61,65.28,119.99,7.33,20.8,69.55,48.82,1.95,625.22,22.24,38.9,Moderate Need,Moderate
1933,F,Potato,Vegetative,48.38,31.65,17.33,84.42,5.34,19.58,72.4,62.15,22.8,281.88,0.0,81.26,No/Low Need,High
1934,D,Potato,Vegetative,39.09,104.95,68.54,89.43,7.02,33.26,84.36,44.13,4.85,716.34,18.63,45.43,Moderate Need,Moderate
1935,D,Wheat,Vegetative,68.31,69.98,38.57,69.15,6.34,28.87,79.19,4.77,17.74,355.75,10.23,63.01,No/Low Need,High
1936,A,Maize,Vegetative,19.35,58.76,28.4,55.45,7.1,31.59,69.16,56.47,21.96,331.53,19.18,71.83,Moderate Need,High
1937,B,Rice,Maturity,24.72,81.31,50.3,101.3,7.61,37.34,75.15,30.65,8.44,433.01,27.83,55.71,High Need,Moderate
1938,B,Maize,Flowering,13.77,25.6,67.55,69.49,7.15,34.29,79.76,25.62,20.93,110.2,31.7,75.41,High Need,High
1939,D,Tomato,Vegetative,38.04,70.65,64.51,119.47,6.35,28.16,42.99,79.33,8.97,923.77,14.64,52.04,Moderate Need,Moderate
1940,A,Potato,Maturity,28.67,107.09,72.3,65.71,5.59,39.66,47.03,47.23,20.06,552.48,25.22,46.97,High Need,Moderate
1941,B,Wheat,Seedling,64.19,41.35,74.97,26.8,7.3,28.04,76.32,56.86,2.68,757.47,1.18,70.26,No/Low Need,High
1942,A,Tomato,Vegetative,48.3,62.64,26.67,88.26,6.4,20.47,86.03,42.11,16.73,319.17,2.72,64.96,No/Low Need,High
1943,A,Rice,Flowering,48.85,113.95,39.67,24.66,5.4,39.84,59.56,61.6,17.25,734.63,22.79,59.34,Moderate Need,Moderate
1944,A,Potato,Flowering,43.91,62.86,11.02,45.05,7.07,18.5,93.79,60.17,12.79,582.09,0.53,76.28,No/Low Need,High
1945,E,Rice,Seedling,17.51,55.84,71.55,55.37,5.96,30.1,47.96,52.57,17.49,460.52,20.44,61.77,Moderate Need,High
1946,F,Maize,Vegetative,38.7,64.05,20.82,93.95,5.33,24.8,60.0,79.82,23.16,925.07,10.43,69.16,No/Low Need,High
1947,A,Maize,Flowering,71.97,71.95,70.3,69.42,7.55,29.08,57.71,36.78,18.61,519.77,6.28,61.69,No/Low Need,High
1948,E,Maize,Flowering,62.11,83.2,33.06,22.86,6.46,30.29,90.82,56.5,24.07,658.84,3.47,66.34,No/Low Need,High
1949,D,Rice,Flowering,65.61,100.07,35.77,81.68,5.93,23.28,52.12,63.82,11.77,113.04,0.0,55.52,No/Low Need,Moderate
1950,B,Potato,Vegetative,61.39,65.21,12.74,61.14,7.06,30.25,63.25,30.08,13.68,356.24,9.4,71.74,No/Low Need,High
1951,F,Rice,Seedling,18.18,101.75,32.88,112.18,7.5,34.63,46.23,36.57,7.33,855.39,30.62,49.06,High Need,Moderate
1952,B,Maize,Vegetative,25.65,73.37,72.19,69.96,5.2,23.86,66.28,77.53,24.65,745.12,12.78,60.33,Moderate Need,High
1953,F,Rice,Seedling,12.19,53.85,11.79,90.9,6.99,26.44,86.44,2.58,2.32,556.24,29.27,68.7,High Need,High
1954,B,Rice,Maturity,30.21,85.8,38.44,41.89,7.19,23.9,53.24,26.82,9.61,865.14,28.52,61.86,High Need,High
1955,F,Wheat,Vegetative,18.52,91.77,12.2,96.1,5.75,36.05,83.65,38.9,8.14,513.29,24.17,59.91,Moderate Need,Moderate
1956,B,Wheat,Vegetative,40.37,75.8,35.96,92.1,6.47,33.95,89.68,0.12,10.28,581.53,25.8,58.34,High Need,Moderate
1957,B,Rice,Flowering,52.63,25.66,22.08,110.41,5.43,37.17,39.38,71.93,23.03,424.83,12.02,80.35,Moderate Need,High
1958,B,Rice,Vegetative,64.47,36.99,27.66,23.38,7.14,21.74,80.39,22.9,9.83,627.03,8.1,82.94,No/Low Need,High
1959,B,Wheat,Vegetative,56.95,48.53,71.43,64.75,7.4,19.62,50.32,20.62,23.01,371.15,9.46,67.44,No/Low Need,High
1960,D,Tomato,Maturity,68.32,48.26,40.52,87.92,5.48,20.63,45.52,65.63,11.16,427.67,0.0,69.29,No/Low Need,High
1961,A,Tomato,Maturity,15.23,87.34,29.17,29.52,7.32,21.54,71.07,22.24,21.51,921.38,32.0,65.04,High Need,High
1962,C,Rice,Flowering,12.73,21.83,51.25,61.06,7.21,29.73,77.34,52.61,13.52,194.61,25.13,80.8,High Need,High
1963,E,Wheat,Seedling,51.68,95.57,19.95,114.21,6.1,39.36,58.69,65.72,8.47,189.47,3.07,50.72,No/Low Need,Moderate
1964,C,Rice,Flowering,29.36,46.53,28.16,63.59,6.99,25.86,37.35,63.4,11.78,136.82,13.28,75.87,Moderate Need,High
1965,C,Rice,Flowering,27.21,51.0,48.24,118.54,5.2,39.09,89.52,62.56,11.19,372.04,21.06,67.47,Moderate Need,High
1966,F,Maize,Seedling,31.85,72.79,26.63,25.68,7.62,18.84,78.84,7.09,7.24,438.49,14.49,70.31,Moderate Need,High
1967,A,Maize,Vegetative,28.19,41.59,57.54,91.78,6.63,38.39,51.3,6.39,7.95,180.34,32.7,65.84,High Need,High
1968,F,Rice,Maturity,42.69,108.45,44.4,78.1,6.81,21.99,64.81,24.54,5.47,566.76,16.4,47.67,Moderate Need,Moderate
1969,A,Rice,Seedling,38.41,28.54,64.04,70.05,6.93,38.07,36.67,2.88,9.06,595.81,31.4,69.65,High Need,High
1970,A,Rice,Flowering,42.75,64.44,76.38,117.08,6.66,19.24,55.36,40.03,15.99,738.37,20.22,53.72,Moderate Need,Moderate
1971,B,Tomato,Vegetative,52.36,104.94,18.11,32.97,7.43,38.86,66.35,31.58,10.28,929.57,27.41,62.92,High Need,High
1972,D,Potato,Vegetative,35.23,81.58,33.43,109.6,6.79,22.42,66.03,44.56,18.1,626.45,16.22,55.89,Moderate Need,Moderate
1973,B,Rice,Seedling,27.08,49.23,32.37,89.12,7.56,24.66,47.49,23.9,24.69,194.9,19.08,68.97,Moderate Need,High
1974,D,Rice,Maturity,21.97,62.08,20.58,45.9,6.71,28.8,81.6,38.86,10.05,175.25,17.13,70.26,Moderate Need,High
1975,F,Tomato,Vegetative,32.97,90.67,66.72,110.17,5.64,26.38,52.93,26.78,12.1,760.91,29.59,49.2,High Need,Moderate
1976,D,Potato,Flowering,56.51,117.33,63.19,62.93,7.58,32.69,69.82,15.62,4.94,652.78,23.51,49.35,Moderate Need,Moderate
1977,F,Wheat,Flowering,57.4,109.31,43.91,101.42,6.97,39.45,51.29,51.95,10.41,237.63,8.75,48.33,No/Low Need,Moderate
1978,C,Rice,Flowering,52.01,54.24,47.64,58.88,7.02,31.34,60.51,53.87,18.44,315.36,9.03,70.58,No/Low Need,High
1979,C,Rice,Maturity,26.04,119.82,14.17,105.09,7.76,33.87,47.45,66.34,6.22,737.7,22.22,50.04,Moderate Need,Moderate
1980,D,Maize,Flowering,47.29,20.35,48.89,83.66,5.4,19.94,72.98,69.98,5.37,581.23,0.0,80.55,No/Low Need,High
1981,D,Wheat,Vegetative,46.24,22.76,65.39,34.1,6.31,31.81,60.54,56.36,10.03,597.25,10.68,77.61,No/Low Need,High
1982,F,Rice,Maturity,41.06,102.38,50.17,84.97,5.82,27.98,35.97,55.0,20.65,278.51,11.8,49.23,No/Low Need,Moderate
1983,B,Maize,Flowering,45.0,39.95,28.57,39.13,6.84,37.49,36.69,4.53,15.97,634.7,40.34,80.24,High Need,High
1984,F,Rice,Vegetative,41.51,26.08,56.73,61.19,7.3,26.54,63.27,8.78,23.98,755.03,34.39,77.3,High Need,High
1985,B,Tomato,Seedling,45.93,43.71,35.3,37.03,7.71,32.95,45.99,65.01,22.71,852.46,12.99,77.06,Moderate Need,High
1986,C,Rice,Maturity,54.93,62.61,48.14,22.2,6.38,23.02,70.1,18.64,4.63,726.21,15.24,67.62,Moderate Need,High
1987,A,Rice,Vegetative,18.58,93.06,44.13,41.19,7.24,23.71,59.49,28.45,2.02,589.92,31.94,60.29,High Need,High
1988,D,Maize,Flowering,56.98,82.43,36.68,73.64,7.58,26.27,74.27,11.62,10.58,672.27,19.85,64.0,Moderate Need,High
1989,B,Wheat,Vegetative,20.15,43.76,60.32,68.16,6.98,24.69,92.14,15.61,13.53,512.34,23.77,68.88,Moderate Need,High
1990,F,Potato,Vegetative,16.0,70.33,71.87,70.15,5.83,23.59,66.72,62.03,13.37,292.86,14.04,58.82,Moderate Need,Moderate
1991,C,Wheat,Flowering,70.56,112.62,10.36,44.77,6.78,19.09,82.24,20.95,4.22,849.88,6.09,59.34,No/Low Need,Moderate
1992,B,Rice,Seedling,69.42,101.5,75.35,88.52,7.72,36.41,80.18,35.92,4.0,552.73,6.02,45.21,No/Low Need,Moderate
1993,F,Maize,Vegetative,15.63,52.32,45.81,90.43,7.77,19.41,90.31,12.13,2.12,605.17,26.92,69.24,High Need,High
1994,D,Rice,Flowering,38.6,118.23,59.05,55.8,6.87,37.52,47.84,54.23,21.42,941.59,36.82,47.82,High Need,Moderate
1995,D,Potato,Vegetative,23.17,90.86,69.89,108.12,7.51,20.76,84.64,58.26,23.75,937.26,19.41,49.41,Moderate Need,Moderate
1996,E,Wheat,Flowering,41.12,26.24,42.7,84.4,5.72,19.44,89.33,28.94,3.78,598.36,11.77,78.41,No/Low Need,High
1997,A,Wheat,Maturity,61.81,23.52,68.45,91.3,5.84,30.39,58.57,62.78,6.11,128.86,0.0,70.34,No/Low Need,High
1998,E,Rice,Flowering,69.04,36.84,22.43,47.73,7.68,29.05,53.83,19.19,3.16,436.73,13.29,84.67,Moderate Need,High
1999,C,Wheat,Seedling,50.06,92.79,21.14,20.06,5.55,28.81,92.12,55.35,22.06,896.7,6.81,64.89,No/Low Need,High
2000,B,Tomato,Vegetative,33.23,38.37,56.02,106.54,5.7,30.64,72.66,58.4,24.01,345.06,13.46,68.05,Moderate Need,High
2001,C,Tomato,Flowering,48.2,71.15,70.91,102.24,6.29,24.32,57.84,77.49,7.28,949.38,7.48,54.54,No/Low Need,Moderate
2002,F,Rice,Maturity,30.72,29.33,72.47,32.32,6.73,32.58,82.51,18.59,8.29,171.67,21.36,73.11,Moderate Need,High
2003,D,Rice,Maturity,66.59,112.09,55.06,57.41,6.77,29.05,53.27,7.5,9.7,582.9,17.42,46.91,Moderate Need,Moderate
2004,E,Tomato,Maturity,64.22,54.4,46.78,86.13,5.96,25.36,45.58,21.04,13.06,538.13,11.75,64.5,No/Low Need,High
2005,E,Potato,Vegetative,45.49,110.81,33.2,85.21,7.59,36.18,67.64,9.83,17.38,317.05,25.43,52.7,High Need,Moderate
2006,E,Rice,Vegetative,31.49,114.49,78.6,106.04,7.58,34.01,68.97,13.58,13.11,906.32,43.24,40.81,High Need,Moderate
2007,C,Wheat,Vegetative,29.6,20.61,32.38,34.03,6.22,26.66,84.54,26.73,23.82,626.3,21.46,84.61,Moderate Need,High
2008,D,Rice,Vegetative,14.01,66.41,62.09,62.99,6.33,36.65,62.42,33.12,3.4,295.69,35.55,60.69,High Need,High
2009,B,Tomato,Seedling,60.95,22.47,47.24,29.72,7.03,38.25,83.88,72.3,20.17,426.44,0.07,79.86,No/Low Need,High
2010,F,Rice,Maturity,39.02,110.87,52.6,58.96,6.92,29.81,53.68,15.65,9.03,713.05,29.04,48.16,High Need,Moderate
2011,B,Rice,Vegetative,31.51,71.84,37.54,21.51,6.19,22.73,69.52,77.74,10.06,353.04,2.29,68.91,No/Low Need,High
2012,C,Tomato,Vegetative,40.27,27.49,77.54,109.83,6.28,38.15,47.51,64.81,18.01,847.67,23.59,64.95,Moderate Need,High
2013,F,Rice,Seedling,61.12,31.03,50.02,72.7,6.1,22.17,58.13,70.52,23.31,240.82,0.0,70.94,No/Low Need,High
2014,E,Wheat,Maturity,19.48,58.35,75.65,104.98,5.81,19.07,86.45,74.36,18.19,324.83,3.3,56.37,No/Low Need,Moderate
2015,A,Wheat,Flowering,63.46,114.02,10.53,25.99,6.39,25.2,47.96,60.26,19.62,223.16,0.0,60.44,No/Low Need,High
2016,C,Rice,Flowering,65.85,89.29,50.09,42.75,6.98,33.99,83.61,63.1,19.02,188.55,0.0,60.7,No/Low Need,High
2017,C,Wheat,Maturity,68.8,106.76,60.2,45.94,7.13,38.31,51.97,35.03,8.7,355.27,7.37,50.51,No/Low Need,Moderate
2018,D,Wheat,Vegetative,35.85,56.65,62.16,58.67,7.23,32.02,37.07,40.84,19.17,949.3,27.01,66.56,High Need,High
2019,B,Rice,Flowering,25.03,24.32,73.35,100.29,6.17,38.94,41.6,74.6,19.83,180.18,22.38,69.8,Moderate Need,High
2020,C,Maize,Seedling,34.42,117.43,10.31,58.66,7.19,20.03,79.75,30.26,13.8,281.05,8.06,53.29,No/Low Need,Moderate
2021,C,Tomato,Vegetative,31.97,21.72,10.02,40.47,5.22,19.34,50.72,3.36,13.88,330.87,26.91,91.51,High Need,High
2022,E,Tomato,Maturity,22.57,114.77,43.06,26.5,6.44,31.29,74.25,61.02,19.23,626.26,18.54,51.08,Moderate Need,Moderate
2023,E,Rice,Flowering,48.44,56.87,12.05,27.95,7.26,39.25,76.95,45.85,20.61,733.54,26.66,80.82,High Need,High
2024,F,Rice,Vegetative,40.6,21.01,78.22,96.0,6.84,29.06,55.71,65.19,9.09,739.14,15.22,69.04,Moderate Need,High
2025,A,Rice,Vegetative,63.94,88.92,25.54,64.48,6.43,19.13,63.5,6.04,20.24,107.34,7.04,59.49,No/Low Need,Moderate
2026,D,Wheat,Flowering,13.93,118.05,43.09,92.62,6.88,22.87,59.23,49.7,20.54,654.07,25.44,46.37,High Need,Moderate
2027,A,Wheat,Seedling,50.63,116.56,14.28,88.23,7.56,23.39,91.84,19.82,6.62,636.13,8.09,50.78,No/Low Need,Moderate
2028,F,Maize,Vegetative,57.78,36.09,46.54,33.54,6.67,25.43,54.2,72.26,18.21,540.01,0.0,76.73,No/Low Need,High
2029,E,Rice,Vegetative,57.57,38.12,36.6,34.29,7.28,18.96,46.0,8.79,5.48,422.33,15.57,80.22,Moderate Need,High
2030,B,Rice,Vegetative,65.16,76.55,13.13,95.53,7.75,37.91,56.94,67.45,3.23,777.83,7.69,66.68,No/Low Need,High
2031,E,Wheat,Maturity,55.74,83.73,33.46,92.13,7.03,29.34,75.17,7.08,14.79,392.3,12.96,56.75,Moderate Need,Moderate
2032,D,Maize,Vegetative,67.67,93.94,37.4,57.8,6.69,32.76,76.84,2.01,22.81,295.51,14.49,57.03,Moderate Need,Moderate
2033,E,Rice,Vegetative,31.96,38.11,79.29,27.74,5.3,19.48,90.44,18.8,1.85,363.58,17.32,75.0,Moderate Need,High
2034,D,Maize,Flowering,42.19,115.9,24.55,21.21,6.17,19.19,87.91,26.64,20.84,473.7,13.21,58.77,Moderate Need,Moderate
2035,D,Rice,Maturity,12.84,83.87,48.13,48.82,6.67,30.9,52.3,50.12,13.16,281.95,24.31,57.82,Moderate Need,Moderate
2036,D,Tomato,Vegetative,12.42,104.7,79.11,20.92,7.27,37.52,62.31,10.54,21.66,616.44,48.61,52.83,High Need,Moderate
2037,F,Tomato,Seedling,26.41,74.01,65.44,43.01,6.34,29.63,79.84,34.99,21.24,851.58,21.58,57.02,Moderate Need,Moderate
2038,D,Rice,Vegetative,18.05,61.43,79.54,61.95,7.7,37.31,89.99,16.34,22.01,606.14,43.84,63.39,High Need,High
2039,D,Rice,Flowering,27.61,117.72,77.78,32.14,5.91,35.84,55.23,68.42,19.45,479.67,24.98,48.33,Moderate Need,Moderate
2040,B,Wheat,Flowering,22.62,78.21,44.27,30.43,7.14,19.67,61.67,3.6,21.23,777.34,35.83,67.41,High Need,High
2041,A,Rice,Maturity,13.71,106.69,58.75,109.64,6.29,22.44,88.97,28.48,5.22,735.83,27.46,41.47,High Need,Moderate
2042,C,Maize,Maturity,66.56,115.33,17.73,78.55,6.46,32.47,56.51,50.51,8.29,412.0,2.53,49.14,No/Low Need,Moderate
2043,A,Tomato,Flowering,12.49,87.54,40.88,113.45,7.29,27.76,63.83,73.05,6.82,613.53,23.19,55.67,Moderate Need,Moderate
2044,D,Maize,Flowering,56.16,74.89,66.63,54.58,5.97,24.4,89.27,69.44,18.82,720.37,0.0,61.11,No/Low Need,High
2045,B,Tomato,Vegetative,21.13,20.35,45.37,87.71,5.45,27.21,83.13,71.62,4.69,308.64,8.5,79.0,No/Low Need,High
2046,E,Wheat,Seedling,66.73,24.0,59.19,40.47,6.55,27.79,49.61,5.03,5.37,411.33,9.14,74.01,No/Low Need,High
2047,B,Rice,Maturity,65.57,40.09,62.2,81.83,6.57,38.03,54.49,67.27,22.1,189.91,0.0,64.94,No/Low Need,High
2048,D,Maize,Vegetative,51.23,38.6,27.74,32.96,7.27,20.28,56.18,62.39,17.94,939.53,8.07,81.78,No/Low Need,High
2049,B,Wheat,Vegetative,52.33,45.48,71.3,20.21,7.72,24.15,89.76,72.19,22.01,173.0,0.0,75.07,No/Low Need,High
2050,B,Maize,Flowering,12.32,50.49,42.19,113.15,5.34,29.83,94.94,24.93,4.34,243.32,28.11,68.81,High Need,High
2051,D,Rice,Vegetative,71.09,56.01,24.71,75.49,6.74,33.36,81.44,72.94,10.58,507.86,0.0,69.53,No/Low Need,High
2052,F,Rice,Flowering,64.67,62.05,70.58,112.69,6.97,31.87,64.06,32.21,7.8,835.48,19.77,57.3,Moderate Need,Moderate
2053,B,Potato,Flowering,65.71,29.89,39.25,53.38,7.76,38.72,35.61,50.73,1.23,402.5,10.1,83.5,No/Low Need,High
2054,C,Rice,Vegetative,51.55,24.24,62.52,52.78,7.65,35.5,76.85,33.93,7.83,753.31,22.27,79.26,Moderate Need,High
2055,C,Potato,Maturity,32.69,87.39,48.36,60.07,7.05,30.26,58.36,34.21,10.11,674.63,22.11,56.82,Moderate Need,Moderate
2056,B,Potato,Vegetative,65.62,73.73,36.73,90.6,6.56,22.72,72.98,43.73,3.21,642.86,1.07,59.16,No/Low Need,Moderate
2057,F,Tomato,Vegetative,29.49,64.41,66.69,76.58,5.62,27.92,71.4,28.47,14.6,818.26,30.35,61.72,High Need,High
2058,E,Maize,Flowering,45.76,83.44,50.91,112.54,6.2,33.25,63.85,63.42,10.2,112.04,3.54,53.33,No/Low Need,Moderate
2059,D,Maize,Flowering,17.98,102.77,37.34,22.54,6.72,36.44,91.66,50.69,2.12,889.78,32.02,60.07,High Need,High
2060,C,Tomato,Flowering,67.32,62.77,17.67,90.82,7.09,39.11,36.39,55.18,17.9,804.84,17.94,69.69,Moderate Need,High
2061,E,Rice,Vegetative,20.45,84.11,72.68,53.03,6.85,31.32,77.73,18.48,18.5,897.19,44.49,55.04,High Need,Moderate
2062,B,Wheat,Flowering,25.49,115.36,12.48,38.02,7.06,29.59,59.59,77.57,21.03,774.55,17.46,60.02,Moderate Need,High
2063,E,Maize,Vegetative,45.49,103.96,70.42,71.04,6.32,18.39,77.83,52.81,12.65,846.8,7.79,46.25,No/Low Need,Moderate
2064,A,Wheat,Maturity,57.85,62.6,35.2,70.51,7.09,19.59,75.51,15.78,24.25,272.62,5.51,66.03,No/Low Need,High
2065,C,Wheat,Vegetative,49.16,84.47,54.75,33.7,5.57,21.43,35.61,60.04,22.94,371.34,4.25,62.79,No/Low Need,High
2066,B,Rice,Flowering,25.93,37.71,74.55,40.19,5.62,19.2,52.12,13.9,14.23,367.94,33.38,74.71,High Need,High
2067,D,Maize,Seedling,12.06,76.05,20.62,60.82,5.62,26.82,46.35,5.07,11.68,192.79,24.26,65.17,Moderate Need,High
2068,F,Tomato,Vegetative,57.43,118.13,49.69,60.88,7.52,25.41,45.02,42.2,1.07,720.14,11.77,50.03,No/Low Need,Moderate
2069,B,Rice,Vegetative,71.11,71.83,63.51,51.76,5.4,32.02,78.71,44.28,18.06,215.75,0.0,63.77,No/Low Need,High
2070,D,Potato,Maturity,60.59,112.76,63.03,34.85,7.28,29.78,49.37,15.12,14.56,144.63,10.8,50.01,No/Low Need,Moderate
2071,F,Maize,Flowering,39.61,60.73,46.79,20.44,5.81,31.11,63.48,27.87,23.5,759.13,30.17,73.95,High Need,High
2072,F,Tomato,Maturity,66.23,119.88,53.73,117.02,6.42,28.38,49.82,75.66,15.26,868.96,1.57,36.74,No/Low Need,Moderate
2073,B,Maize,Vegetative,36.59,77.92,63.03,114.35,7.58,24.11,69.81,22.8,24.83,749.5,24.4,54.32,Moderate Need,Moderate
2074,E,Tomato,Vegetative,43.5,24.23,68.87,68.37,6.72,38.96,78.23,12.45,21.49,801.55,35.43,72.53,High Need,High
2075,E,Rice,Seedling,40.63,78.68,63.33,119.51,5.75,19.9,54.86,79.4,23.89,606.28,2.49,49.08,No/Low Need,Moderate
2076,F,Tomato,Maturity,38.86,47.46,34.78,87.37,5.94,38.66,71.18,24.18,8.86,854.58,28.85,68.81,High Need,High
2077,E,Rice,Vegetative,58.51,23.25,79.77,26.89,7.59,24.85,84.49,54.42,4.58,522.2,0.0,79.33,No/Low Need,High
2078,A,Tomato,Maturity,43.61,102.09,40.42,31.77,6.31,29.28,40.65,18.52,20.12,940.07,29.42,55.5,High Need,Moderate
2079,F,Potato,Maturity,31.0,47.57,11.71,111.61,6.73,20.39,77.64,44.01,19.87,187.9,7.57,68.7,No/Low Need,High
2080,F,Rice,Maturity,27.49,99.65,35.38,83.01,6.4,19.56,54.39,30.9,6.07,787.8,24.32,50.68,Moderate Need,Moderate
2081,D,Rice,Flowering,14.26,48.82,18.94,104.32,6.18,27.45,42.36,76.93,19.35,645.18,28.37,71.23,High Need,High
2082,E,Tomato,Flowering,46.99,39.43,18.5,109.83,5.78,34.32,67.74,34.62,14.97,593.55,24.07,75.25,Moderate Need,High
2083,F,Rice,Flowering,25.8,117.39,29.71,64.79,6.98,23.93,48.58,46.73,3.63,716.94,29.8,52.73,High Need,Moderate
2084,A,Tomato,Seedling,20.89,56.16,13.74,24.85,7.07,30.37,84.28,75.58,13.04,814.25,12.83,75.85,Moderate Need,High
2085,D,Rice,Flowering,51.23,80.14,58.2,38.83,5.91,24.13,37.57,79.14,23.35,833.45,8.75,63.08,No/Low Need,High
2086,B,Rice,Seedling,52.87,81.0,15.18,26.66,7.25,26.55,40.92,8.13,13.15,249.07,15.2,68.15,Moderate Need,High
2087,F,Potato,Vegetative,57.13,76.05,24.23,38.87,7.42,37.94,66.26,66.75,19.93,267.48,3.05,70.32,No/Low Need,High
2088,A,Maize,Vegetative,42.21,111.47,16.5,61.05,7.59,36.83,70.34,30.57,1.69,113.74,14.79,58.39,Moderate Need,Moderate
2089,C,Tomato,Vegetative,65.64,87.44,14.42,31.82,5.62,29.35,78.79,47.59,18.47,212.07,0.0,69.13,No/Low Need,High
2090,A,Rice,Vegetative,68.18,60.37,28.74,36.67,5.99,23.24,50.56,30.0,23.72,324.3,5.18,73.15,No/Low Need,High
2091,A,Maize,Vegetative,60.44,106.24,50.03,64.58,7.44,22.25,85.51,32.09,12.99,712.88,6.96,53.01,No/Low Need,Moderate
2092,D,Maize,Flowering,50.14,38.11,77.53,54.02,5.72,38.99,92.19,12.71,9.11,504.4,25.28,71.99,High Need,High
2093,B,Maize,Seedling,30.22,74.42,71.29,66.77,5.21,22.46,64.94,45.82,16.52,744.22,13.26,57.5,Moderate Need,Moderate
2094,C,Maize,Flowering,70.98,115.06,71.32,62.92,7.46,35.78,80.63,43.74,22.99,513.56,5.83,48.13,No/Low Need,Moderate
2095,E,Maize,Vegetative,28.45,82.54,22.32,84.45,6.05,26.12,66.49,15.15,5.24,572.26,27.0,61.24,High Need,High
2096,E,Wheat,Flowering,24.16,101.7,28.54,113.72,6.28,39.68,39.17,43.34,10.69,194.41,26.87,51.05,High Need,Moderate
2097,A,Rice,Flowering,38.53,85.36,15.35,30.79,6.36,26.1,54.57,77.85,4.75,760.07,11.24,68.29,No/Low Need,High
2098,D,Tomato,Flowering,15.41,103.94,64.49,29.93,7.41,25.73,40.25,57.15,12.92,744.41,33.1,56.68,High Need,Moderate
2099,D,Rice,Flowering,70.71,114.45,14.89,105.28,6.08,32.02,94.33,38.48,13.97,361.43,0.0,51.24,No/Low Need,Moderate
2100,E,Maize,Vegetative,47.31,47.29,48.97,70.64,7.52,39.15,48.74,73.29,23.66,379.29,9.88,71.66,No/Low Need,High
2101,C,Rice,Flowering,45.42,36.97,27.35,96.64,6.8,39.48,73.15,46.03,10.9,286.73,18.55,74.35,Moderate Need,High
2102,B,Maize,Vegetative,51.35,68.4,27.04,41.54,6.57,33.56,52.06,10.8,14.61,791.76,28.74,68.54,High Need,High
2103,C,Maize,Vegetative,41.82,90.19,79.35,102.89,6.05,34.6,74.19,43.8,22.25,734.96,20.67,46.31,Moderate Need,Moderate
2104,F,Rice,Flowering,13.92,42.72,62.97,112.38,5.83,30.39,47.62,14.48,8.71,617.78,53.75,65.69,High Need,High
2105,F,Rice,Seedling,48.74,20.41,68.59,83.55,6.82,34.63,82.12,61.4,17.18,303.0,3.83,69.38,No/Low Need,High
2106,B,Rice,Flowering,54.97,54.29,50.04,30.59,6.36,36.92,41.65,77.37,19.17,246.08,3.61,72.01,No/Low Need,High
2107,E,Maize,Flowering,37.0,116.89,70.97,109.53,7.57,28.69,88.71,28.87,8.93,142.73,13.76,42.46,Moderate Need,Moderate
2108,B,Tomato,Vegetative,57.44,89.5,55.18,99.25,6.48,31.64,85.43,34.79,4.94,138.77,3.48,49.6,No/Low Need,Moderate
2109,D,Rice,Seedling,25.62,60.13,76.23,95.09,6.53,29.82,75.73,33.72,13.07,259.07,16.49,52.75,Moderate Need,Moderate
2110,F,Maize,Seedling,25.28,39.26,29.69,23.67,6.28,30.37,39.04,22.82,9.56,185.45,18.4,77.13,Moderate Need,High
2111,A,Rice,Maturity,21.69,55.61,51.67,99.9,7.25,37.58,47.51,63.53,7.4,572.69,24.61,62.42,Moderate Need,High
2112,A,Wheat,Flowering,34.32,36.98,58.31,33.8,6.3,25.82,86.56,49.42,24.36,404.38,11.46,75.91,No/Low Need,High
2113,E,Potato,Seedling,62.82,30.63,37.51,42.24,5.9,22.58,42.32,5.12,13.05,478.2,11.69,77.78,No/Low Need,High
2114,D,Rice,Vegetative,61.67,110.67,71.58,77.71,7.44,28.04,44.36,67.1,21.56,604.96,3.96,46.14,No/Low Need,Moderate
2115,C,Wheat,Flowering,34.97,119.77,78.59,46.5,6.75,22.58,67.64,14.97,5.69,660.24,24.42,44.45,Moderate Need,Moderate
2116,D,Rice,Maturity,47.35,36.41,44.56,86.13,6.74,28.96,51.45,78.33,23.55,650.97,6.62,69.45,No/Low Need,High
2117,A,Rice,Seedling,55.25,25.45,37.34,80.81,6.79,37.88,48.32,30.13,20.07,321.73,14.8,73.6,Moderate Need,High
2118,A,Rice,Vegetative,26.47,52.97,43.04,30.81,7.07,31.58,69.55,49.32,20.41,788.18,29.97,73.89,High Need,High
2119,F,Rice,Maturity,22.09,66.17,69.69,85.6,6.01,36.82,57.35,6.23,10.35,880.05,45.35,56.47,High Need,Moderate
2120,D,Maize,Seedling,70.33,40.48,55.18,112.4,5.29,21.66,43.43,27.57,12.66,368.55,2.58,65.47,No/Low Need,High
2121,D,Wheat,Vegetative,49.05,50.14,13.13,36.11,7.31,37.82,67.09,64.19,15.24,114.51,3.72,80.5,No/Low Need,High
2122,A,Wheat,Maturity,70.88,40.09,47.95,79.71,5.54,31.24,58.22,38.18,19.95,864.28,9.13,71.32,No/Low Need,High
2123,C,Rice,Flowering,32.27,97.43,11.21,54.19,7.08,18.7,79.07,72.37,21.38,885.02,12.34,64.12,Moderate Need,High
2124,E,Rice,Vegetative,54.18,91.26,64.5,65.96,5.41,31.93,41.17,46.01,2.87,143.3,7.8,55.63,No/Low Need,Moderate
2125,E,Maize,Seedling,25.36,83.5,32.98,48.7,6.18,38.93,72.24,74.29,22.7,104.21,8.15,59.78,No/Low Need,Moderate
2126,D,Potato,Seedling,27.67,58.72,43.04,55.41,5.36,19.74,61.19,78.61,23.5,793.94,7.77,68.37,No/Low Need,High
2127,E,Rice,Vegetative,42.71,110.9,65.91,22.89,6.56,30.81,59.36,36.31,15.23,356.24,19.03,50.14,Moderate Need,Moderate
2128,A,Tomato,Maturity,31.18,116.95,13.25,118.16,6.9,38.14,48.94,45.21,5.48,877.39,28.19,46.11,High Need,Moderate
2129,A,Maize,Vegetative,22.06,37.36,21.1,82.48,5.65,18.21,36.83,66.79,20.64,284.23,10.62,77.75,No/Low Need,High
2130,D,Maize,Flowering,27.77,42.3,37.86,70.07,6.17,31.88,85.86,17.72,14.17,831.98,36.97,74.06,High Need,High
2131,D,Wheat,Maturity,14.14,72.56,26.09,58.37,7.62,28.45,54.58,68.93,20.61,158.35,11.41,68.06,No/Low Need,High
2132,F,Rice,Vegetative,54.27,29.13,33.65,73.94,6.35,25.63,75.87,47.35,20.56,321.54,3.45,76.35,No/Low Need,High
2133,D,Rice,Vegetative,41.53,63.64,79.87,58.01,7.29,31.81,91.86,58.04,3.08,927.16,16.6,61.46,Moderate Need,High
2134,C,Maize,Flowering,17.65,78.18,67.78,55.99,7.61,19.16,68.9,6.39,15.57,296.52,30.99,62.0,High Need,High
2135,E,Rice,Maturity,22.3,72.21,71.87,66.39,7.73,34.57,58.83,61.3,12.6,213.06,16.99,59.41,Moderate Need,Moderate
2136,D,Potato,Maturity,18.15,53.09,75.59,47.6,7.54,18.1,51.1,24.86,23.71,828.5,28.15,66.35,High Need,High
2137,B,Wheat,Seedling,48.76,74.24,33.87,38.0,6.03,24.75,91.04,64.42,8.12,200.13,0.0,64.47,No/Low Need,High
2138,F,Rice,Flowering,17.65,115.88,30.8,75.66,7.7,29.09,75.92,40.73,5.94,182.84,25.66,54.6,High Need,Moderate
2139,B,Maize,Flowering,57.26,40.6,26.38,104.28,7.31,26.29,74.92,21.97,22.53,374.91,12.31,74.49,Moderate Need,High
2140,A,Rice,Maturity,13.23,85.48,68.11,35.28,7.38,24.76,60.57,76.22,4.57,640.03,16.3,58.17,Moderate Need,Moderate
2141,E,Wheat,Seedling,26.96,24.34,57.57,23.27,5.24,36.28,85.7,61.2,17.48,704.13,12.79,81.1,Moderate Need,High
2142,D,Maize,Flowering,65.44,26.64,26.53,44.68,7.68,38.57,77.82,78.85,8.2,849.05,2.63,87.56,No/Low Need,High
2143,B,Potato,Maturity,55.11,75.18,36.39,117.97,7.22,37.22,51.99,29.16,14.63,559.77,18.03,56.62,Moderate Need,Moderate
2144,E,Tomato,Vegetative,16.38,30.49,45.47,102.88,7.2,29.49,70.97,51.94,15.79,434.41,23.47,72.51,Moderate Need,High
2145,A,Maize,Vegetative,61.27,22.23,46.97,79.59,5.41,37.45,60.81,48.93,11.02,405.01,8.07,79.24,No/Low Need,High
2146,C,Maize,Seedling,41.58,37.15,72.21,112.92,5.8,38.26,35.4,55.0,24.4,819.87,17.9,61.36,Moderate Need,High
2147,F,Potato,Vegetative,62.81,76.48,36.64,64.53,7.7,27.0,83.46,3.07,4.16,715.24,17.51,65.99,Moderate Need,High
2148,E,Rice,Vegetative,48.04,90.33,73.6,118.33,6.5,24.24,42.37,23.34,10.39,869.61,27.78,43.65,High Need,Moderate
2149,E,Rice,Maturity,52.91,40.25,40.9,49.63,6.23,20.16,65.6,72.75,11.33,919.43,2.14,73.38,No/Low Need,High
2150,C,Rice,Vegetative,71.61,86.83,62.25,44.03,7.38,28.54,55.17,33.91,16.15,355.04,4.52,59.25,No/Low Need,Moderate
2151,E,Rice,Vegetative,25.94,38.25,75.12,83.8,5.43,38.82,55.53,76.85,10.77,550.22,21.68,68.46,Moderate Need,High
2152,A,Maize,Flowering,49.44,81.35,73.53,57.82,6.28,30.34,63.64,17.08,3.33,637.05,24.21,56.17,Moderate Need,Moderate
2153,A,Maize,Vegetative,39.62,61.2,13.99,82.64,6.18,32.69,94.82,79.79,23.74,239.27,0.0,69.26,No/Low Need,High
2154,C,Maize,Vegetative,14.37,85.38,24.4,50.5,6.11,20.48,59.5,55.81,10.99,145.34,12.62,63.79,Moderate Need,High
2155,F,Rice,Flowering,12.87,119.51,43.38,81.79,6.0,21.16,45.94,62.11,9.22,837.6,32.53,47.63,High Need,Moderate
2156,D,Maize,Maturity,19.15,113.78,40.21,47.57,5.75,28.22,71.82,31.75,11.72,555.19,22.81,52.14,Moderate Need,Moderate
2157,B,Rice,Flowering,50.95,20.43,54.86,25.1,5.65,38.93,49.18,72.56,6.2,585.16,13.44,85.48,Moderate Need,High
2158,D,Maize,Flowering,46.03,108.54,76.13,111.21,6.87,25.94,41.33,43.64,3.41,571.68,15.87,41.2,Moderate Need,Moderate
2159,E,Maize,Seedling,45.21,26.65,17.87,108.32,7.59,37.3,38.01,54.48,4.57,741.72,14.14,76.62,Moderate Need,High
2160,B,Rice,Maturity,13.91,115.3,41.63,117.08,6.52,20.65,36.37,7.58,5.0,223.68,31.35,40.14,High Need,Moderate
2161,C,Rice,Seedling,40.16,48.18,23.47,91.65,5.97,31.57,60.87,50.53,5.74,621.94,13.39,68.48,Moderate Need,High
2162,C,Rice,Flowering,67.48,58.2,72.59,88.27,5.61,31.21,60.6,70.33,11.08,499.06,0.0,62.78,No/Low Need,High
2163,F,Tomato,Vegetative,35.86,29.16,77.52,75.9,7.36,36.92,46.13,14.26,15.97,862.41,41.76,71.05,High Need,High
2164,B,Potato,Maturity,49.5,31.23,43.51,32.59,7.73,18.07,82.04,59.02,16.09,541.68,0.0,81.68,No/Low Need,High
2165,A,Maize,Flowering,58.79,92.67,17.28,38.92,6.11,22.18,42.76,2.03,1.0,901.49,26.9,65.62,High Need,High
2166,B,Rice,Flowering,59.04,114.43,64.97,48.95,5.96,22.83,89.92,74.1,23.1,400.27,0.0,49.47,No/Low Need,Moderate
2167,E,Wheat,Vegetative,43.16,81.07,58.8,109.02,6.76,38.9,70.25,78.63,20.75,921.86,13.64,51.43,Moderate Need,Moderate
2168,A,Maize,Vegetative,63.48,91.59,34.83,37.3,7.22,21.38,36.66,28.33,24.13,843.88,15.27,62.83,Moderate Need,High
2169,C,Tomato,Flowering,35.48,96.2,72.12,112.29,6.38,18.81,92.78,8.57,9.64,596.62,24.86,44.74,Moderate Need,Moderate
2170,B,Rice,Flowering,65.32,46.28,78.31,72.28,6.84,29.76,53.48,52.69,16.96,400.65,3.33,65.28,No/Low Need,High
2171,D,Rice,Seedling,26.41,24.52,49.05,91.56,7.06,29.63,62.0,2.39,5.03,419.53,26.75,71.58,High Need,High
2172,F,Maize,Maturity,28.81,20.19,49.6,31.02,7.7,36.57,52.06,38.6,20.61,756.84,26.86,84.19,High Need,High
2173,D,Wheat,Maturity,15.19,55.06,30.83,46.9,5.63,38.87,78.71,21.74,4.87,593.54,27.86,73.18,High Need,High
2174,F,Rice,Vegetative,59.73,44.15,50.92,115.85,7.79,29.85,64.14,37.87,8.82,441.35,9.33,67.96,No/Low Need,High
2175,E,Rice,Maturity,37.02,26.23,40.77,46.61,6.22,38.46,42.94,1.46,12.78,640.65,39.68,78.29,High Need,High
2176,D,Wheat,Flowering,25.75,37.95,31.15,49.65,7.08,33.95,41.25,4.13,15.27,723.25,43.52,80.11,High Need,High
2177,B,Tomato,Vegetative,25.91,32.45,14.7,39.76,6.69,23.82,78.52,1.28,14.43,119.47,26.01,82.96,High Need,High
2178,B,Potato,Vegetative,66.08,111.49,27.69,32.91,6.47,38.43,49.22,49.53,3.45,176.38,3.79,55.51,No/Low Need,Moderate
2179,D,Maize,Flowering,62.03,34.03,23.85,43.33,7.01,32.68,43.27,44.81,11.12,180.31,5.87,83.16,No/Low Need,High
2180,B,Wheat,Flowering,45.21,73.76,47.94,84.23,6.23,27.11,64.97,18.65,23.15,297.14,17.91,60.24,Moderate Need,High
2181,E,Rice,Vegetative,48.97,79.31,52.12,65.54,5.53,32.97,83.17,51.73,21.94,462.94,11.05,61.25,No/Low Need,High
2182,A,Wheat,Flowering,40.46,74.35,52.6,75.38,6.47,26.83,51.73,70.74,15.18,783.1,12.0,59.31,No/Low Need,Moderate
2183,E,Wheat,Flowering,35.5,29.91,37.17,32.24,6.56,20.51,51.59,22.19,14.74,398.43,19.64,81.61,Moderate Need,High
2184,F,Maize,Flowering,66.93,51.88,39.49,100.21,5.72,33.82,85.03,66.56,3.68,114.86,0.0,68.89,No/Low Need,High
2185,E,Wheat,Seedling,19.54,25.13,68.4,98.41,7.63,36.13,43.87,53.0,5.81,510.86,16.85,69.36,Moderate Need,High
2186,F,Rice,Maturity,37.11,59.57,43.34,22.16,5.79,34.03,72.0,2.71,7.06,947.13,37.32,71.82,High Need,High
2187,B,Rice,Vegetative,32.67,38.86,79.14,58.35,6.26,23.04,92.3,30.01,12.72,396.67,16.91,67.28,Moderate Need,High
2188,A,Rice,Vegetative,41.89,76.16,40.77,26.88,5.6,39.05,85.48,40.62,18.55,917.07,30.06,68.66,High Need,High
2189,B,Rice,Vegetative,39.46,89.28,55.47,99.21,6.59,18.56,38.71,58.54,12.06,186.14,4.11,49.9,No/Low Need,Moderate
2190,C,Rice,Vegetative,43.13,73.21,13.53,93.73,6.0,25.32,54.19,22.97,4.03,247.13,17.43,64.89,Moderate Need,High
2191,B,Potato,Maturity,20.4,63.42,55.73,110.2,6.47,23.72,43.54,78.62,11.54,715.5,13.88,55.07,Moderate Need,Moderate
2192,F,Wheat,Vegetative,42.79,58.73,69.6,43.64,5.78,19.06,91.95,54.76,4.9,526.03,1.29,66.32,No/Low Need,High
2193,B,Wheat,Flowering,26.55,104.17,75.97,65.63,5.34,26.93,94.16,29.83,19.03,750.35,25.43,51.26,High Need,Moderate
2194,B,Tomato,Seedling,23.06,41.94,79.81,38.45,7.23,31.71,49.1,7.76,5.0,834.02,31.22,67.52,High Need,High
2195,A,Potato,Vegetative,15.89,93.42,29.75,57.12,6.87,37.42,75.18,14.51,12.58,313.42,36.22,59.38,High Need,Moderate
2196,B,Maize,Maturity,57.76,95.75,50.28,72.22,6.09,39.77,85.5,39.01,17.64,680.4,13.28,51.78,Moderate Need,Moderate
2197,A,Tomato,Flowering,37.65,61.92,41.55,25.33,5.32,35.78,49.02,39.58,6.48,616.46,30.37,75.89,High Need,High
2198,D,Rice,Vegetative,49.6,49.73,49.47,91.49,7.45,28.31,46.26,61.42,2.82,832.3,13.83,68.0,Moderate Need,High
2199,C,Rice,Flowering,55.66,67.05,21.02,74.33,5.64,33.92,35.67,58.09,14.52,465.59,13.81,70.78,Moderate Need,High
2200,A,Wheat,Vegetative,52.76,29.32,69.93,102.9,7.62,36.56,59.72,16.1,2.3,144.09,14.71,70.16,Moderate Need,High
2201,F,Maize,Vegetative,40.23,24.59,73.67,47.18,6.44,28.24,88.97,47.6,15.11,588.06,12.01,73.45,Moderate Need,High
2202,D,Maize,Flowering,35.27,31.16,41.48,110.33,6.09,35.27,89.18,1.65,19.08,915.05,42.58,72.46,High Need,High
2203,A,Rice,Flowering,34.56,38.71,29.63,119.87,7.13,28.62,42.66,31.88,8.9,112.44,23.62,71.91,Moderate Need,High
2204,A,Rice,Vegetative,50.4,70.42,19.86,111.93,7.48,26.5,47.26,61.13,12.72,304.22,3.88,64.38,No/Low Need,High
2205,C,Maize,Maturity,41.69,104.91,57.86,97.79,6.16,29.57,59.48,31.96,23.29,368.66,15.2,44.14,Moderate Need,Moderate
2206,F,Rice,Flowering,62.95,43.56,31.86,101.24,6.26,32.87,81.84,66.85,12.31,750.96,3.12,70.64,No/Low Need,High
2207,E,Maize,Vegetative,64.48,113.52,73.67,77.37,6.33,33.99,71.71,78.09,24.92,374.79,0.0,41.81,No/Low Need,Moderate
2208,E,Maize,Flowering,22.23,115.49,56.97,39.02,7.6,25.85,65.83,48.58,4.77,303.22,17.75,54.01,Moderate Need,Moderate
2209,A,Maize,Flowering,20.17,115.89,55.2,87.7,7.0,30.57,70.52,11.6,18.01,651.27,41.37,45.96,High Need,Moderate
2210,B,Tomato,Flowering,49.82,103.76,49.16,91.28,5.84,38.02,40.77,30.37,16.66,139.44,22.44,51.13,Moderate Need,Moderate
2211,F,Tomato,Vegetative,30.07,56.38,13.2,118.54,5.68,39.48,63.66,0.76,21.94,245.01,38.6,68.64,High Need,High
2212,D,Wheat,Flowering,13.11,27.27,75.23,74.13,5.8,23.0,94.52,48.22,3.22,446.83,16.93,73.14,Moderate Need,High
2213,B,Maize,Vegetative,65.32,76.88,53.96,47.14,5.89,22.24,40.31,65.73,7.72,402.26,0.0,62.47,No/Low Need,High
2214,B,Maize,Maturity,25.61,75.87,79.58,88.37,5.8,32.89,66.15,50.4,4.17,395.09,15.83,52.09,Moderate Need,Moderate
2215,F,Rice,Flowering,67.76,105.0,47.61,117.94,6.91,27.12,52.74,62.89,23.39,192.27,0.0,46.82,No/Low Need,Moderate
2216,A,Rice,Seedling,55.05,119.6,59.71,37.72,5.5,18.53,67.39,63.99,11.24,406.71,0.0,47.45,No/Low Need,Moderate
2217,A,Rice,Flowering,57.76,70.82,13.93,52.6,6.21,25.63,69.43,68.08,22.84,778.29,4.2,71.18,No/Low Need,High
2218,A,Wheat,Maturity,24.09,54.52,54.22,74.19,6.83,35.75,69.65,21.33,8.07,451.77,23.23,63.71,Moderate Need,High
2219,A,Maize,Maturity,26.05,38.59,63.53,37.02,5.96,35.54,86.13,69.7,4.03,598.25,12.53,72.43,Moderate Need,High
2220,E,Tomato,Vegetative,43.28,20.48,64.5,22.22,5.37,28.88,58.38,52.33,8.12,239.04,8.14,83.69,No/Low Need,High
2221,A,Rice,Seedling,22.33,70.91,63.91,53.7,5.41,28.4,65.98,23.18,15.33,159.25,19.56,60.72,Moderate Need,High
2222,E,Rice,Flowering,30.33,75.55,25.84,106.54,5.53,30.75,35.66,78.98,21.29,847.96,26.29,63.77,High Need,High
2223,E,Potato,Seedling,31.29,102.49,78.28,24.35,7.37,22.83,82.37,76.01,10.25,381.67,1.09,50.67,No/Low Need,Moderate
2224,A,Rice,Maturity,21.58,70.46,79.66,62.89,6.91,29.57,50.57,45.96,22.96,397.79,24.08,55.71,Moderate Need,Moderate
2225,C,Wheat,Vegetative,24.31,111.65,15.29,96.22,5.37,18.24,83.99,67.46,6.86,846.03,9.79,54.49,No/Low Need,Moderate
2226,D,Maize,Vegetative,59.31,82.81,75.55,115.32,6.22,28.46,50.94,20.92,17.64,701.61,18.64,47.18,Moderate Need,Moderate
2227,B,Wheat,Vegetative,22.03,104.03,30.26,118.55,5.92,25.39,35.65,33.28,18.66,742.82,28.31,49.36,High Need,Moderate
2228,E,Rice,Vegetative,13.71,34.83,58.25,62.2,6.7,32.85,44.29,14.72,7.58,679.7,49.84,71.71,High Need,High
2229,F,Rice,Flowering,49.76,105.53,33.67,115.04,6.56,32.04,94.14,41.61,1.65,189.92,5.46,48.1,No/Low Need,Moderate
2230,F,Rice,Vegetative,70.56,87.51,77.74,23.54,6.45,26.38,54.19,39.68,9.77,914.3,10.99,55.38,No/Low Need,Moderate
2231,D,Maize,Vegetative,31.87,37.02,17.11,94.59,6.02,18.16,41.53,17.03,2.08,872.77,27.81,75.64,High Need,High
2232,F,Wheat,Vegetative,19.12,38.98,44.84,84.27,5.56,23.55,42.13,53.82,22.62,300.79,16.64,73.1,Moderate Need,High
2233,C,Rice,Flowering,46.22,112.65,39.96,44.95,7.13,31.93,53.62,9.42,23.88,783.4,42.82,55.39,High Need,Moderate
2234,F,Maize,Seedling,66.38,23.22,32.82,70.73,7.49,19.59,37.26,4.94,18.65,447.99,9.47,79.13,No/Low Need,High
2235,B,Tomato,Flowering,59.04,66.25,55.19,32.96,7.65,20.37,65.69,30.79,18.44,681.2,11.83,71.01,No/Low Need,High
2236,B,Rice,Flowering,49.35,51.35,19.17,107.16,5.35,32.23,47.82,32.79,6.78,240.76,18.92,73.36,Moderate Need,High
2237,E,Wheat,Flowering,30.9,86.51,60.17,55.79,7.12,34.63,66.16,25.58,2.77,557.77,28.05,58.77,High Need,Moderate
2238,A,Maize,Maturity,44.51,103.96,78.64,82.6,7.09,25.07,43.45,20.64,20.25,207.62,14.3,43.53,Moderate Need,Moderate
2239,C,Rice,Maturity,17.47,56.04,66.32,35.88,7.66,28.77,60.79,27.1,14.42,555.74,31.46,68.96,High Need,High
2240,E,Rice,Maturity,52.74,62.69,70.2,40.62,5.86,38.81,70.88,13.07,17.36,307.05,21.53,63.49,Moderate Need,High
2241,C,Maize,Vegetative,55.51,118.19,35.17,119.2,7.13,38.8,38.72,32.28,19.71,484.6,20.94,44.06,Moderate Need,Moderate
2242,A,Tomato,Seedling,69.9,98.39,32.74,95.31,5.34,24.77,58.92,72.37,10.83,667.77,0.0,52.82,No/Low Need,Moderate
2243,F,Tomato,Vegetative,27.62,109.72,46.19,116.2,6.84,35.82,53.15,17.95,4.47,845.51,41.21,43.99,High Need,Moderate
2244,F,Maize,Maturity,13.11,63.88,13.2,49.59,6.11,31.07,49.42,54.76,20.08,240.5,19.41,71.29,Moderate Need,High
2245,A,Maize,Maturity,44.74,43.41,76.18,36.46,7.2,39.46,71.27,11.34,11.89,859.28,28.08,69.32,High Need,High
2246,E,Wheat,Maturity,54.41,61.19,20.06,70.31,7.44,28.51,70.31,28.31,20.85,431.53,9.53,70.63,No/Low Need,High
2247,A,Maize,Seedling,59.42,91.61,73.21,69.47,6.15,35.04,72.84,25.69,11.5,817.23,13.49,47.57,Moderate Need,Moderate
2248,D,Wheat,Maturity,23.62,30.94,15.85,37.49,6.57,34.9,44.53,74.96,6.21,535.67,13.85,81.53,Moderate Need,High
2249,B,Rice,Vegetative,27.71,47.05,67.58,93.32,5.51,28.94,52.14,34.24,5.1,832.88,34.5,65.54,High Need,High
2250,E,Maize,Seedling,42.76,24.66,20.64,56.18,6.28,35.5,47.58,55.24,18.85,663.4,13.38,79.53,Moderate Need,High
2251,C,Maize,Vegetative,31.84,63.23,12.67,38.64,6.14,23.74,67.43,48.2,14.8,532.41,14.6,74.29,Moderate Need,High
2252,D,Wheat,Seedling,63.63,102.74,60.36,53.2,5.68,20.69,62.66,11.28,10.71,365.66,5.23,50.15,No/Low Need,Moderate
2253,E,Potato,Flowering,40.43,22.47,29.62,76.37,7.53,27.35,54.82,75.16,12.81,923.57,14.57,83.93,Moderate Need,High
2254,A,Rice,Vegetative,59.97,87.53,60.01,92.65,5.59,38.76,82.16,27.67,14.19,780.76,22.92,53.71,Moderate Need,Moderate
2255,A,Rice,Vegetative,46.84,113.25,48.86,68.19,6.85,29.02,40.64,3.58,6.75,424.01,30.45,48.18,High Need,Moderate
2256,A,Rice,Flowering,58.39,43.69,17.62,72.56,7.51,31.98,93.49,24.04,10.08,241.72,10.03,79.68,No/Low Need,High
2257,A,Tomato,Maturity,31.96,89.36,75.25,33.89,7.57,31.73,41.99,26.85,8.02,762.61,29.15,56.57,High Need,Moderate
2258,C,Maize,Flowering,61.88,117.51,41.66,111.47,7.26,20.92,81.38,7.42,10.32,941.45,19.18,46.06,Moderate Need,Moderate
2259,D,Rice,Vegetative,28.47,116.23,61.41,112.87,5.66,26.59,57.09,49.6,13.01,337.13,18.35,41.57,Moderate Need,Moderate
2260,F,Maize,Maturity,44.77,43.49,45.07,88.34,7.33,33.55,86.92,27.74,5.16,878.48,19.2,69.19,Moderate Need,High
2261,B,Wheat,Maturity,24.84,30.03,52.31,21.76,5.92,39.38,39.45,50.33,10.44,206.57,18.0,79.18,Moderate Need,High
2262,C,Tomato,Seedling,40.53,34.83,31.19,73.71,7.6,21.7,57.48,0.54,10.25,909.38,23.5,75.8,Moderate Need,High
2263,C,Wheat,Flowering,31.09,90.2,24.03,82.92,7.04,27.03,55.13,78.56,7.86,733.54,11.81,60.52,No/Low Need,High
2264,F,Wheat,Vegetative,28.0,92.58,47.98,119.47,7.24,20.09,94.59,13.64,24.96,394.61,18.24,50.36,Moderate Need,Moderate
2265,F,Potato,Seedling,70.02,87.42,40.82,119.61,5.42,23.33,94.13,52.75,2.77,358.94,0.0,51.64,No/Low Need,Moderate
2266,B,Rice,Flowering,21.6,53.61,37.31,105.76,6.72,26.29,46.39,57.26,16.43,646.92,30.35,65.82,High Need,High
2267,B,Rice,Maturity,59.24,36.98,57.08,26.38,7.33,29.89,72.8,13.73,5.19,604.48,16.62,76.55,Moderate Need,High
2268,F,Maize,Vegetative,71.05,78.08,58.34,115.33,7.44,23.07,67.13,8.94,21.15,881.1,15.44,54.43,Moderate Need,Moderate
2269,A,Potato,Maturity,13.19,68.37,13.21,81.27,5.27,23.01,44.26,12.21,22.94,751.31,35.44,69.41,High Need,High
2270,C,Wheat,Maturity,53.94,92.88,33.71,100.09,7.64,35.11,45.07,19.75,10.64,559.31,17.42,55.26,Moderate Need,Moderate
2271,E,Rice,Maturity,27.17,64.14,38.82,60.72,5.31,39.18,94.36,13.46,20.76,888.43,38.94,68.46,High Need,High
2272,B,Rice,Vegetative,14.43,53.86,16.78,51.97,6.8,25.12,62.16,53.92,7.0,603.82,26.25,74.71,High Need,High
2273,B,Wheat,Maturity,36.17,49.35,26.51,66.32,7.0,33.14,42.55,33.67,4.36,822.23,21.88,71.98,Moderate Need,High
2274,F,Rice,Vegetative,68.11,41.15,13.61,34.69,5.48,23.68,47.89,43.02,8.58,814.8,8.21,84.3,No/Low Need,High
2275,D,Maize,Flowering,12.71,46.57,79.74,55.71,5.32,38.41,51.1,3.79,9.2,881.32,58.26,70.28,High Need,High
2276,E,Potato,Seedling,47.27,29.48,61.56,105.76,7.24,32.8,65.66,68.9,10.54,157.46,0.77,66.75,No/Low Need,High
2277,E,Wheat,Seedling,42.08,54.69,16.12,23.8,6.2,35.66,55.13,13.65,9.95,596.25,18.38,74.94,Moderate Need,High
2278,B,Wheat,Flowering,64.4,23.66,11.42,35.09,5.48,19.09,62.3,28.81,10.87,498.13,4.03,91.74,No/Low Need,High
2279,A,Wheat,Vegetative,17.04,38.64,60.35,32.51,7.18,31.17,44.99,5.75,18.04,516.96,36.38,75.59,High Need,High
2280,D,Rice,Vegetative,52.89,94.68,40.74,60.31,7.41,29.61,54.6,10.94,6.89,490.92,24.35,58.77,Moderate Need,Moderate
2281,E,Tomato,Vegetative,52.81,52.55,65.08,119.7,6.73,24.45,39.22,53.26,1.45,811.85,12.0,58.03,No/Low Need,Moderate
2282,B,Wheat,Flowering,52.14,86.82,74.64,37.34,5.62,23.77,88.38,55.41,12.75,370.67,0.0,59.32,No/Low Need,Moderate
2283,E,Wheat,Seedling,68.54,91.69,51.95,34.55,5.24,30.76,46.93,54.16,11.76,493.34,1.78,59.2,No/Low Need,Moderate
2284,D,Maize,Maturity,61.39,78.12,23.1,111.51,7.02,33.54,80.41,44.17,2.44,270.58,1.76,58.04,No/Low Need,Moderate
2285,D,Wheat,Seedling,14.52,115.87,64.75,108.21,6.63,18.73,55.97,76.2,4.21,313.96,4.89,35.8,No/Low Need,Moderate
2286,C,Maize,Vegetative,40.26,22.14,76.91,23.22,6.89,30.48,63.46,40.57,13.24,661.36,19.31,77.84,Moderate Need,High
2287,F,Rice,Vegetative,35.88,93.87,50.62,95.17,7.31,21.75,52.48,35.95,6.63,199.4,13.76,52.67,Moderate Need,Moderate
2288,F,Tomato,Vegetative,30.61,115.88,57.74,85.55,6.33,21.09,76.79,19.8,22.06,259.65,19.46,42.94,Moderate Need,Moderate
2289,B,Potato,Vegetative,39.08,106.23,33.62,96.77,5.52,31.71,85.67,7.91,5.16,548.83,26.38,52.26,High Need,Moderate
2290,D,Maize,Vegetative,35.05,36.79,36.71,69.45,7.64,24.84,52.18,43.85,1.48,137.21,9.73,77.85,No/Low Need,High
2291,C,Potato,Maturity,37.94,52.68,61.43,119.14,6.62,27.7,49.53,25.19,11.74,207.89,16.15,56.77,Moderate Need,Moderate
2292,C,Rice,Flowering,70.76,37.25,74.94,24.38,6.8,25.92,75.89,41.92,24.67,833.85,8.04,74.37,No/Low Need,High
2293,E,Wheat,Seedling,17.32,80.13,54.03,43.44,7.63,32.26,46.71,16.49,16.21,819.22,26.35,60.94,High Need,High
2294,E,Maize,Vegetative,67.33,91.22,65.29,59.65,7.62,28.34,73.39,67.05,9.5,395.61,0.0,56.38,No/Low Need,Moderate
2295,C,Maize,Maturity,40.81,51.71,22.01,64.98,6.69,39.2,40.67,79.98,1.4,395.79,8.18,70.95,No/Low Need,High
2296,E,Wheat,Vegetative,49.42,73.95,24.84,112.14,5.97,25.75,72.21,25.79,12.64,896.04,17.74,60.53,Moderate Need,High
2297,D,Rice,Seedling,61.81,89.09,47.24,76.0,7.79,34.29,65.8,67.39,5.96,121.96,0.0,56.03,No/Low Need,Moderate
2298,A,Rice,Flowering,33.63,62.13,22.36,24.51,6.97,23.66,41.83,69.84,16.55,593.25,15.83,76.53,Moderate Need,High
2299,D,Wheat,Flowering,37.83,105.4,54.45,60.79,6.26,29.19,73.95,79.69,14.99,607.78,6.21,51.64,No/Low Need,Moderate
2300,C,Rice,Flowering,36.57,97.15,30.42,61.65,6.66,30.16,61.79,27.42,7.37,769.7,35.7,58.18,High Need,Moderate
2301,C,Maize,Seedling,34.48,26.47,65.41,116.55,6.28,25.24,48.03,60.48,2.65,908.99,12.17,63.65,Moderate Need,High
2302,D,Rice,Seedling,67.53,82.11,66.57,79.92,7.51,28.38,56.2,18.3,19.12,402.45,9.21,53.19,No/Low Need,Moderate
2303,E,Rice,Flowering,61.74,43.53,42.47,83.57,6.45,24.14,64.53,49.98,15.05,472.16,1.65,70.1,No/Low Need,High
2304,E,Maize,Vegetative,18.54,75.75,22.66,91.33,7.34,18.13,40.49,56.39,21.21,670.6,20.59,64.08,Moderate Need,High
2305,F,Maize,Flowering,18.49,115.69,55.27,97.0,7.38,22.74,92.46,59.29,7.24,922.18,21.18,46.41,Moderate Need,Moderate
2306,C,Tomato,Flowering,37.67,107.91,79.5,83.51,7.34,33.4,74.93,16.57,16.67,857.17,39.35,46.0,High Need,Moderate
2307,B,Maize,Vegetative,17.92,60.45,53.58,43.72,7.08,34.96,41.15,67.9,3.85,667.0,24.78,68.09,Moderate Need,High
2308,F,Rice,Maturity,49.15,49.15,12.5,107.4,7.42,24.16,84.37,33.68,8.0,828.22,13.91,71.31,Moderate Need,High
2309,E,Tomato,Maturity,20.62,43.44,11.21,93.21,6.21,26.98,54.35,17.31,16.76,172.42,24.99,72.56,Moderate Need,High
2310,D,Wheat,Flowering,43.34,73.25,32.43,94.19,5.5,18.82,70.81,43.4,20.81,420.56,7.27,64.92,No/Low Need,High
2311,E,Rice,Seedling,12.43,31.42,23.7,119.66,7.39,23.22,51.63,69.07,8.7,111.13,9.38,71.88,No/Low Need,High
2312,D,Maize,Seedling,31.0,74.93,66.91,100.25,6.5,35.14,79.0,77.37,20.17,250.85,5.18,48.95,No/Low Need,Moderate
2313,F,Potato,Vegetative,52.63,20.13,69.14,102.92,5.53,31.33,78.38,59.86,17.27,635.92,7.38,72.64,No/Low Need,High
2314,C,Wheat,Vegetative,41.04,52.38,28.1,115.14,5.5,22.53,68.12,0.45,9.37,852.73,25.72,68.36,High Need,High
2315,E,Rice,Maturity,70.7,41.99,32.8,35.11,5.61,23.66,49.46,10.78,22.03,637.86,14.2,78.51,Moderate Need,High
2316,D,Rice,Vegetative,64.45,117.12,26.54,69.77,7.15,35.97,50.22,6.1,13.22,664.52,28.98,51.97,High Need,Moderate
2317,C,Rice,Vegetative,33.54,92.72,73.59,78.06,7.05,22.6,57.97,8.1,16.56,188.25,25.72,49.92,High Need,Moderate
2318,B,Wheat,Vegetative,14.73,54.97,45.19,52.93,5.73,25.35,43.7,30.64,12.9,665.13,29.33,71.0,High Need,High
2319,D,Maize,Flowering,62.74,29.28,55.93,103.94,7.4,32.62,55.26,27.08,11.87,486.19,15.31,73.19,Moderate Need,High
2320,F,Rice,Seedling,66.67,71.68,39.08,96.24,5.93,30.34,76.06,9.09,21.35,653.72,14.09,57.76,Moderate Need,Moderate
2321,B,Potato,Vegetative,61.24,41.34,54.17,92.09,7.26,28.14,84.85,70.58,8.07,377.25,0.0,69.01,No/Low Need,High
2322,B,Tomato,Vegetative,19.68,73.64,37.01,119.71,6.47,37.79,54.95,49.23,1.88,594.26,31.08,55.53,High Need,Moderate
2323,A,Maize,Maturity,71.87,103.54,33.78,45.94,7.1,22.83,49.02,63.72,22.11,460.46,0.0,56.17,No/Low Need,Moderate
2324,E,Tomato,Seedling,27.52,81.58,54.41,93.55,6.19,34.31,84.96,29.72,20.8,574.84,20.72,51.11,Moderate Need,Moderate
2325,D,Rice,Maturity,55.45,83.38,51.37,75.14,6.1,21.5,88.44,32.82,9.8,225.03,0.44,55.15,No/Low Need,Moderate
2326,B,Wheat,Maturity,66.48,74.1,30.55,51.3,7.39,31.55,59.6,25.41,5.45,436.45,7.46,66.69,No/Low Need,High
2327,A,Maize,Vegetative,26.14,112.73,20.45,36.06,5.29,37.15,36.61,35.07,17.21,418.14,30.53,60.76,High Need,High
2328,F,Tomato,Flowering,66.5,113.19,35.8,109.59,7.73,28.07,76.7,48.83,2.89,725.94,3.58,50.6,No/Low Need,Moderate
2329,C,Tomato,Seedling,30.57,71.27,39.06,79.55,6.89,33.93,82.04,39.44,11.17,700.45,18.3,59.18,Moderate Need,Moderate
2330,D,Rice,Maturity,70.58,50.58,54.01,102.49,6.32,36.05,36.08,67.03,3.06,872.53,7.28,61.01,No/Low Need,High
2331,B,Potato,Flowering,28.88,65.96,74.02,74.53,6.83,20.99,70.7,72.01,15.35,637.25,10.17,59.45,No/Low Need,Moderate
2332,E,Rice,Vegetative,69.21,38.66,12.53,42.0,5.52,33.53,70.3,37.57,1.65,367.37,4.01,84.25,No/Low Need,High
2333,A,Tomato,Vegetative,15.21,83.63,27.06,53.75,6.54,38.24,57.72,19.18,16.1,765.74,47.37,62.08,High Need,High
2334,B,Potato,Seedling,54.56,70.01,23.56,58.15,7.76,30.68,79.99,75.62,17.16,522.45,0.0,68.42,No/Low Need,High
2335,E,Rice,Maturity,43.93,30.33,45.16,117.29,5.81,22.09,60.69,58.8,12.69,264.47,2.05,69.35,No/Low Need,High
2336,B,Maize,Seedling,40.67,39.76,40.08,20.56,7.08,20.79,75.61,51.21,5.2,735.3,6.63,76.92,No/Low Need,High
2337,D,Rice,Flowering,25.41,67.96,61.03,118.57,6.33,23.71,66.03,59.63,3.43,212.65,11.16,55.22,No/Low Need,Moderate
2338,D,Wheat,Vegetative,54.34,108.76,26.97,118.05,6.9,20.28,49.91,6.08,8.52,251.43,11.83,47.78,No/Low Need,Moderate
2339,D,Wheat,Maturity,23.45,76.64,51.61,119.62,5.73,29.29,71.39,5.41,12.16,744.94,27.89,53.41,High Need,Moderate
2340,F,Maize,Vegetative,45.17,88.15,71.87,67.66,6.42,19.53,79.21,12.25,16.41,754.62,19.55,51.06,Moderate Need,Moderate
2341,F,Potato,Flowering,27.19,53.9,73.75,116.38,7.75,22.91,93.43,11.8,1.03,772.16,31.53,62.01,High Need,High
2342,A,Maize,Vegetative,69.34,77.14,77.11,59.56,5.71,27.68,57.81,33.65,18.07,349.33,4.12,57.45,No/Low Need,Moderate
2343,D,Wheat,Flowering,13.72,64.74,64.13,22.63,6.85,28.43,38.87,12.59,18.11,836.6,45.33,67.92,High Need,High
2344,E,Tomato,Seedling,23.98,85.91,73.42,42.43,6.7,30.44,94.28,68.36,11.67,714.27,11.34,52.0,No/Low Need,Moderate
2345,B,Potato,Vegetative,26.54,25.06,26.42,114.53,6.67,33.52,72.43,46.25,9.24,808.87,27.07,74.16,High Need,High
2346,C,Rice,Vegetative,36.84,69.33,23.83,21.38,6.8,19.04,91.79,29.46,21.22,702.31,18.96,72.16,Moderate Need,High
2347,E,Potato,Flowering,25.96,49.6,10.45,74.6,6.51,19.77,41.23,5.57,19.83,592.66,38.91,74.84,High Need,High
2348,F,Rice,Vegetative,41.48,52.62,59.48,27.56,5.24,19.34,55.52,47.28,24.6,192.99,6.87,74.19,No/Low Need,High
2349,F,Tomato,Flowering,64.35,116.09,75.62,48.64,7.54,27.31,43.04,9.32,9.93,704.3,24.78,49.06,Moderate Need,Moderate
2350,E,Rice,Vegetative,54.72,38.27,23.09,28.81,7.35,18.92,85.13,59.46,22.76,686.89,0.0,83.54,No/Low Need,High
2351,F,Rice,Maturity,46.8,51.12,54.59,105.95,5.65,34.41,87.82,64.22,3.1,365.62,3.32,63.0,No/Low Need,High
2352,D,Wheat,Maturity,17.34,70.99,62.25,79.11,6.27,22.91,65.08,43.52,10.88,725.45,18.68,56.0,Moderate Need,Moderate
2353,A,Maize,Flowering,53.64,106.3,74.93,110.21,7.2,38.66,46.2,11.97,12.17,567.89,31.43,43.57,High Need,Moderate
2354,B,Wheat,Vegetative,21.98,61.67,55.28,88.84,7.75,28.7,42.63,62.95,11.58,575.5,18.31,64.65,Moderate Need,High
2355,A,Rice,Vegetative,59.18,94.39,77.92,117.1,7.67,27.82,70.29,24.63,16.0,412.46,12.49,46.4,Moderate Need,Moderate
2356,B,Maize,Seedling,27.0,105.64,34.13,70.99,7.54,35.17,65.38,17.81,5.08,199.27,18.42,52.69,Moderate Need,Moderate
2357,B,Potato,Vegetative,37.02,51.0,34.49,83.87,5.61,33.69,76.69,37.64,21.79,284.39,17.78,70.97,Moderate Need,High
2358,A,Wheat,Flowering,33.03,59.28,48.01,77.63,7.58,31.36,53.31,73.81,14.24,753.51,16.11,68.89,Moderate Need,High
2359,E,Rice,Flowering,63.53,55.66,36.85,68.43,7.48,38.57,59.14,23.79,22.7,330.73,21.43,72.76,Moderate Need,High
2360,B,Wheat,Maturity,19.59,103.29,10.1,104.6,6.18,27.29,36.28,72.45,1.06,101.92,7.9,52.36,No/Low Need,Moderate
2361,A,Rice,Vegetative,45.94,24.43,61.22,84.45,6.23,35.79,71.61,4.29,16.12,947.46,41.2,72.11,High Need,High
2362,B,Tomato,Flowering,20.52,50.84,62.62,100.13,6.4,26.36,60.39,6.68,10.9,279.08,37.83,62.34,High Need,High
2363,C,Tomato,Vegetative,54.29,87.94,62.29,98.64,6.91,36.44,90.19,55.88,13.12,657.08,9.7,50.45,No/Low Need,Moderate
2364,E,Maize,Flowering,66.3,76.54,34.15,39.1,5.88,23.71,73.51,15.25,18.85,887.88,17.25,68.65,Moderate Need,High
2365,D,Wheat,Vegetative,38.08,63.63,46.56,85.02,5.26,24.36,58.92,25.33,6.45,609.76,18.47,66.02,Moderate Need,High
2366,B,Tomato,Vegetative,41.29,73.99,35.2,39.96,5.57,32.91,50.82,10.91,5.92,779.18,34.83,68.91,High Need,High
2367,C,Maize,Vegetative,67.65,39.76,11.12,78.33,6.34,22.68,89.32,26.58,17.87,929.92,9.1,76.52,No/Low Need,High
2368,D,Tomato,Flowering,43.26,63.07,49.37,87.74,5.93,23.04,35.98,22.44,13.51,831.31,31.97,64.18,High Need,High
2369,D,Maize,Maturity,41.26,70.17,18.66,119.72,7.19,24.72,54.61,58.91,6.61,574.22,7.92,61.08,No/Low Need,High
2370,B,Tomato,Vegetative,46.7,110.12,15.6,23.05,5.48,32.94,91.61,56.16,12.62,409.15,6.67,63.27,No/Low Need,High
2371,A,Maize,Seedling,53.35,46.08,62.88,29.12,7.59,37.57,74.24,76.39,12.03,510.09,2.3,71.8,No/Low Need,High
2372,B,Wheat,Vegetative,18.41,106.78,10.67,27.7,7.53,32.84,66.96,57.95,17.59,815.55,24.21,64.71,Moderate Need,High
2373,C,Potato,Flowering,61.27,84.42,77.13,59.84,7.56,36.21,47.21,55.59,1.06,825.35,14.88,57.66,Moderate Need,Moderate
2374,D,Wheat,Vegetative,38.13,22.03,46.07,102.16,7.12,29.96,85.0,55.54,15.08,818.98,13.85,74.88,Moderate Need,High
2375,B,Maize,Flowering,16.34,92.46,78.81,104.41,5.48,19.52,47.25,70.64,15.54,607.64,18.03,49.28,Moderate Need,Moderate
2376,A,Rice,Maturity,59.17,23.56,14.06,93.7,6.34,20.21,49.9,23.7,18.89,505.41,10.85,77.83,No/Low Need,High
2377,B,Maize,Maturity,34.62,119.74,50.85,109.69,5.54,30.2,46.51,24.01,22.34,364.64,21.24,41.71,Moderate Need,Moderate
2378,E,Maize,Vegetative,18.02,107.26,34.45,52.29,7.77,25.21,44.49,59.3,11.56,102.86,13.87,58.28,Moderate Need,Moderate
2379,A,Rice,Maturity,50.03,49.73,69.04,28.82,6.07,22.85,92.2,18.3,9.22,749.81,15.47,68.42,Moderate Need,High
2380,C,Rice,Flowering,64.81,45.74,35.29,25.82,6.72,28.26,71.12,72.96,3.46,335.45,0.0,78.29,No/Low Need,High
2381,D,Maize,Vegetative,65.27,58.14,28.23,105.21,7.23,32.66,73.27,42.78,9.08,380.23,3.53,66.61,No/Low Need,High
2382,B,Tomato,Flowering,69.46,55.62,70.03,93.04,7.59,26.47,92.26,24.01,2.64,816.96,9.65,64.29,No/Low Need,High
2383,A,Wheat,Maturity,64.06,57.23,36.23,89.86,7.16,35.66,48.83,62.09,20.27,144.41,0.32,65.52,No/Low Need,High
2384,E,Rice,Vegetative,12.13,51.83,11.18,53.97,6.95,34.25,35.36,24.99,20.37,888.48,54.44,76.73,High Need,High
2385,A,Maize,Vegetative,34.81,82.11,37.32,57.99,6.41,34.17,70.93,77.06,11.01,101.16,3.16,60.41,No/Low Need,High
2386,F,Rice,Vegetative,61.11,36.43,55.82,115.81,6.77,39.67,65.47,78.64,7.23,898.29,8.28,65.48,No/Low Need,High
2387,E,Wheat,Flowering,33.98,104.6,27.81,26.38,5.44,24.5,63.66,53.34,3.83,486.54,11.64,64.1,No/Low Need,High
2388,C,Rice,Vegetative,48.09,101.24,40.24,97.37,7.5,32.18,38.71,9.09,21.43,186.8,27.69,52.68,High Need,Moderate
2389,D,Rice,Maturity,48.38,67.65,13.97,50.96,6.61,36.82,62.27,21.06,22.06,673.04,26.97,68.66,High Need,High
2390,C,Rice,Flowering,33.9,105.27,51.17,23.91,5.3,30.75,52.25,41.23,7.39,861.48,35.46,60.53,High Need,High
2391,B,Wheat,Flowering,66.27,44.71,62.94,94.26,7.59,35.37,51.47,68.12,15.92,472.36,1.74,68.91,No/Low Need,High
2392,A,Rice,Seedling,42.19,21.76,38.93,53.09,6.47,27.12,48.34,14.79,7.21,687.65,21.84,76.78,Moderate Need,High
2393,F,Wheat,Flowering,39.89,81.92,39.42,92.21,7.46,30.99,54.95,8.35,6.4,932.46,35.0,60.96,High Need,High
2394,E,Wheat,Seedling,71.85,65.79,16.18,90.77,7.43,19.22,56.19,5.96,1.51,304.6,2.89,65.86,No/Low Need,High
2395,E,Wheat,Seedling,41.61,76.72,24.14,73.48,7.32,39.69,53.53,40.56,14.85,797.38,17.14,62.57,Moderate Need,High
2396,A,Wheat,Flowering,22.7,109.93,20.83,97.74,5.36,35.6,93.73,70.78,4.6,350.95,11.68,55.4,No/Low Need,Moderate
2397,F,Tomato,Vegetative,42.78,116.99,43.72,78.1,5.84,37.11,90.96,3.39,1.3,462.39,28.13,47.96,High Need,Moderate
2398,A,Rice,Flowering,60.84,83.45,47.05,48.66,7.48,33.27,69.47,16.99,3.52,339.5,17.6,64.41,Moderate Need,High
2399,B,Wheat,Seedling,58.61,96.41,76.43,93.41,7.54,22.09,93.86,55.46,8.53,479.11,0.0,45.34,No/Low Need,Moderate
2400,C,Rice,Vegetative,59.31,28.38,15.13,78.91,6.39,18.68,94.47,66.07,17.06,104.33,0.0,79.17,No/Low Need,High
2401,E,Rice,Vegetative,54.48,36.07,51.99,21.27,6.34,37.02,56.36,64.59,5.86,357.92,6.35,77.19,No/Low Need,High
2402,B,Maize,Maturity,27.25,93.32,46.85,110.16,5.66,26.72,61.71,62.81,22.3,478.5,12.25,50.35,Moderate Need,Moderate
2403,C,Maize,Flowering,63.73,63.14,46.14,74.56,7.72,23.81,92.54,10.38,7.92,637.4,12.03,68.92,Moderate Need,High
2404,B,Tomato,Flowering,65.61,64.6,71.12,106.86,5.75,30.36,71.52,31.78,8.95,641.76,12.08,58.2,Moderate Need,Moderate
2405,F,Maize,Vegetative,23.65,50.86,24.39,108.27,5.7,27.26,47.78,78.78,6.23,596.22,13.26,69.54,Moderate Need,High
2406,E,Potato,Seedling,19.83,80.74,12.85,64.5,6.92,32.34,76.36,79.11,7.09,349.08,7.72,62.79,No/Low Need,High
2407,A,Rice,Maturity,70.54,38.52,57.06,70.77,5.83,28.64,47.34,48.19,2.78,905.29,8.0,70.09,No/Low Need,High
2408,A,Rice,Vegetative,64.1,82.69,34.16,61.58,7.64,33.34,55.36,56.74,8.07,433.17,3.67,64.56,No/Low Need,High
2409,C,Rice,Vegetative,65.59,37.38,11.23,64.94,5.23,36.78,48.65,76.1,21.63,284.36,0.0,83.3,No/Low Need,High
2410,D,Rice,Flowering,65.18,26.38,27.6,109.51,5.21,22.3,49.7,35.99,17.52,571.34,8.9,80.11,No/Low Need,High
2411,F,Wheat,Seedling,44.5,53.04,31.65,98.81,6.51,25.25,35.28,10.95,22.01,736.59,18.23,62.51,Moderate Need,High
2412,C,Maize,Maturity,50.78,43.11,53.18,32.65,6.47,27.61,87.84,53.52,3.52,110.4,0.0,71.33,No/Low Need,High
2413,D,Rice,Flowering,44.72,108.9,22.08,81.03,5.62,39.17,52.76,76.81,11.93,334.89,10.49,56.47,No/Low Need,Moderate
2414,B,Potato,Vegetative,15.07,25.5,38.91,119.59,6.49,26.04,40.18,55.78,6.5,801.23,28.46,70.53,High Need,High
2415,F,Tomato,Seedling,56.73,37.66,43.77,79.56,6.27,26.38,40.22,64.27,18.31,530.97,3.37,68.44,No/Low Need,High
2416,B,Rice,Vegetative,42.32,74.87,42.15,98.59,7.51,32.38,68.36,33.82,24.29,447.22,22.59,60.66,Moderate Need,High
2417,E,Rice,Maturity,50.86,68.11,78.18,96.91,5.22,27.22,94.58,7.72,20.57,891.27,23.84,56.12,Moderate Need,Moderate
2418,F,Rice,Flowering,42.16,24.59,13.19,55.03,7.74,38.93,43.7,13.51,1.85,176.1,34.82,89.61,High Need,High
2419,D,Rice,Vegetative,41.51,20.73,76.57,57.18,6.82,37.68,40.98,78.61,8.6,623.23,15.6,74.0,Moderate Need,High
2420,E,Rice,Seedling,22.31,118.81,50.74,92.41,5.59,29.29,61.3,39.45,1.69,390.86,18.13,42.4,Moderate Need,Moderate
2421,A,Wheat,Flowering,28.72,85.88,65.7,70.0,5.32,32.19,68.8,0.96,1.96,160.2,28.67,58.51,High Need,Moderate
2422,D,Rice,Flowering,21.53,56.54,40.13,77.06,6.6,19.28,52.66,76.43,2.91,281.68,6.66,67.34,No/Low Need,High
2423,C,Wheat,Vegetative,23.74,67.04,41.77,91.29,5.81,33.31,53.15,39.82,7.63,633.74,25.47,62.83,High Need,High
2424,A,Potato,Vegetative,70.38,46.66,71.55,97.76,5.98,33.56,60.47,66.9,8.3,124.04,0.0,62.54,No/Low Need,High
2425,A,Maize,Vegetative,21.19,54.49,72.72,47.15,5.84,25.9,53.85,43.88,10.61,603.41,23.83,66.46,Moderate Need,High
2426,C,Potato,Flowering,28.16,84.9,26.71,34.68,6.89,22.83,89.92,8.14,10.72,913.32,36.55,66.92,High Need,High
2427,F,Rice,Maturity,47.44,108.28,23.95,49.18,6.64,38.13,37.52,49.25,19.51,775.83,23.82,54.2,Moderate Need,Moderate
2428,A,Wheat,Vegetative,48.61,38.41,44.74,70.75,5.4,27.39,49.07,79.79,4.39,393.76,0.0,75.57,No/Low Need,High
2429,D,Maize,Flowering,21.24,104.04,73.02,54.21,6.57,32.38,83.51,2.78,4.79,217.48,34.24,48.84,High Need,Moderate
2430,E,Rice,Vegetative,59.62,32.16,32.56,76.84,7.26,18.73,85.04,67.34,16.04,495.3,0.0,77.67,No/Low Need,High
2431,A,Rice,Vegetative,59.11,41.5,55.64,25.35,5.41,27.11,41.69,18.84,14.72,434.01,18.49,78.02,Moderate Need,High
2432,D,Maize,Vegetative,26.24,23.72,59.57,70.98,7.51,35.98,93.43,31.51,4.7,925.97,30.46,77.21,High Need,High
2433,B,Maize,Maturity,29.32,34.08,64.51,56.8,6.7,26.53,76.6,29.82,21.45,941.39,24.14,69.97,Moderate Need,High
2434,D,Wheat,Vegetative,68.28,111.73,49.47,73.47,7.67,31.27,51.36,71.9,8.9,449.0,0.0,51.21,No/Low Need,Moderate
2435,E,Wheat,Flowering,61.54,65.94,38.17,62.25,5.59,22.62,62.36,40.36,9.81,226.47,0.0,69.7,No/Low Need,High
2436,D,Wheat,Vegetative,53.87,27.77,77.69,48.42,7.78,27.16,52.83,35.77,11.09,874.02,15.72,76.44,Moderate Need,High
2437,C,Rice,Vegetative,16.93,115.97,52.79,110.41,6.88,38.41,44.0,65.44,8.74,774.51,35.51,41.66,High Need,Moderate
2438,E,Rice,Seedling,37.1,107.9,61.0,38.48,6.68,30.46,52.47,3.91,14.38,534.58,26.17,47.59,High Need,Moderate
2439,F,Rice,Flowering,45.56,95.47,34.15,88.14,6.54,37.84,69.81,6.92,10.33,410.55,36.45,54.39,High Need,Moderate
2440,B,Rice,Vegetative,23.24,113.35,56.9,112.46,5.26,37.84,84.56,1.74,7.23,480.94,43.58,44.95,High Need,Moderate
2441,C,Potato,Flowering,38.89,42.01,28.05,73.87,7.64,38.77,56.81,55.04,22.71,866.6,30.1,78.7,High Need,High
2442,F,Maize,Vegetative,48.06,103.64,27.16,107.64,6.87,37.7,55.87,42.05,8.4,256.95,13.92,50.51,Moderate Need,Moderate
2443,D,Maize,Vegetative,31.64,89.0,60.03,32.49,5.44,18.07,63.08,70.08,17.76,785.77,9.62,61.06,No/Low Need,High
2444,E,Rice,Vegetative,58.86,106.98,46.5,69.38,5.25,38.55,73.67,39.88,9.33,115.46,7.61,54.07,No/Low Need,Moderate
2445,B,Wheat,Vegetative,62.43,99.69,57.83,65.7,5.33,21.02,80.1,17.75,11.45,882.49,11.51,54.49,No/Low Need,Moderate
2446,C,Rice,Seedling,31.42,54.65,28.86,20.81,6.78,18.88,54.61,64.41,6.66,525.25,6.6,72.94,No/Low Need,High
2447,F,Rice,Vegetative,62.32,97.44,51.91,64.33,6.8,19.22,70.18,23.55,19.06,292.74,3.85,52.96,No/Low Need,Moderate
2448,F,Rice,Flowering,18.21,46.25,41.08,56.9,6.5,25.68,58.36,74.86,18.69,102.43,11.62,72.48,No/Low Need,High
2449,B,Tomato,Flowering,62.26,52.86,51.79,86.98,6.0,31.66,77.98,20.03,1.53,575.61,16.05,66.82,Moderate Need,High
2450,D,Maize,Vegetative,21.17,30.79,30.36,113.83,6.58,26.85,44.88,13.42,2.44,307.81,29.33,71.34,High Need,High
2451,B,Wheat,Vegetative,16.98,113.51,60.08,28.58,6.54,18.56,50.42,39.47,23.14,636.57,22.54,49.59,Moderate Need,Moderate
2452,F,Wheat,Vegetative,50.51,49.1,66.42,52.75,5.25,28.48,60.56,4.04,22.33,338.99,19.16,71.0,Moderate Need,High
2453,A,Potato,Vegetative,40.32,72.06,28.19,64.41,5.93,27.73,88.36,2.91,13.15,174.82,19.72,66.42,Moderate Need,High
2454,C,Rice,Seedling,66.47,59.13,31.04,65.52,5.34,34.65,69.4,39.68,12.84,529.29,6.83,69.27,No/Low Need,High
2455,B,Rice,Maturity,33.79,115.99,56.28,97.48,7.54,24.15,92.92,17.21,20.5,579.81,21.95,43.72,Moderate Need,Moderate
2456,F,Rice,Vegetative,29.23,53.5,58.69,64.34,7.09,22.79,41.2,0.75,4.32,484.7,36.95,66.96,High Need,High
2457,D,Tomato,Vegetative,42.04,97.85,59.29,22.72,7.79,23.63,62.61,23.68,16.69,489.33,19.5,60.45,Moderate Need,High
2458,F,Potato,Vegetative,39.36,105.54,57.79,91.01,5.99,24.68,60.14,38.19,12.42,601.2,17.46,46.94,Moderate Need,Moderate
2459,D,Rice,Seedling,32.67,63.56,37.5,108.48,7.48,31.18,71.01,31.54,18.84,547.4,19.77,60.81,Moderate Need,High
2460,B,Tomato,Flowering,53.62,57.82,37.64,71.39,6.77,28.37,83.72,10.84,1.72,212.68,14.1,68.74,Moderate Need,High
2461,D,Tomato,Seedling,57.57,94.77,27.84,78.11,6.38,25.41,85.49,46.37,15.23,267.52,0.0,52.77,No/Low Need,Moderate
2462,E,Rice,Seedling,63.18,111.29,20.98,36.29,5.78,26.23,75.21,56.83,14.36,220.52,0.0,56.14,No/Low Need,Moderate
2463,E,Wheat,Flowering,70.37,95.49,58.48,42.06,7.12,26.16,73.49,54.04,21.18,689.3,0.27,57.85,No/Low Need,Moderate
2464,E,Wheat,Vegetative,28.0,42.71,16.52,43.52,7.55,39.39,91.94,31.5,17.24,549.31,24.65,82.34,Moderate Need,High
2465,A,Potato,Flowering,54.97,108.83,75.65,63.07,5.81,23.13,58.02,11.01,22.12,465.38,20.0,48.25,Moderate Need,Moderate
2466,B,Rice,Flowering,35.66,58.76,67.87,112.81,5.66,36.0,84.97,39.96,22.29,778.59,33.87,60.3,High Need,High
2467,F,Tomato,Vegetative,52.62,77.62,70.03,72.18,7.01,33.58,90.29,71.23,10.8,376.93,0.0,55.93,No/Low Need,Moderate
2468,F,Rice,Flowering,40.56,103.14,73.47,39.21,7.74,18.12,64.49,37.5,4.3,582.89,15.34,55.53,Moderate Need,Moderate
2469,A,Maize,Seedling,71.63,38.84,38.6,46.61,7.15,39.85,78.75,15.65,16.13,163.25,6.82,74.63,No/Low Need,High
2470,D,Wheat,Flowering,55.73,98.45,69.27,58.4,5.94,34.64,57.62,7.44,21.97,732.74,28.66,52.76,High Need,Moderate
2471,A,Maize,Vegetative,69.15,79.62,21.06,82.33,6.29,33.01,44.53,75.51,2.8,690.91,0.0,61.69,No/Low Need,High
2472,D,Tomato,Vegetative,62.1,109.33,11.51,64.0,6.2,26.92,70.19,59.44,14.39,782.02,4.0,56.46,No/Low Need,Moderate
2473,D,Tomato,Flowering,66.17,37.2,64.94,59.24,7.42,30.21,46.79,25.04,3.76,851.8,21.32,74.48,Moderate Need,High
2474,C,Tomato,Maturity,60.87,62.07,15.24,76.47,7.21,23.57,62.46,23.63,1.65,744.32,11.35,69.56,No/Low Need,High
2475,F,Rice,Maturity,39.55,103.28,79.2,44.18,6.73,18.78,87.37,71.62,17.31,817.82,3.82,46.81,No/Low Need,Moderate
2476,E,Maize,Flowering,27.11,21.92,57.24,27.89,5.91,36.39,40.16,14.21,17.36,393.81,40.47,83.2,High Need,High
2477,D,Rice,Vegetative,34.22,31.22,62.74,22.44,7.64,37.72,36.83,42.8,15.42,391.84,29.44,80.58,High Need,High
2478,C,Wheat,Vegetative,13.21,119.06,27.21,45.13,6.9,21.57,71.39,57.08,21.62,902.66,21.89,53.19,Moderate Need,Moderate
2479,F,Wheat,Vegetative,43.44,48.04,57.17,29.16,7.72,35.32,54.86,31.71,2.94,877.39,23.89,75.72,Moderate Need,High
2480,E,Wheat,Vegetative,42.3,117.55,13.03,53.63,6.71,34.31,60.08,3.19,3.53,566.22,26.81,54.44,High Need,Moderate
2481,D,Wheat,Vegetative,43.52,38.25,68.65,97.29,7.34,21.92,59.34,18.22,21.75,411.57,15.79,67.09,Moderate Need,High
2482,D,Potato,Maturity,70.44,56.11,21.87,91.63,7.31,27.28,40.2,72.14,13.08,836.1,0.72,68.85,No/Low Need,High
2483,A,Rice,Vegetative,66.69,95.29,58.82,81.09,6.08,27.3,35.21,41.85,7.55,374.9,5.52,50.87,No/Low Need,Moderate
2484,A,Maize,Vegetative,21.7,85.78,25.71,105.25,7.71,34.72,88.91,65.24,18.72,230.59,13.07,60.13,Moderate Need,High
2485,F,Wheat,Vegetative,34.13,78.11,14.79,48.21,5.26,36.43,48.07,44.45,22.47,643.57,23.85,71.52,Moderate Need,High
2486,E,Rice,Maturity,37.44,72.99,43.7,108.51,7.2,20.09,60.56,75.49,17.55,136.23,0.0,57.06,No/Low Need,Moderate
2487,D,Rice,Flowering,33.63,104.34,21.85,59.92,7.71,30.39,93.32,72.73,20.01,422.24,8.15,61.83,No/Low Need,High
2488,F,Potato,Flowering,59.91,43.49,61.06,60.09,6.08,34.76,84.61,38.63,7.78,786.51,15.44,71.06,Moderate Need,High
2489,F,Tomato,Vegetative,43.44,64.25,26.63,60.54,6.89,35.3,41.48,25.46,7.93,350.93,24.87,68.94,Moderate Need,High
2490,B,Potato,Maturity,46.33,35.55,33.97,29.81,6.66,21.26,65.51,48.13,21.74,891.62,12.03,78.07,Moderate Need,High
2491,A,Potato,Seedling,63.18,79.59,49.72,117.55,7.18,29.56,78.8,53.99,15.76,912.45,5.39,51.2,No/Low Need,Moderate
2492,E,Rice,Maturity,60.36,45.05,29.95,33.85,7.45,36.87,76.9,39.87,6.62,793.44,14.59,78.43,Moderate Need,High
2493,D,Wheat,Flowering,19.93,53.38,36.46,54.09,6.77,25.01,80.65,65.78,13.58,939.5,20.1,72.44,Moderate Need,High
2494,F,Maize,Vegetative,54.83,67.13,67.09,51.93,7.32,27.35,62.45,14.67,17.46,551.15,18.13,63.49,Moderate Need,High
2495,D,Wheat,Vegetative,38.13,22.68,22.54,27.47,6.01,35.7,45.56,26.75,6.25,583.82,24.76,87.35,Moderate Need,High
2496,B,Wheat,Flowering,29.68,29.19,15.75,35.23,5.79,19.97,62.89,54.91,16.72,810.74,16.9,87.94,Moderate Need,High
2497,E,Wheat,Seedling,15.0,88.59,32.99,24.49,6.32,36.91,73.87,19.73,2.01,518.88,22.18,60.49,Moderate Need,High
2498,F,Maize,Maturity,41.23,62.9,39.71,49.24,6.96,24.85,71.52,35.19,8.29,445.71,10.82,67.16,No/Low Need,High
2499,D,Maize,Vegetative,33.33,106.48,47.99,106.67,5.69,18.03,39.23,77.1,17.18,622.54,7.14,47.73,No/Low Need,Moderate
2500,A,Rice,Vegetative,27.09,89.47,36.07,53.94,6.97,23.15,38.9,50.07,4.58,659.01,24.01,60.28,Moderate Need,High
2501,B,Wheat,Seedling,53.68,20.81,65.29,32.37,6.22,19.97,92.92,75.92,6.33,738.26,0.0,75.82,No/Low Need,High
2502,E,Maize,Vegetative,58.17,81.67,12.75,84.57,7.27,20.03,44.11,57.8,22.1,667.97,4.18,64.5,No/Low Need,High
2503,B,Maize,Vegetative,26.69,29.37,40.22,119.66,5.3,33.24,52.67,57.97,17.18,733.86,24.09,73.8,Moderate Need,High
2504,A,Rice,Vegetative,14.97,98.09,36.76,43.23,6.94,22.71,81.06,47.35,12.97,673.38,26.0,58.57,High Need,Moderate
2505,E,Maize,Flowering,62.93,119.15,55.33,47.96,6.89,38.56,59.58,11.38,6.06,508.38,23.51,49.22,Moderate Need,Moderate
2506,B,Rice,Vegetative,12.6,73.12,77.64,117.18,7.65,29.36,45.89,41.58,9.19,214.69,30.02,53.16,High Need,Moderate
2507,C,Wheat,Maturity,68.23,88.28,45.73,37.88,7.05,28.12,63.03,20.21,14.78,767.63,10.84,59.67,No/Low Need,Moderate
2508,A,Tomato,Flowering,49.66,43.73,79.08,71.12,7.27,27.55,69.14,79.89,4.73,126.16,0.0,67.82,No/Low Need,High
2509,A,Maize,Maturity,31.31,63.76,31.16,43.97,7.55,33.24,62.17,21.36,12.56,943.63,29.47,71.41,High Need,High
2510,A,Rice,Seedling,26.79,105.61,12.16,113.24,6.96,27.95,90.14,18.45,10.82,804.19,24.29,49.27,Moderate Need,Moderate
2511,C,Maize,Vegetative,12.54,36.74,21.6,118.15,5.95,20.83,52.08,49.91,12.44,670.27,24.27,72.38,Moderate Need,High
2512,C,Maize,Vegetative,26.13,46.55,37.66,101.47,7.46,37.36,74.68,40.88,3.53,921.62,30.53,69.99,High Need,High
2513,D,Tomato,Flowering,20.26,64.54,32.14,51.48,7.14,27.42,41.74,1.71,3.56,620.6,48.97,71.44,High Need,High
2514,F,Maize,Maturity,48.73,91.22,16.79,60.35,6.3,19.63,58.54,10.36,24.14,147.97,10.91,59.85,No/Low Need,Moderate
2515,B,Maize,Seedling,21.99,57.59,40.29,44.23,7.05,29.65,79.46,64.88,24.5,575.47,12.01,68.21,Moderate Need,High
2516,D,Wheat,Seedling,43.72,112.77,33.67,109.08,7.46,32.24,48.49,38.7,11.23,335.62,10.14,45.6,No/Low Need,Moderate
2517,B,Rice,Maturity,47.41,29.45,18.58,111.46,7.74,24.06,70.39,11.68,19.94,414.06,17.93,77.32,Moderate Need,High
2518,F,Rice,Vegetative,29.88,57.08,30.73,61.89,7.68,35.61,44.21,37.22,16.74,490.65,33.12,73.5,High Need,High
2519,C,Wheat,Flowering,14.1,90.9,72.05,85.65,6.05,32.74,41.16,20.25,3.81,758.41,42.26,50.96,High Need,Moderate
2520,F,Maize,Flowering,14.24,42.6,31.14,36.56,6.3,32.31,66.39,17.89,8.12,527.49,40.46,78.68,High Need,High
2521,C,Wheat,Maturity,13.58,85.64,59.98,63.49,5.48,27.26,75.5,76.62,8.53,503.48,10.44,56.76,No/Low Need,Moderate
2522,F,Rice,Seedling,56.35,36.42,52.84,83.15,5.84,39.16,41.8,28.96,15.3,356.68,16.0,68.5,Moderate Need,High
2523,D,Rice,Seedling,31.08,25.6,39.9,58.54,7.49,24.03,90.07,3.71,14.92,558.89,21.94,78.56,Moderate Need,High
2524,E,Wheat,Flowering,59.78,32.1,26.73,55.76,6.14,30.71,48.55,77.63,23.16,311.13,0.0,81.17,No/Low Need,High
2525,D,Rice,Maturity,37.9,113.0,35.83,20.1,6.81,24.8,42.2,63.59,19.96,321.84,8.57,54.72,No/Low Need,Moderate
2526,B,Maize,Vegetative,39.18,75.18,51.45,100.43,6.93,34.39,47.16,20.35,21.56,743.67,32.01,56.35,High Need,Moderate
2527,D,Rice,Vegetative,42.77,99.63,34.55,108.93,7.23,19.05,45.17,32.71,22.39,391.17,16.06,51.75,Moderate Need,Moderate
2528,A,Maize,Flowering,54.78,53.27,25.04,116.95,5.68,19.01,40.44,68.98,20.23,143.69,0.0,69.19,No/Low Need,High
2529,B,Potato,Maturity,28.41,79.27,18.15,91.93,5.99,35.84,82.87,28.59,8.99,392.13,21.46,60.88,Moderate Need,High
2530,F,Rice,Maturity,19.3,69.5,71.58,74.88,6.37,27.55,64.73,45.39,6.16,642.79,24.4,54.91,Moderate Need,Moderate
2531,B,Wheat,Maturity,45.36,114.57,40.82,46.93,6.15,25.51,58.31,42.79,14.72,791.89,12.62,50.26,Moderate Need,Moderate
2532,E,Rice,Seedling,31.62,94.76,53.76,119.93,7.76,31.37,92.04,32.1,17.55,917.65,22.53,47.65,Moderate Need,Moderate
2533,C,Maize,Seedling,38.55,93.05,44.33,78.98,7.37,33.44,57.26,51.16,10.28,734.29,14.02,53.25,Moderate Need,Moderate
2534,F,Maize,Flowering,50.82,24.64,71.08,88.12,6.45,22.43,45.02,37.86,21.36,464.52,13.04,70.45,Moderate Need,High
2535,B,Wheat,Maturity,41.65,74.97,48.29,88.24,7.49,22.08,51.44,1.7,24.05,354.25,18.12,59.19,Moderate Need,Moderate
2536,F,Wheat,Vegetative,49.22,66.7,43.65,104.53,6.1,39.08,49.34,65.15,14.67,210.19,7.18,59.86,No/Low Need,Moderate
2537,F,Tomato,Vegetative,44.65,112.78,74.72,20.97,7.24,30.97,64.92,9.05,11.96,633.53,29.12,50.9,High Need,Moderate
2538,F,Rice,Flowering,56.39,45.73,60.38,42.02,5.78,26.58,52.49,37.13,21.23,533.4,16.04,73.84,Moderate Need,High
2539,C,Rice,Seedling,54.36,46.98,17.81,86.55,7.21,35.63,65.96,46.39,1.58,676.05,11.11,71.21,No/Low Need,High
2540,D,Tomato,Vegetative,44.05,61.13,22.44,109.51,6.39,29.55,75.16,56.44,4.1,301.56,5.21,63.7,No/Low Need,High
2541,F,Maize,Flowering,52.73,44.34,65.1,88.53,5.48,23.32,81.64,32.86,21.3,375.1,7.8,69.05,No/Low Need,High
2542,A,Tomato,Flowering,64.41,32.92,68.51,61.35,5.91,22.55,77.61,58.84,18.57,348.28,0.0,73.63,No/Low Need,High
2543,E,Maize,Flowering,37.94,105.74,48.16,56.16,6.25,26.73,47.34,10.51,10.99,778.0,35.31,53.26,High Need,Moderate
2544,C,Tomato,Vegetative,36.77,75.83,48.81,93.79,7.15,36.92,41.95,52.28,22.33,245.55,19.87,58.29,Moderate Need,Moderate
2545,B,Wheat,Flowering,57.85,106.14,54.24,94.12,5.39,19.35,67.55,66.11,9.43,617.2,0.0,50.92,No/Low Need,Moderate
2546,C,Maize,Flowering,46.95,103.11,40.74,80.71,6.91,22.81,46.93,71.16,16.21,143.65,0.0,53.13,No/Low Need,Moderate
2547,B,Potato,Flowering,16.26,48.2,57.61,49.15,7.06,37.65,40.1,46.37,16.22,567.1,40.19,72.05,High Need,High
2548,C,Maize,Flowering,65.53,74.77,17.59,112.52,6.9,20.68,66.63,25.03,5.42,154.33,0.0,62.5,No/Low Need,High
2549,B,Rice,Vegetative,13.85,28.32,77.29,75.19,7.18,31.85,54.61,13.07,7.84,249.5,40.5,70.72,High Need,High
2550,F,Rice,Seedling,56.9,111.53,62.51,99.05,5.66,22.7,80.37,27.64,22.98,196.07,3.27,41.53,No/Low Need,Moderate
2551,D,Rice,Seedling,57.53,60.43,54.18,41.43,6.73,31.33,53.85,43.2,5.4,394.72,6.81,63.86,No/Low Need,High
2552,B,Rice,Vegetative,69.19,59.37,32.14,54.4,7.65,26.43,93.72,15.71,5.17,392.17,4.7,73.29,No/Low Need,High
2553,B,Rice,Flowering,15.25,50.28,21.27,107.46,6.79,20.24,80.51,76.2,12.51,802.46,18.62,69.85,Moderate Need,High
2554,A,Maize,Maturity,47.81,66.07,38.65,25.01,6.79,30.81,38.46,71.77,3.21,291.83,2.9,68.56,No/Low Need,High
2555,B,Maize,Flowering,37.67,45.18,56.31,71.23,7.11,33.03,65.53,2.64,22.47,173.43,30.52,70.8,High Need,High
2556,A,Wheat,Flowering,31.84,57.49,54.36,68.17,6.07,32.97,68.76,44.96,3.4,612.99,21.28,66.86,Moderate Need,High
2557,E,Maize,Vegetative,17.42,99.99,36.78,95.12,7.02,32.01,76.72,63.14,15.8,684.33,21.99,52.05,Moderate Need,Moderate
2558,F,Rice,Vegetative,45.76,103.43,52.93,48.19,7.58,29.0,64.87,19.63,9.15,350.6,20.68,55.91,Moderate Need,Moderate
2559,A,Rice,Vegetative,40.74,50.42,66.96,41.91,5.23,29.43,64.01,41.91,20.3,612.39,21.64,71.86,Moderate Need,High
2560,D,Rice,Vegetative,18.27,66.9,11.84,112.61,7.46,31.98,57.08,32.48,15.16,759.65,41.08,66.79,High Need,High
2561,F,Wheat,Seedling,48.75,107.38,41.54,77.17,5.77,33.19,51.29,15.72,10.32,395.42,13.78,48.82,Moderate Need,Moderate
2562,A,Rice,Flowering,56.28,25.27,63.1,30.47,6.39,32.41,91.77,49.18,24.61,546.55,9.77,78.84,No/Low Need,High
2563,F,Rice,Maturity,58.04,108.91,48.23,39.3,7.42,30.91,54.06,79.5,2.59,224.64,0.0,53.93,No/Low Need,Moderate
2564,F,Wheat,Vegetative,66.32,41.92,55.6,119.88,7.34,21.43,38.81,29.22,14.87,120.1,1.62,65.55,No/Low Need,High
2565,F,Tomato,Seedling,36.57,87.85,46.17,39.56,7.52,22.63,45.04,44.19,24.75,934.16,17.64,59.91,Moderate Need,Moderate
2566,E,Rice,Flowering,69.18,78.26,79.43,81.05,7.65,23.72,86.44,26.23,17.58,354.77,1.14,57.03,No/Low Need,Moderate
2567,D,Maize,Vegetative,63.93,75.29,13.82,62.01,6.36,38.23,70.2,70.16,18.75,337.07,0.0,66.54,No/Low Need,High
2568,C,Maize,Maturity,29.79,105.94,44.37,108.56,6.91,34.71,81.73,69.17,1.77,927.26,15.39,45.23,Moderate Need,Moderate
2569,C,Tomato,Flowering,21.56,30.16,16.4,95.52,6.22,30.16,83.53,14.3,1.51,719.0,40.68,78.55,High Need,High
2570,A,Potato,Maturity,38.12,54.7,21.18,79.7,6.11,23.55,84.39,72.0,1.87,597.5,2.11,69.18,No/Low Need,High
2571,F,Rice,Vegetative,36.11,73.83,36.81,21.07,6.32,20.44,68.04,12.12,24.8,694.42,30.21,67.94,High Need,High
2572,A,Rice,Flowering,46.54,101.13,20.89,107.98,7.13,37.77,45.63,7.64,24.51,703.44,47.56,54.94,High Need,Moderate
2573,E,Tomato,Vegetative,47.0,41.64,77.46,64.47,6.5,37.64,43.89,52.23,9.03,748.84,22.18,65.0,Moderate Need,High
2574,E,Wheat,Flowering,57.0,100.29,76.28,113.16,7.32,20.44,69.44,30.87,7.98,157.11,0.89,45.38,No/Low Need,Moderate
2575,B,Maize,Vegetative,42.59,59.96,33.53,69.55,7.14,35.54,56.99,42.46,4.5,450.91,17.3,68.99,Moderate Need,High
2576,E,Maize,Vegetative,18.29,38.89,54.78,89.42,5.25,27.83,68.48,52.21,8.9,350.86,17.9,71.96,Moderate Need,High
2577,B,Maize,Flowering,63.5,95.9,47.36,26.93,6.84,25.13,64.91,4.23,9.88,159.98,10.9,60.42,No/Low Need,High
2578,D,Potato,Flowering,30.59,29.09,67.09,94.52,6.34,34.26,71.13,23.44,18.96,450.71,32.7,69.41,High Need,High
2579,A,Potato,Maturity,70.28,71.48,53.92,53.8,6.39,31.52,36.93,36.87,21.79,623.75,10.59,59.9,No/Low Need,Moderate
2580,D,Maize,Flowering,19.07,26.39,10.02,55.14,7.33,35.16,36.97,21.33,18.92,251.72,39.29,87.95,High Need,High
2581,E,Rice,Flowering,69.5,55.64,63.42,31.87,6.62,19.64,78.3,3.92,16.52,359.27,8.39,68.94,No/Low Need,High
2582,D,Tomato,Seedling,17.46,80.11,62.28,34.69,7.5,25.01,46.59,6.93,19.38,643.3,29.52,59.99,High Need,Moderate
2583,D,Rice,Flowering,25.86,75.61,45.68,38.58,7.05,25.02,74.13,64.14,18.72,592.43,18.66,66.65,Moderate Need,High
2584,D,Rice,Flowering,14.79,60.47,73.2,52.82,6.64,25.25,67.79,72.91,12.42,838.47,26.89,63.2,High Need,High
2585,E,Tomato,Maturity,54.31,62.9,73.59,109.2,7.16,29.05,93.91,12.18,9.06,772.55,17.52,54.66,Moderate Need,Moderate
2586,F,Rice,Maturity,63.02,42.68,46.67,56.83,5.3,24.23,85.12,19.94,7.79,920.77,13.52,74.42,Moderate Need,High
2587,D,Rice,Seedling,38.04,65.59,52.56,92.44,5.27,27.78,59.79,52.18,17.3,607.61,12.87,60.38,Moderate Need,High
2588,B,Rice,Maturity,67.71,115.33,79.76,28.27,5.42,26.09,71.98,76.34,24.02,693.7,0.0,48.17,No/Low Need,Moderate
2589,E,Tomato,Seedling,47.42,105.05,30.92,79.11,6.34,34.18,42.04,23.97,14.95,831.43,22.03,48.97,Moderate Need,Moderate
2590,D,Wheat,Vegetative,49.8,34.52,32.72,68.19,5.81,31.28,58.18,68.42,22.9,813.99,10.15,77.64,No/Low Need,High
2591,F,Maize,Flowering,62.73,22.98,22.79,117.8,7.76,32.38,79.03,40.48,1.34,710.91,9.93,80.95,No/Low Need,High
2592,E,Rice,Seedling,29.81,113.35,72.71,104.62,6.61,22.63,72.36,76.52,20.07,525.22,5.18,35.53,No/Low Need,Moderate
2593,C,Tomato,Flowering,33.26,72.67,62.11,65.48,6.92,25.16,64.07,10.9,21.49,332.23,30.41,60.89,High Need,High
2594,F,Tomato,Seedling,66.36,73.78,17.39,97.51,5.92,18.47,45.59,77.89,16.14,845.63,0.0,60.88,No/Low Need,High
2595,B,Rice,Vegetative,66.06,98.07,78.72,39.3,6.04,20.38,83.19,35.28,23.42,760.16,5.57,51.57,No/Low Need,Moderate
2596,D,Wheat,Flowering,70.59,51.47,61.17,76.23,6.07,23.83,51.39,76.24,15.16,812.22,0.0,66.59,No/Low Need,High
2597,C,Rice,Flowering,66.11,68.19,69.54,27.46,7.02,19.44,84.23,36.7,6.77,219.67,0.0,65.95,No/Low Need,High
2598,C,Potato,Maturity,19.64,116.87,13.37,54.81,6.43,31.26,71.7,42.41,6.18,367.59,19.41,52.4,Moderate Need,Moderate
2599,E,Maize,Flowering,61.42,87.21,45.35,42.59,6.55,39.96,57.36,64.38,14.34,461.15,7.29,60.52,No/Low Need,High
2600,C,Potato,Flowering,36.59,35.37,58.9,91.89,6.74,20.22,37.44,57.81,22.76,812.6,19.78,69.51,Moderate Need,High
2601,B,Rice,Vegetative,71.45,33.32,48.01,69.01,7.2,36.07,48.95,49.57,2.74,858.95,12.29,75.21,Moderate Need,High
2602,B,Tomato,Seedling,40.34,40.43,56.67,95.11,5.43,20.61,88.34,33.36,15.51,342.16,6.52,66.73,No/Low Need,High
2603,A,Tomato,Seedling,45.23,96.67,67.25,71.53,7.22,32.74,84.08,63.4,19.48,683.46,7.78,48.26,No/Low Need,Moderate
2604,B,Maize,Flowering,43.79,49.54,36.2,28.65,6.66,32.15,69.49,75.86,3.77,166.14,0.0,76.33,No/Low Need,High
2605,F,Potato,Flowering,31.3,22.14,69.41,93.54,6.94,37.86,62.98,0.78,3.8,448.14,42.25,72.46,High Need,High
2606,C,Wheat,Vegetative,16.5,114.42,21.4,103.32,6.05,20.51,73.83,47.03,9.79,513.67,16.26,48.94,Moderate Need,Moderate
2607,B,Rice,Flowering,65.74,36.97,28.96,110.35,6.26,24.94,62.97,69.28,7.57,750.79,0.0,72.17,No/Low Need,High
2608,E,Maize,Flowering,60.16,20.96,13.03,77.2,5.8,20.0,73.66,52.25,5.76,858.18,3.07,85.98,No/Low Need,High
2609,A,Maize,Seedling,20.37,43.71,35.51,95.36,7.75,26.96,53.44,64.07,5.77,386.69,10.51,70.18,No/Low Need,High
2610,C,Maize,Vegetative,58.61,43.5,36.59,95.2,6.49,38.06,85.31,71.6,4.14,548.58,1.24,68.11,No/Low Need,High
2611,A,Rice,Maturity,49.55,62.2,66.37,35.57,7.79,35.19,77.12,60.08,15.66,650.33,10.8,67.54,No/Low Need,High
2612,C,Wheat,Flowering,36.55,112.04,55.72,36.42,6.47,33.9,54.8,57.36,17.52,379.38,15.48,51.37,Moderate Need,Moderate
2613,E,Rice,Maturity,27.24,107.92,40.57,27.09,5.77,29.73,84.84,77.18,17.87,937.71,15.74,56.33,Moderate Need,Moderate
2614,A,Wheat,Seedling,63.58,65.69,55.65,51.99,6.52,37.44,64.24,69.09,13.78,844.41,4.72,59.8,No/Low Need,Moderate
2615,D,Maize,Maturity,54.01,61.09,13.69,67.35,5.3,27.89,45.48,65.23,23.87,351.94,2.8,73.2,No/Low Need,High
2616,F,Maize,Vegetative,44.86,75.5,22.62,119.79,7.55,21.29,39.66,6.91,22.13,531.75,24.23,61.59,Moderate Need,High
2617,F,Rice,Seedling,48.57,44.35,53.89,63.1,7.33,36.43,76.98,19.12,23.98,296.21,16.38,68.86,Moderate Need,High
2618,C,Wheat,Maturity,17.46,25.22,54.9,92.62,7.09,24.15,86.91,44.54,10.33,537.33,14.73,71.79,Moderate Need,High
2619,D,Rice,Vegetative,40.44,113.92,64.19,89.34,6.79,19.18,83.45,56.76,22.07,680.83,8.33,42.43,No/Low Need,Moderate
2620,A,Rice,Flowering,23.62,38.67,38.21,40.45,6.71,20.77,74.34,24.26,19.31,172.69,24.6,78.23,Moderate Need,High
2621,D,Tomato,Vegetative,24.5,39.84,60.58,25.85,7.79,31.4,43.48,7.47,9.16,839.6,45.13,78.4,High Need,High
2622,D,Potato,Flowering,51.68,67.25,57.88,74.6,5.92,31.36,40.64,24.89,3.56,604.68,24.9,62.93,Moderate Need,High
2623,A,Wheat,Maturity,66.68,69.16,77.44,90.03,7.23,23.72,55.7,61.68,17.38,941.16,2.84,54.55,No/Low Need,Moderate
2624,E,Tomato,Vegetative,36.23,21.84,25.06,119.83,6.71,34.0,86.29,70.19,4.27,121.75,2.56,74.96,No/Low Need,High
2625,D,Tomato,Flowering,24.46,34.8,48.62,55.86,7.74,35.02,92.7,73.03,8.05,806.77,21.33,79.87,Moderate Need,High
2626,D,Tomato,Vegetative,50.92,57.82,52.12,109.64,7.35,38.25,49.48,30.31,13.01,773.17,28.07,62.36,High Need,High
2627,E,Rice,Flowering,64.27,88.37,79.91,58.19,7.8,30.87,80.73,29.8,17.32,212.92,5.91,57.05,No/Low Need,Moderate
2628,D,Potato,Vegetative,56.9,42.84,24.08,88.94,6.73,35.15,69.43,32.54,23.23,385.01,14.11,72.2,Moderate Need,High
2629,D,Wheat,Vegetative,64.13,62.3,46.63,79.83,5.73,34.57,36.91,30.06,15.24,852.08,18.84,65.17,Moderate Need,High
2630,D,Rice,Vegetative,44.19,75.73,34.23,25.3,6.51,23.67,67.57,53.3,17.11,540.69,9.82,66.61,No/Low Need,High
2631,F,Rice,Vegetative,57.11,108.86,46.81,27.84,7.05,24.82,83.36,28.67,8.44,441.09,7.83,55.6,No/Low Need,Moderate
2632,B,Wheat,Maturity,20.4,52.61,26.25,22.08,7.21,28.53,51.57,1.63,17.5,869.67,33.08,77.13,High Need,High
2633,E,Rice,Vegetative,32.9,33.36,13.33,57.08,5.2,18.42,88.84,35.12,11.51,179.34,8.35,85.28,No/Low Need,High
2634,D,Rice,Vegetative,35.37,68.93,50.08,94.58,6.51,24.54,49.18,17.93,21.57,502.15,30.06,57.62,High Need,Moderate
2635,F,Rice,Vegetative,42.68,94.67,33.51,37.28,5.81,28.43,39.59,2.3,10.42,654.52,37.36,61.96,High Need,High
2636,E,Tomato,Vegetative,67.74,30.99,22.74,80.59,7.47,20.38,44.6,37.67,12.24,617.26,5.05,80.2,No/Low Need,High
2637,C,Tomato,Flowering,64.46,62.47,32.68,48.88,5.6,20.78,85.22,16.48,11.38,324.63,4.04,73.36,No/Low Need,High
2638,C,Rice,Maturity,20.07,21.78,13.45,99.7,6.93,28.19,60.04,36.22,20.47,578.82,28.29,78.87,High Need,High
2639,D,Tomato,Vegetative,22.37,23.36,76.53,99.84,5.89,34.08,82.82,22.22,23.89,702.28,37.03,69.21,High Need,High
2640,F,Tomato,Maturity,33.46,68.3,50.68,97.54,6.13,36.34,66.87,48.3,8.85,597.15,19.88,57.3,Moderate Need,Moderate
2641,F,Tomato,Flowering,29.44,49.82,67.03,72.48,7.65,30.02,63.83,79.27,12.4,681.79,15.4,69.39,Moderate Need,High
2642,E,Rice,Vegetative,48.89,104.51,39.62,48.46,5.83,28.44,83.41,43.78,17.94,317.67,7.83,56.29,No/Low Need,Moderate
2643,E,Maize,Flowering,66.17,80.22,73.23,100.94,5.45,26.45,60.41,51.75,22.49,807.92,7.3,54.74,No/Low Need,Moderate
2644,F,Potato,Flowering,69.74,65.39,43.83,38.61,5.38,22.24,83.12,73.54,12.85,482.24,0.0,72.53,No/Low Need,High
2645,E,Maize,Flowering,51.22,60.79,50.18,48.98,6.51,21.22,41.04,29.92,3.61,939.14,21.51,67.18,Moderate Need,High
2646,F,Rice,Maturity,62.29,69.72,44.43,38.39,6.87,35.42,73.18,13.32,9.85,119.79,11.55,65.07,No/Low Need,High
2647,B,Wheat,Vegetative,43.51,24.04,61.33,87.42,6.05,28.23,77.16,22.62,14.21,423.27,15.28,72.58,Moderate Need,High
2648,F,Maize,Maturity,24.5,109.28,49.67,88.62,6.99,35.39,88.95,32.22,11.02,253.4,18.48,45.92,Moderate Need,Moderate
2649,C,Wheat,Flowering,43.48,119.83,29.01,85.25,5.36,33.49,48.46,51.6,5.48,572.27,16.55,52.26,Moderate Need,Moderate
2650,E,Rice,Vegetative,45.3,38.15,20.19,61.56,7.43,22.27,71.25,0.37,1.89,306.72,20.82,80.49,Moderate Need,High
2651,F,Rice,Flowering,56.55,32.04,52.43,30.02,7.32,29.23,61.0,68.27,17.5,726.86,7.14,81.49,No/Low Need,High
2652,F,Tomato,Vegetative,25.19,34.36,44.24,111.12,7.76,27.77,57.97,6.09,24.83,849.59,43.05,72.75,High Need,High
2653,E,Tomato,Maturity,34.1,86.1,16.72,70.77,7.63,27.33,41.4,72.05,23.06,279.25,8.06,63.97,No/Low Need,High
2654,B,Rice,Flowering,33.84,86.14,37.69,60.7,6.13,29.94,43.05,75.95,17.4,236.58,10.48,61.35,No/Low Need,High
2655,B,Potato,Seedling,69.57,104.79,46.03,78.88,6.24,39.61,85.22,79.21,21.2,844.05,1.0,46.76,No/Low Need,Moderate
2656,E,Rice,Vegetative,38.64,95.18,67.88,39.28,7.14,35.88,79.99,64.76,7.14,407.08,11.16,55.17,No/Low Need,Moderate
2657,A,Maize,Flowering,57.31,64.97,15.33,33.25,5.55,37.88,57.94,11.35,15.94,469.4,26.5,77.76,High Need,High
2658,E,Tomato,Seedling,57.05,81.29,34.39,60.55,6.02,18.65,84.71,56.49,2.45,287.82,0.0,59.45,No/Low Need,Moderate
2659,E,Tomato,Seedling,27.93,88.83,67.59,42.72,5.51,21.09,39.85,16.27,17.97,461.52,20.73,55.24,Moderate Need,Moderate
2660,B,Potato,Vegetative,46.31,71.27,55.39,44.43,6.38,19.86,72.49,71.77,24.28,296.61,0.0,62.37,No/Low Need,High
2661,B,Rice,Vegetative,65.66,67.57,30.3,109.25,6.64,23.79,87.09,25.33,21.66,666.04,9.14,60.37,No/Low Need,High
2662,E,Tomato,Vegetative,40.51,84.51,69.17,73.08,5.75,27.72,85.33,26.14,13.83,524.04,19.13,54.74,Moderate Need,Moderate
2663,E,Rice,Vegetative,68.71,75.75,44.53,68.35,5.27,32.13,57.37,73.41,19.93,769.85,1.74,64.46,No/Low Need,High
2664,E,Maize,Vegetative,24.87,84.39,44.88,88.95,7.07,29.02,79.71,1.06,23.65,365.82,31.48,56.52,High Need,Moderate
2665,B,Maize,Flowering,16.45,81.29,78.36,115.15,5.25,37.87,60.65,15.52,6.18,529.76,44.33,52.56,High Need,Moderate
2666,E,Maize,Flowering,65.49,91.92,76.3,31.22,7.73,38.68,85.41,33.75,20.04,320.59,9.44,59.53,No/Low Need,Moderate
2667,E,Rice,Vegetative,62.86,84.28,35.1,103.35,5.78,21.6,66.85,56.06,7.48,894.3,3.36,57.19,No/Low Need,Moderate
2668,D,Tomato,Vegetative,71.56,71.97,19.84,78.4,6.93,36.76,80.89,51.81,22.05,543.65,3.6,65.71,No/Low Need,High
2669,A,Rice,Flowering,52.76,88.18,32.8,34.62,6.33,28.6,39.71,53.55,3.36,247.44,6.61,63.9,No/Low Need,High
2670,C,Rice,Seedling,68.2,64.95,12.13,49.71,5.36,27.97,70.4,70.4,5.28,331.85,0.0,72.63,No/Low Need,High
2671,A,Maize,Seedling,61.62,44.17,11.45,68.24,6.43,35.27,68.02,9.68,18.29,170.47,10.39,72.9,No/Low Need,High
2672,D,Wheat,Seedling,62.67,20.14,37.69,89.12,6.54,20.05,71.6,41.77,5.19,123.64,0.0,73.24,No/Low Need,High
2673,C,Tomato,Maturity,46.15,76.0,75.87,44.26,7.42,37.41,76.74,58.04,4.79,547.03,10.52,58.89,No/Low Need,Moderate
2674,E,Wheat,Flowering,34.94,79.07,71.0,73.49,7.1,32.76,90.09,50.89,14.33,386.55,12.93,57.0,Moderate Need,Moderate
2675,D,Rice,Flowering,68.07,117.2,45.8,88.47,5.41,37.26,82.14,35.87,21.04,919.21,20.95,49.5,Moderate Need,Moderate
2676,E,Tomato,Flowering,37.93,56.15,49.57,64.87,5.74,39.88,48.18,1.37,7.44,245.63,40.78,69.86,High Need,High
2677,B,Wheat,Flowering,44.33,59.41,10.42,106.3,6.01,29.4,84.55,4.84,21.19,774.83,28.66,69.82,High Need,High
2678,F,Rice,Vegetative,38.77,40.18,25.09,106.95,5.5,20.05,42.32,9.52,20.39,368.58,26.85,73.79,High Need,High
2679,D,Maize,Flowering,45.89,27.05,11.73,67.07,6.39,21.66,72.33,27.46,14.9,290.01,11.0,83.12,No/Low Need,High
2680,B,Wheat,Seedling,40.23,97.28,62.82,117.29,7.76,25.12,87.97,9.41,16.52,924.19,17.04,45.53,Moderate Need,Moderate
2681,D,Maize,Flowering,14.88,44.97,20.2,27.56,6.54,20.28,41.07,34.09,1.97,782.19,34.13,80.33,High Need,High
2682,D,Wheat,Flowering,64.92,80.89,70.83,20.34,7.13,35.94,85.98,14.29,9.81,636.03,16.99,62.94,Moderate Need,High
2683,B,Tomato,Flowering,38.66,88.78,55.03,58.07,6.98,24.53,82.92,62.33,7.32,692.55,9.77,58.14,No/Low Need,Moderate
2684,C,Tomato,Vegetative,47.34,67.12,26.06,80.11,7.41,39.47,65.23,69.72,4.6,942.67,17.25,67.86,Moderate Need,High
2685,A,Maize,Vegetative,20.35,107.64,21.04,82.92,5.76,33.46,53.53,31.17,10.35,604.23,32.18,54.78,High Need,Moderate
2686,E,Rice,Flowering,12.2,64.38,53.93,67.64,7.16,21.82,59.33,40.91,9.52,186.62,26.55,65.71,High Need,High
2687,D,Tomato,Flowering,26.72,48.49,73.06,32.49,7.49,28.47,93.12,76.28,18.49,155.14,3.23,72.89,No/Low Need,High
2688,E,Maize,Maturity,54.28,109.6,60.29,37.05,5.65,28.27,47.1,42.84,15.35,666.62,11.71,51.53,No/Low Need,Moderate
2689,F,Maize,Vegetative,17.95,106.16,34.4,105.21,6.1,28.84,69.78,79.61,22.91,658.96,16.24,48.81,Moderate Need,Moderate
2690,B,Wheat,Flowering,66.53,36.4,51.12,106.79,7.72,29.79,39.99,11.37,4.49,735.95,20.41,72.72,Moderate Need,High
2691,E,Tomato,Flowering,24.9,22.6,31.75,87.39,7.23,18.69,48.07,68.98,2.43,192.46,5.68,80.99,No/Low Need,High
2692,B,Maize,Maturity,24.28,29.0,79.94,86.42,5.93,33.1,80.8,39.78,13.83,903.17,24.91,66.74,Moderate Need,High
2693,E,Rice,Flowering,22.89,48.65,62.42,79.77,6.67,28.72,53.16,1.82,1.02,568.48,49.52,65.8,High Need,High
2694,A,Wheat,Flowering,12.84,117.23,53.01,40.29,6.25,35.4,94.15,77.78,19.91,652.12,19.89,50.61,Moderate Need,Moderate
2695,A,Tomato,Flowering,58.31,75.85,39.63,62.83,6.47,35.94,65.05,77.2,13.14,129.62,0.0,62.68,No/Low Need,High
2696,A,Rice,Flowering,64.5,57.33,53.27,89.59,6.12,23.07,65.99,30.66,12.71,916.83,15.88,64.33,Moderate Need,High
2697,A,Potato,Maturity,48.85,108.87,33.91,73.73,5.93,19.07,37.18,76.33,9.7,578.2,0.23,50.99,No/Low Need,Moderate
2698,A,Maize,Seedling,23.29,65.31,12.02,21.86,6.95,33.47,92.39,11.28,10.0,578.86,22.29,73.11,Moderate Need,High
2699,A,Maize,Seedling,29.12,51.52,37.66,115.36,7.22,39.51,45.45,54.41,11.35,902.02,21.27,62.77,Moderate Need,High
2700,B,Rice,Maturity,40.56,114.12,75.13,104.48,7.47,27.83,67.3,15.35,1.38,889.95,27.62,39.8,High Need,Moderate
2701,D,Rice,Flowering,69.26,104.95,53.84,46.05,5.6,23.71,58.74,19.73,3.01,287.25,4.96,56.3,No/Low Need,Moderate
2702,E,Potato,Flowering,26.84,104.37,15.88,81.65,7.34,21.45,59.94,62.35,13.12,891.43,20.9,58.81,Moderate Need,Moderate
2703,A,Rice,Vegetative,55.9,71.23,71.95,112.32,5.86,24.32,73.6,30.19,4.6,726.13,13.63,53.34,Moderate Need,Moderate
2704,B,Tomato,Seedling,38.37,98.94,28.82,29.6,6.31,25.21,74.73,0.57,19.69,116.07,15.65,57.36,Moderate Need,Moderate
2705,B,Wheat,Flowering,29.87,37.94,27.06,70.3,7.54,27.33,44.26,33.14,7.59,303.87,21.27,80.21,Moderate Need,High
2706,B,Rice,Flowering,39.35,77.32,30.8,65.62,6.38,32.42,64.98,18.25,3.35,451.03,31.92,63.82,High Need,High
2707,D,Rice,Vegetative,16.27,118.38,50.4,61.02,5.71,24.01,82.43,54.67,6.65,595.4,21.21,48.88,Moderate Need,Moderate
2708,E,Wheat,Vegetative,59.92,49.1,48.13,103.56,5.62,19.12,61.6,15.56,9.57,696.13,11.42,66.72,No/Low Need,High
2709,D,Potato,Maturity,26.6,99.44,44.4,58.06,6.43,26.21,44.95,67.38,1.85,278.68,8.93,52.0,No/Low Need,Moderate
2710,C,Wheat,Seedling,55.52,69.05,60.23,26.37,7.18,36.82,53.79,21.37,4.4,811.2,15.55,63.62,Moderate Need,High
2711,B,Wheat,Maturity,16.1,23.98,32.16,26.58,7.79,28.96,47.74,31.44,8.77,818.86,26.9,87.01,High Need,High
2712,C,Rice,Vegetative,69.31,96.3,64.74,24.27,7.25,39.23,42.55,23.84,8.45,639.75,22.38,57.62,Moderate Need,Moderate
2713,F,Wheat,Flowering,23.58,36.86,22.27,60.91,7.48,29.08,57.65,51.51,20.21,882.93,27.93,82.31,High Need,High
2714,A,Wheat,Maturity,64.96,83.15,64.78,91.84,7.14,24.07,67.46,8.09,21.24,791.04,13.33,51.77,Moderate Need,Moderate
2715,A,Tomato,Flowering,60.57,28.57,56.47,40.37,7.53,22.25,39.37,38.25,5.64,288.38,4.41,81.47,No/Low Need,High
2716,D,Wheat,Vegetative,70.07,114.69,57.82,84.65,5.4,33.28,71.23,26.76,3.97,778.88,11.14,47.13,No/Low Need,Moderate
2717,E,Wheat,Flowering,40.67,49.17,43.71,88.71,7.62,29.8,94.58,70.73,16.22,910.22,10.37,71.73,No/Low Need,High
2718,C,Rice,Vegetative,55.64,42.65,56.69,45.52,6.23,31.29,92.85,5.87,20.31,216.97,17.07,71.77,Moderate Need,High
2719,E,Potato,Vegetative,34.24,32.91,15.59,80.06,7.6,34.61,84.75,66.38,24.13,931.89,19.91,81.46,Moderate Need,High
2720,D,Rice,Maturity,23.06,114.6,69.61,88.49,5.4,33.97,50.98,13.41,1.16,121.24,29.37,43.08,High Need,Moderate
2721,A,Rice,Flowering,38.58,91.19,13.89,66.66,7.06,18.95,36.34,7.09,10.93,543.84,34.47,64.06,High Need,High
2722,E,Maize,Flowering,21.94,94.17,20.41,53.67,7.11,35.66,85.01,16.19,18.62,757.81,42.05,63.69,High Need,High
2723,E,Maize,Vegetative,70.92,69.94,50.38,81.92,7.79,29.72,38.34,8.21,20.89,771.87,21.16,63.88,Moderate Need,High
2724,A,Wheat,Seedling,17.77,67.47,61.76,117.78,7.2,26.62,47.34,41.68,2.49,724.47,17.71,52.96,Moderate Need,Moderate
2725,C,Wheat,Seedling,47.35,31.0,15.34,62.68,6.19,29.83,67.67,79.06,17.33,549.95,1.68,78.04,No/Low Need,High
2726,A,Tomato,Flowering,49.59,75.98,74.45,59.17,6.65,31.47,45.7,2.75,7.93,653.32,36.39,57.28,High Need,Moderate
2727,E,Rice,Flowering,44.28,44.69,78.15,66.43,6.15,21.29,85.03,36.89,2.79,694.94,14.55,66.56,Moderate Need,High
2728,C,Tomato,Flowering,51.73,117.71,52.42,27.62,5.71,27.18,81.63,30.89,12.74,520.36,14.22,54.24,Moderate Need,Moderate
2729,C,Maize,Maturity,18.97,99.66,43.69,75.32,5.85,25.38,80.35,27.17,4.8,606.33,21.91,52.31,Moderate Need,Moderate
2730,A,Wheat,Seedling,45.3,61.3,61.9,52.87,5.78,25.71,83.97,26.55,18.69,819.41,12.12,62.78,Moderate Need,High
2731,E,Wheat,Vegetative,29.23,35.13,32.99,32.14,6.63,20.01,48.18,71.6,18.79,365.95,6.15,79.48,No/Low Need,High
2732,D,Rice,Vegetative,68.41,98.53,44.53,66.63,7.56,21.52,78.73,1.52,21.21,544.73,13.79,56.7,Moderate Need,Moderate
2733,E,Tomato,Vegetative,57.72,32.21,74.13,20.34,7.57,21.56,56.32,61.99,10.06,107.21,0.0,78.19,No/Low Need,High
2734,B,Wheat,Seedling,70.35,38.93,76.9,60.18,5.34,26.21,75.01,20.23,1.32,684.32,5.16,68.12,No/Low Need,High
2735,F,Rice,Maturity,14.25,41.15,74.89,30.57,5.41,37.68,42.32,30.66,7.23,266.08,33.84,72.54,High Need,High
2736,D,Maize,Vegetative,29.11,75.69,28.37,22.43,5.84,22.53,77.34,33.61,12.23,508.85,17.66,70.62,Moderate Need,High
2737,C,Potato,Maturity,23.73,98.71,26.27,102.45,5.86,27.16,93.33,24.38,17.66,278.67,18.21,52.45,Moderate Need,Moderate
2738,D,Wheat,Vegetative,12.67,51.43,30.84,111.62,5.45,24.86,37.62,7.48,10.17,120.0,29.17,68.8,High Need,High
2739,C,Potato,Maturity,26.54,28.47,40.89,40.77,6.21,35.32,40.63,9.15,13.87,510.74,33.65,78.3,High Need,High
2740,C,Rice,Flowering,52.73,66.45,31.99,73.93,6.73,19.1,42.42,23.85,13.58,461.11,17.09,66.53,Moderate Need,High
2741,D,Rice,Maturity,25.87,94.81,36.19,47.8,6.7,22.32,60.83,65.74,4.96,461.38,10.0,56.71,No/Low Need,Moderate
2742,C,Rice,Seedling,42.54,42.17,53.44,69.36,6.61,22.63,52.45,10.77,15.95,277.49,15.8,66.0,Moderate Need,High
2743,C,Wheat,Flowering,65.27,41.99,63.38,63.66,6.08,39.85,83.42,59.41,11.54,905.12,9.73,70.7,No/Low Need,High
2744,B,Rice,Maturity,53.63,114.72,61.49,46.91,7.04,30.56,63.43,23.11,20.39,102.98,11.55,47.25,No/Low Need,Moderate
2745,E,Rice,Seedling,35.68,115.42,67.01,90.04,7.35,21.06,64.07,70.68,17.57,857.81,8.68,40.6,No/Low Need,Moderate
2746,E,Potato,Seedling,34.35,119.05,12.25,32.65,6.1,23.99,78.02,34.27,3.68,726.37,13.51,54.38,Moderate Need,Moderate
2747,F,Tomato,Vegetative,39.34,100.77,13.34,25.31,5.42,21.69,56.72,13.74,12.73,246.26,19.19,66.64,Moderate Need,High
2748,F,Maize,Maturity,22.62,38.82,65.26,96.77,5.97,20.74,56.19,78.87,17.86,501.36,7.49,64.84,No/Low Need,High
2749,B,Rice,Flowering,50.04,41.2,47.32,86.59,5.56,35.54,80.42,14.13,3.09,940.52,37.34,73.17,High Need,High
2750,F,Rice,Flowering,33.85,54.02,50.47,69.85,6.42,28.91,81.8,45.41,20.02,647.14,24.78,67.07,Moderate Need,High
2751,D,Rice,Seedling,63.14,51.81,13.68,66.78,5.61,31.89,35.86,45.54,6.33,208.27,4.04,73.5,No/Low Need,High
2752,A,Maize,Seedling,57.39,115.65,27.87,69.74,6.4,25.29,43.63,29.83,13.07,489.0,8.58,47.01,No/Low Need,Moderate
2753,A,Potato,Maturity,48.63,98.91,54.68,63.7,5.77,30.18,47.79,76.12,23.57,497.97,4.85,52.28,No/Low Need,Moderate
2754,A,Wheat,Seedling,33.85,92.4,70.14,59.29,7.12,23.67,56.1,67.51,14.71,781.92,8.2,50.17,No/Low Need,Moderate
2755,B,Rice,Flowering,24.6,38.6,74.19,69.97,5.27,24.78,52.49,66.39,11.18,878.74,26.74,72.32,High Need,High
2756,B,Wheat,Maturity,58.57,110.95,45.03,72.85,6.64,32.35,75.11,77.93,1.16,169.91,0.0,46.71,No/Low Need,Moderate
2757,C,Rice,Vegetative,41.18,102.79,48.18,89.19,5.64,21.31,84.69,36.57,4.2,366.93,8.66,51.17,No/Low Need,Moderate
2758,A,Wheat,Flowering,25.49,36.36,68.31,91.12,5.2,31.58,46.53,7.77,14.89,353.67,34.72,71.83,High Need,High
2759,D,Maize,Seedling,23.71,107.12,47.63,57.76,7.46,36.75,68.78,61.24,12.85,946.64,18.98,51.06,Moderate Need,Moderate
2760,F,Maize,Flowering,21.92,47.22,46.18,61.35,6.95,20.65,57.07,30.47,9.73,575.34,27.33,72.52,High Need,High
2761,D,Rice,Vegetative,58.63,28.09,73.36,57.37,5.46,37.74,65.35,15.23,23.16,847.86,32.11,75.08,High Need,High
2762,F,Rice,Flowering,25.74,85.68,65.3,73.65,6.93,19.75,72.25,38.66,8.98,462.13,21.55,55.21,Moderate Need,Moderate
2763,A,Potato,Vegetative,43.6,85.38,73.64,65.34,6.79,25.68,88.62,74.06,13.89,714.31,3.22,52.74,No/Low Need,Moderate
2764,A,Rice,Vegetative,39.09,29.49,25.28,108.96,6.43,31.43,46.54,13.71,14.65,343.6,30.95,73.22,High Need,High
2765,A,Rice,Flowering,46.78,51.89,46.71,89.64,6.29,30.31,40.22,67.9,13.66,875.02,19.76,66.57,Moderate Need,High
2766,B,Rice,Vegetative,64.63,119.28,68.97,109.87,7.51,20.12,72.63,33.46,12.46,486.87,2.06,40.27,No/Low Need,Moderate
2767,F,Rice,Flowering,64.06,87.84,17.78,90.91,5.84,35.58,58.65,10.94,9.09,783.17,31.74,61.92,High Need,High
2768,B,Wheat,Vegetative,39.06,93.01,65.63,117.1,6.24,39.41,44.77,67.87,22.81,317.44,13.12,45.41,Moderate Need,Moderate
2769,B,Tomato,Flowering,12.92,41.29,22.81,83.57,6.06,21.99,42.03,77.57,11.82,689.56,22.62,75.91,Moderate Need,High
2770,E,Rice,Vegetative,37.59,27.88,66.57,116.36,7.21,37.69,68.53,23.3,13.68,444.38,30.91,67.97,High Need,High
2771,D,Wheat,Flowering,48.37,47.69,52.84,35.82,7.58,30.25,53.03,24.28,16.76,126.72,14.75,76.75,Moderate Need,High
2772,D,Maize,Seedling,45.47,44.89,23.53,25.25,7.41,38.59,94.85,31.24,2.62,451.06,11.48,79.01,No/Low Need,High
2773,C,Wheat,Vegetative,51.08,43.45,43.13,77.91,7.27,21.87,59.35,65.13,19.75,567.52,2.16,72.06,No/Low Need,High
2774,B,Tomato,Vegetative,21.24,39.28,57.73,118.35,7.77,35.42,47.74,0.83,13.3,229.0,41.08,67.92,High Need,High
2775,F,Tomato,Flowering,50.79,77.48,54.37,61.76,7.01,19.32,72.73,17.92,16.77,256.33,11.02,61.55,No/Low Need,High
2776,E,Rice,Vegetative,22.96,52.81,39.91,41.2,7.15,37.43,49.66,56.47,19.53,495.13,30.51,73.57,High Need,High
2777,E,Tomato,Maturity,57.03,102.03,72.96,72.15,7.76,32.83,64.65,32.45,21.98,391.32,11.85,49.1,No/Low Need,Moderate
2778,D,Wheat,Maturity,32.35,38.39,46.35,84.88,5.22,26.15,63.95,26.42,10.41,474.63,16.34,72.81,Moderate Need,High
2779,B,Potato,Vegetative,54.59,66.46,45.41,51.52,6.85,22.19,62.21,69.78,20.47,491.7,0.0,65.78,No/Low Need,High
2780,C,Wheat,Flowering,14.87,21.37,14.36,91.48,7.12,35.96,82.77,73.39,7.21,219.06,14.07,83.58,Moderate Need,High
2781,B,Potato,Seedling,36.47,68.17,74.55,117.51,7.59,31.27,48.0,75.84,16.85,254.02,5.05,52.03,No/Low Need,Moderate
2782,A,Tomato,Vegetative,54.3,25.58,22.4,109.7,7.5,25.93,89.26,21.8,3.46,820.94,16.35,78.62,Moderate Need,High
2783,B,Rice,Flowering,25.61,117.77,46.98,49.16,7.39,27.76,82.48,73.0,1.48,238.31,6.12,53.02,No/Low Need,Moderate
2784,A,Wheat,Flowering,59.72,99.06,66.25,52.67,7.66,36.18,54.99,58.96,3.3,666.03,9.16,56.2,No/Low Need,Moderate
2785,A,Potato,Flowering,49.85,69.01,25.08,57.15,6.6,25.46,45.84,12.34,8.67,455.75,23.63,68.44,Moderate Need,High
2786,C,Tomato,Vegetative,47.25,28.66,46.92,59.46,5.22,19.97,51.77,48.82,1.75,923.0,13.53,80.37,Moderate Need,High
2787,F,Rice,Vegetative,33.21,79.24,26.85,30.03,5.23,38.05,54.96,2.11,16.13,156.19,38.05,71.29,High Need,High
2788,D,Maize,Seedling,40.95,95.88,63.18,96.2,6.62,26.52,68.42,56.67,8.6,805.83,9.19,43.88,No/Low Need,Moderate
2789,B,Rice,Flowering,47.84,39.07,49.5,56.53,6.33,25.66,37.78,58.69,18.67,517.73,13.13,73.98,Moderate Need,High
2790,A,Rice,Flowering,40.35,76.82,69.92,107.98,6.37,22.5,89.86,63.15,2.1,104.55,0.0,51.89,No/Low Need,Moderate
2791,B,Wheat,Flowering,53.9,101.42,72.62,112.69,6.24,37.74,40.92,13.8,6.2,324.11,23.34,43.49,Moderate Need,Moderate
2792,F,Rice,Vegetative,38.02,96.82,55.41,22.44,7.59,22.79,51.76,50.26,10.79,446.54,13.26,60.71,Moderate Need,High
2793,D,Tomato,Vegetative,24.14,100.3,60.78,118.85,6.13,32.01,41.56,14.31,10.18,367.07,35.98,44.18,High Need,Moderate
2794,F,Rice,Vegetative,24.84,107.93,48.45,91.0,7.43,37.38,50.4,75.73,4.14,408.08,19.07,49.54,Moderate Need,Moderate
2795,D,Tomato,Seedling,12.35,113.77,36.91,72.04,7.55,18.77,85.26,54.0,24.86,879.17,17.23,49.51,Moderate Need,Moderate
2796,E,Rice,Vegetative,30.06,60.55,55.37,58.95,6.5,36.23,71.91,7.63,7.83,406.79,37.52,63.58,High Need,High
2797,D,Rice,Maturity,56.94,76.88,73.58,71.85,6.36,27.03,48.64,14.96,18.3,456.0,17.64,52.59,Moderate Need,Moderate
2798,C,Rice,Maturity,59.65,99.07,39.17,52.46,7.18,32.48,87.31,53.08,6.28,746.96,6.37,56.17,No/Low Need,Moderate
2799,F,Rice,Flowering,24.15,89.71,32.01,82.27,7.04,26.19,83.04,38.13,22.07,774.76,34.07,59.32,High Need,Moderate
2800,A,Rice,Vegetative,69.54,119.55,37.19,29.3,6.05,33.3,80.22,58.9,10.31,171.48,0.0,53.33,No/Low Need,Moderate
2801,E,Rice,Seedling,42.14,21.37,40.48,82.11,5.47,23.59,85.86,22.46,22.62,698.46,15.94,77.14,Moderate Need,High
2802,C,Maize,Maturity,67.02,55.51,15.15,47.53,5.89,18.48,72.18,52.63,9.2,510.19,0.0,74.75,No/Low Need,High
2803,B,Rice,Seedling,54.41,48.1,44.89,21.76,5.54,38.85,65.09,14.16,1.21,213.78,14.94,74.76,Moderate Need,High
2804,F,Wheat,Maturity,55.35,46.23,44.6,75.27,5.97,18.36,57.44,43.5,13.41,325.0,0.86,68.77,No/Low Need,High
2805,A,Wheat,Vegetative,17.1,42.25,51.19,77.84,5.88,36.13,48.43,76.62,13.59,138.28,13.79,70.4,Moderate Need,High
2806,D,Tomato,Vegetative,25.2,90.91,35.4,62.66,6.86,21.72,68.44,50.26,3.88,406.2,13.81,58.46,Moderate Need,Moderate
2807,A,Potato,Maturity,12.53,28.48,52.92,27.23,7.68,26.63,88.37,4.0,6.64,317.1,27.67,81.31,High Need,High
2808,B,Wheat,Seedling,54.97,94.16,71.48,109.33,6.98,36.09,70.64,79.1,19.8,424.79,0.57,42.8,No/Low Need,Moderate
2809,E,Rice,Flowering,32.67,89.34,76.88,81.14,7.61,22.53,90.18,12.55,1.88,593.29,29.22,53.78,High Need,Moderate
2810,E,Rice,Flowering,59.2,45.08,50.85,31.57,7.24,37.05,56.42,57.45,12.75,722.49,16.04,77.09,Moderate Need,High
2811,F,Potato,Vegetative,32.34,45.28,12.98,71.09,7.09,28.95,76.71,42.6,13.73,614.55,19.89,77.0,Moderate Need,High
2812,E,Rice,Vegetative,61.16,82.89,77.85,69.73,6.28,26.06,73.92,23.55,17.53,676.62,15.14,51.97,Moderate Need,Moderate
2813,F,Rice,Flowering,19.84,96.22,59.41,26.04,6.04,32.57,75.23,14.18,1.9,835.79,51.1,58.73,High Need,Moderate
2814,F,Rice,Flowering,22.4,107.65,33.52,80.69,7.4,25.51,73.7,14.22,15.06,842.75,46.45,54.94,High Need,Moderate
2815,F,Rice,Seedling,32.45,105.21,20.3,100.83,7.55,25.64,48.3,68.67,1.07,831.61,12.31,51.78,Moderate Need,Moderate
2816,D,Rice,Maturity,36.51,116.49,20.04,94.9,6.37,34.14,43.62,69.83,7.36,230.19,9.64,46.75,No/Low Need,Moderate
2817,C,Tomato,Vegetative,32.92,78.14,21.74,40.3,5.22,24.82,93.72,37.21,12.99,313.41,12.56,71.37,Moderate Need,High
2818,F,Rice,Vegetative,57.82,110.87,13.19,106.23,7.26,22.42,37.72,8.29,22.87,526.98,23.07,52.44,Moderate Need,Moderate
2819,F,Maize,Vegetative,17.82,100.85,73.15,54.25,5.94,35.77,63.06,70.73,4.04,404.93,17.88,50.29,Moderate Need,Moderate
2820,C,Rice,Seedling,33.07,109.47,47.85,114.65,5.23,35.72,60.5,38.96,5.06,211.92,15.53,44.68,Moderate Need,Moderate
2821,A,Rice,Seedling,62.23,21.16,59.0,27.17,7.29,28.95,56.6,35.1,17.06,344.59,6.16,79.51,No/Low Need,High
2822,F,Potato,Maturity,16.01,116.59,67.97,68.62,6.55,29.59,81.92,32.59,10.0,929.11,29.34,40.92,High Need,Moderate
2823,D,Rice,Vegetative,68.54,67.35,65.41,79.71,6.98,33.31,79.72,29.2,15.96,394.89,8.07,59.03,No/Low Need,Moderate
2824,E,Tomato,Seedling,71.18,99.82,71.78,44.77,7.58,29.2,89.31,42.08,24.94,456.08,0.12,51.08,No/Low Need,Moderate
2825,E,Wheat,Seedling,17.31,32.72,77.71,97.14,6.61,27.17,58.73,48.36,24.68,105.44,11.45,61.32,No/Low Need,High
2826,B,Rice,Flowering,29.48,59.59,40.73,82.69,6.51,39.89,68.85,37.31,9.49,711.5,41.02,65.22,High Need,High
2827,B,Potato,Maturity,34.34,47.15,76.52,21.81,5.96,21.25,88.54,71.73,13.09,451.52,1.07,69.18,No/Low Need,High
2828,E,Rice,Vegetative,58.58,49.17,60.63,80.84,5.99,31.04,94.63,25.41,22.71,187.67,7.89,65.69,No/Low Need,High
2829,E,Tomato,Seedling,47.76,32.33,14.95,69.15,7.27,37.49,93.16,46.26,3.21,923.27,13.61,78.75,Moderate Need,High
2830,D,Rice,Vegetative,50.66,100.58,57.72,39.6,6.37,33.12,78.07,24.0,11.86,760.82,25.16,53.19,High Need,Moderate
2831,C,Tomato,Seedling,57.45,20.92,58.07,119.57,5.63,37.38,43.59,60.27,10.06,717.23,9.92,68.98,No/Low Need,High
2832,B,Rice,Seedling,19.08,51.25,73.41,109.72,5.45,25.4,36.39,8.17,8.08,914.19,34.99,58.42,High Need,Moderate
2833,C,Wheat,Vegetative,61.99,37.44,36.11,49.25,6.43,23.98,84.51,15.1,24.86,446.36,8.7,75.89,No/Low Need,High
2834,D,Tomato,Vegetative,54.34,78.9,50.94,74.11,6.41,36.73,85.46,64.1,18.61,710.75,9.26,57.05,No/Low Need,Moderate
2835,E,Potato,Flowering,46.64,45.43,10.85,51.65,6.9,26.67,79.78,14.66,10.33,275.28,17.23,80.41,Moderate Need,High
2836,F,Potato,Vegetative,65.38,45.9,33.25,97.55,6.42,33.61,51.8,50.06,20.9,692.55,10.78,67.94,No/Low Need,High
2837,C,Tomato,Maturity,54.02,68.83,14.36,113.03,5.57,21.25,73.39,77.62,12.75,111.97,0.0,64.05,No/Low Need,High
2838,E,Tomato,Maturity,24.1,85.27,46.53,55.88,6.52,34.63,53.97,41.83,21.95,207.36,21.7,56.21,Moderate Need,Moderate
2839,E,Rice,Flowering,37.78,32.13,67.22,100.56,7.56,30.08,62.04,14.99,7.39,461.47,33.67,71.29,High Need,High
2840,A,Rice,Vegetative,41.64,37.55,24.45,69.84,5.61,23.91,57.95,25.66,6.37,110.28,13.56,78.76,Moderate Need,High
2841,C,Rice,Vegetative,15.31,44.72,46.92,59.66,6.99,28.88,89.82,65.88,6.93,492.67,17.99,72.04,Moderate Need,High
2842,F,Wheat,Vegetative,69.28,117.37,24.28,113.84,6.74,33.33,49.05,28.13,13.92,544.37,11.22,45.37,No/Low Need,Moderate
2843,C,Wheat,Flowering,19.71,59.72,18.45,71.04,7.15,18.26,69.66,57.88,7.99,628.37,14.77,73.14,Moderate Need,High
2844,E,Wheat,Vegetative,53.85,79.9,45.77,66.74,5.59,32.02,56.66,62.19,4.53,185.33,0.69,61.82,No/Low Need,High
2845,F,Rice,Maturity,42.37,44.15,15.54,87.24,7.65,29.91,74.78,40.09,24.87,253.86,12.19,75.71,Moderate Need,High
2846,D,Maize,Maturity,13.54,69.05,51.11,46.12,6.81,22.85,68.87,62.66,22.61,621.29,16.49,62.91,Moderate Need,High
2847,A,Rice,Vegetative,67.48,27.41,12.19,52.48,7.4,34.57,90.44,25.35,16.24,659.46,14.08,86.34,Moderate Need,High
2848,E,Rice,Flowering,63.11,23.47,17.47,113.2,5.84,24.68,41.1,41.29,22.4,122.02,2.51,79.9,No/Low Need,High
2849,B,Wheat,Seedling,43.46,66.87,48.5,87.85,7.12,24.09,48.24,54.92,23.45,559.31,7.22,58.81,No/Low Need,Moderate
2850,B,Tomato,Vegetative,25.74,59.87,51.4,102.66,7.23,28.37,80.98,13.45,17.23,767.23,35.5,62.19,High Need,High
2851,A,Maize,Vegetative,19.3,33.69,12.03,47.11,6.23,32.88,57.13,21.89,13.45,158.74,28.28,82.48,High Need,High
2852,D,Maize,Vegetative,33.8,88.76,50.14,74.38,6.2,38.43,44.95,52.16,22.17,451.2,22.88,54.85,Moderate Need,Moderate
2853,E,Rice,Maturity,27.33,119.29,68.7,117.14,6.91,21.11,65.2,52.43,14.63,377.53,11.94,35.54,No/Low Need,Moderate
2854,C,Wheat,Vegetative,42.4,59.56,60.56,51.87,5.44,26.72,74.13,39.46,4.04,876.62,15.94,68.06,Moderate Need,High
2855,A,Rice,Vegetative,69.98,82.46,19.18,36.05,7.11,19.47,37.69,63.65,9.8,257.93,0.0,68.27,No/Low Need,High
2856,D,Wheat,Flowering,46.5,116.3,51.47,71.09,5.31,34.69,52.5,38.56,11.7,370.61,16.99,51.25,Moderate Need,Moderate
2857,C,Wheat,Flowering,65.4,103.15,57.06,58.78,5.7,27.85,83.57,70.51,23.45,863.68,0.0,54.37,No/Low Need,Moderate
2858,B,Rice,Vegetative,51.05,66.36,12.61,35.96,6.93,33.55,66.21,58.87,16.82,381.06,8.16,73.9,No/Low Need,High
2859,B,Rice,Maturity,40.51,93.75,69.87,108.86,5.46,25.09,37.12,25.18,22.01,551.65,23.72,47.02,Moderate Need,Moderate
2860,C,Potato,Flowering,63.28,32.81,73.44,119.07,7.73,36.57,51.92,31.62,19.18,128.08,11.66,68.41,No/Low Need,High
2861,A,Potato,Vegetative,40.28,71.21,69.53,76.86,7.46,29.77,73.35,53.41,8.44,937.17,18.41,59.31,Moderate Need,Moderate
2862,B,Wheat,Seedling,64.12,47.91,67.72,97.47,6.83,38.76,46.96,71.56,18.25,801.2,5.75,59.1,No/Low Need,Moderate
2863,E,Rice,Vegetative,29.49,36.12,62.15,105.9,7.33,19.73,84.64,14.3,5.69,639.24,26.61,67.87,High Need,High
2864,F,Rice,Maturity,19.73,62.63,54.34,90.1,7.51,29.31,75.59,41.17,10.8,151.64,18.12,61.91,Moderate Need,High
2865,C,Wheat,Flowering,63.32,33.1,57.5,24.42,5.87,34.86,63.28,9.5,20.35,163.64,15.14,80.15,Moderate Need,High
2866,C,Potato,Maturity,47.24,89.9,66.45,35.76,7.41,31.2,89.94,22.36,15.69,563.23,15.92,57.12,Moderate Need,Moderate
2867,B,Rice,Vegetative,65.35,65.62,56.37,27.1,5.71,18.51,58.51,54.88,20.81,342.3,0.0,68.76,No/Low Need,High
2868,A,Tomato,Seedling,68.27,73.11,32.94,20.99,6.27,39.39,49.1,6.22,7.11,629.37,18.01,66.08,Moderate Need,High
2869,E,Rice,Seedling,15.22,34.64,36.32,50.6,6.65,24.56,74.68,52.99,18.99,608.46,17.88,73.91,Moderate Need,High
2870,A,Potato,Vegetative,42.06,33.98,72.79,59.24,7.06,23.48,69.4,72.06,5.86,812.85,6.39,71.16,No/Low Need,High
2871,D,Wheat,Flowering,34.5,78.34,11.2,44.1,5.28,28.68,55.11,77.55,14.09,339.17,6.11,74.0,No/Low Need,High
2872,D,Tomato,Flowering,49.55,118.5,58.92,26.46,5.96,29.93,55.62,17.33,11.4,591.18,27.56,51.96,High Need,Moderate
2873,F,Rice,Vegetative,59.62,29.63,76.83,72.99,6.78,34.86,58.89,59.91,14.36,760.76,11.93,69.05,No/Low Need,High
2874,B,Maize,Vegetative,28.84,48.57,59.44,47.33,6.13,26.65,52.47,74.11,4.25,517.16,10.2,69.56,No/Low Need,High
2875,B,Rice,Vegetative,45.41,106.95,79.57,99.6,7.22,27.68,77.61,7.31,9.67,806.05,30.84,42.38,High Need,Moderate
2876,B,Rice,Vegetative,54.52,27.23,58.13,20.81,6.89,29.77,74.08,33.12,17.01,211.58,9.03,79.89,No/Low Need,High
2877,F,Potato,Vegetative,20.07,107.59,12.41,104.25,5.81,26.68,61.45,73.55,14.4,723.81,17.96,53.59,Moderate Need,Moderate
2878,D,Potato,Seedling,60.84,72.43,67.89,115.48,5.58,38.12,58.87,16.22,14.18,901.53,19.42,51.42,Moderate Need,Moderate
2879,A,Tomato,Vegetative,48.37,60.83,29.92,91.61,6.84,36.73,56.9,74.7,13.26,382.1,6.28,65.52,No/Low Need,High
2880,F,Maize,Seedling,68.97,50.97,41.22,93.36,6.37,28.01,52.01,42.18,23.65,411.39,2.86,62.59,No/Low Need,High
2881,F,Tomato,Vegetative,32.37,49.71,31.85,113.36,5.64,18.0,40.14,7.99,23.43,171.02,24.2,68.2,Moderate Need,High
2882,A,Rice,Seedling,18.49,50.58,28.8,40.91,6.05,37.82,51.09,35.99,9.64,645.27,29.19,72.52,High Need,High
2883,B,Rice,Flowering,42.39,108.48,40.2,119.46,5.99,20.74,54.27,26.1,9.45,569.58,23.11,47.26,Moderate Need,Moderate
2884,E,Rice,Vegetative,17.15,92.38,36.51,97.35,5.48,23.38,67.86,22.58,14.32,134.29,26.62,56.26,High Need,Moderate
2885,A,Maize,Maturity,70.17,86.97,54.33,92.66,6.62,21.35,81.43,43.32,3.29,739.38,0.0,50.25,No/Low Need,Moderate
2886,D,Wheat,Vegetative,14.32,99.87,66.92,56.11,7.19,21.96,58.74,38.69,8.27,804.89,25.48,52.02,High Need,Moderate
2887,C,Rice,Vegetative,57.21,45.71,30.8,74.58,6.7,35.66,91.69,38.56,6.54,871.05,17.68,71.68,Moderate Need,High
2888,C,Maize,Vegetative,43.51,81.8,24.96,85.39,7.35,30.75,84.64,7.05,6.36,563.87,23.46,62.48,Moderate Need,High
2889,F,Tomato,Seedling,34.12,66.01,56.68,82.03,5.53,39.03,94.09,64.19,16.32,484.69,10.39,59.71,No/Low Need,Moderate
2890,C,Wheat,Maturity,15.95,98.24,56.92,90.5,6.33,23.09,87.57,38.52,10.22,844.72,19.61,46.64,Moderate Need,Moderate
2891,E,Rice,Seedling,49.33,50.93,73.08,28.24,6.78,28.68,72.0,65.67,5.11,438.89,1.52,65.28,No/Low Need,High
2892,B,Rice,Maturity,47.11,84.32,11.12,55.56,6.96,39.5,70.91,65.97,22.3,657.13,14.0,64.69,Moderate Need,High
2893,D,Rice,Maturity,28.85,108.22,69.71,63.4,7.01,36.18,42.77,25.37,21.98,623.06,35.27,45.75,High Need,Moderate
2894,E,Rice,Flowering,66.61,60.22,46.47,46.06,7.1,34.03,78.34,0.35,21.7,416.34,24.36,70.74,Moderate Need,High
2895,D,Maize,Flowering,30.25,26.66,53.49,37.26,6.89,22.16,71.01,72.9,10.38,173.86,0.85,80.43,No/Low Need,High
2896,D,Maize,Flowering,38.98,71.61,16.4,33.89,5.44,34.93,65.42,60.86,2.37,118.2,7.75,75.81,No/Low Need,High
2897,B,Maize,Vegetative,44.63,54.6,40.28,56.64,7.01,25.65,76.6,8.58,3.56,464.0,18.91,70.52,Moderate Need,High
2898,F,Wheat,Flowering,18.01,87.22,25.91,69.34,7.08,29.67,61.64,56.14,7.63,509.02,21.65,62.93,Moderate Need,High
2899,C,Tomato,Seedling,67.93,115.1,27.8,26.3,7.78,31.4,66.43,1.6,6.28,799.28,16.1,57.13,Moderate Need,Moderate
2900,B,Rice,Seedling,34.47,68.56,45.29,114.65,7.0,31.41,58.9,2.22,21.98,452.25,26.92,55.15,High Need,Moderate
2901,E,Wheat,Vegetative,16.85,66.62,66.87,96.52,6.99,33.98,78.04,42.07,24.67,338.99,22.66,57.02,Moderate Need,Moderate
2902,F,Tomato,Flowering,35.24,85.46,62.06,93.09,6.54,32.56,87.6,7.68,20.6,492.78,35.09,51.97,High Need,Moderate
2903,E,Rice,Maturity,48.01,30.35,51.37,37.29,7.46,19.5,85.45,77.15,18.52,302.29,0.0,78.91,No/Low Need,High
2904,F,Rice,Seedling,42.82,45.35,47.76,80.38,7.79,28.06,82.16,71.51,15.13,177.66,0.0,69.41,No/Low Need,High
2905,E,Tomato,Maturity,53.67,111.9,39.91,72.97,7.23,32.61,35.83,51.98,19.48,196.09,7.84,49.67,No/Low Need,Moderate
2906,B,Rice,Vegetative,15.33,86.99,78.09,118.25,6.79,24.51,89.71,5.1,23.73,371.28,36.83,45.08,High Need,Moderate
2907,F,Maize,Vegetative,29.07,21.34,49.21,94.77,5.41,24.89,51.49,25.99,15.43,110.77,18.71,77.3,Moderate Need,High
2908,F,Rice,Vegetative,61.15,40.46,27.78,77.58,7.09,20.74,88.28,29.74,4.71,287.17,0.0,75.1,No/Low Need,High
2909,D,Maize,Vegetative,16.79,88.28,26.11,105.08,7.04,27.21,46.82,38.47,4.93,769.39,30.79,56.6,High Need,Moderate
2910,D,Rice,Vegetative,63.33,96.44,52.79,35.51,7.22,39.71,61.38,13.51,15.01,299.42,21.38,58.26,Moderate Need,Moderate
2911,A,Rice,Flowering,17.51,103.99,46.6,21.52,5.52,24.28,79.96,46.2,9.0,194.12,19.81,61.17,Moderate Need,High
2912,E,Maize,Maturity,62.07,49.22,10.54,89.02,6.9,29.69,73.42,34.86,22.85,906.72,12.65,71.77,Moderate Need,High
2913,D,Rice,Vegetative,33.65,113.1,68.1,29.83,5.97,34.35,59.96,75.78,15.68,629.1,16.6,50.09,Moderate Need,Moderate
2914,A,Wheat,Vegetative,48.73,75.29,59.29,31.54,7.18,18.3,75.72,74.9,17.24,151.02,0.0,64.17,No/Low Need,High
2915,D,Rice,Maturity,21.17,89.65,56.33,94.47,5.82,37.81,67.94,45.24,1.14,152.91,21.0,51.06,Moderate Need,Moderate
2916,E,Rice,Flowering,15.97,79.67,14.81,47.05,6.98,26.5,51.54,51.55,12.97,620.3,34.25,69.61,High Need,High
2917,F,Rice,Vegetative,24.96,32.27,35.34,82.86,5.97,37.12,73.78,11.02,11.35,559.11,42.35,75.49,High Need,High
2918,C,Rice,Vegetative,19.67,116.31,75.48,111.74,5.22,18.86,47.25,17.87,17.94,158.12,27.9,40.91,High Need,Moderate
2919,E,Potato,Maturity,30.74,32.29,70.38,51.65,6.85,21.2,76.64,72.06,10.18,290.67,1.17,70.7,No/Low Need,High
2920,B,Rice,Flowering,42.86,45.49,29.99,41.71,5.49,25.1,35.19,55.93,24.44,889.69,25.66,80.58,High Need,High
2921,D,Wheat,Vegetative,47.33,101.36,20.99,30.66,6.91,25.6,67.93,15.15,17.08,586.21,18.01,61.75,Moderate Need,High
2922,D,Rice,Vegetative,59.39,81.86,41.44,33.05,7.61,36.65,59.06,45.62,16.84,474.28,13.49,66.82,Moderate Need,High
2923,F,Rice,Maturity,51.37,103.81,34.91,26.22,7.72,18.25,53.19,74.78,23.06,312.63,0.0,60.73,No/Low Need,High
2924,B,Potato,Seedling,48.53,71.57,57.76,28.76,5.81,32.1,65.94,27.61,24.88,213.64,10.86,63.01,No/Low Need,High
2925,F,Rice,Maturity,36.71,57.7,77.65,63.2,7.3,20.89,73.72,14.87,5.75,442.24,18.33,61.68,Moderate Need,High
2926,B,Potato,Seedling,40.43,112.18,35.41,52.09,6.12,36.11,92.92,75.36,20.45,884.01,9.13,50.0,No/Low Need,Moderate
2927,C,Rice,Flowering,36.87,23.63,14.36,90.66,7.54,35.13,84.98,36.9,4.9,141.4,18.19,84.63,Moderate Need,High
2928,D,Maize,Vegetative,62.53,105.61,72.83,107.02,7.25,29.0,78.03,33.38,11.97,942.33,13.64,43.25,Moderate Need,Moderate
2929,D,Wheat,Vegetative,25.8,43.08,12.66,98.48,5.39,22.68,63.74,21.41,3.4,276.64,18.05,76.56,Moderate Need,High
2930,C,Tomato,Maturity,12.34,104.87,76.69,73.06,6.26,31.96,58.53,71.33,15.96,447.45,18.96,43.33,Moderate Need,Moderate
2931,A,Maize,Vegetative,51.08,33.92,56.52,30.24,6.08,21.44,36.95,67.65,12.24,138.29,0.0,77.02,No/Low Need,High
2932,F,Wheat,Flowering,24.15,78.02,75.92,90.98,7.24,22.18,56.55,32.24,16.09,597.06,25.01,54.91,High Need,Moderate
2933,C,Rice,Seedling,65.41,108.81,23.98,56.28,6.27,31.79,85.9,2.45,17.27,511.02,13.74,52.03,Moderate Need,Moderate
2934,F,Rice,Seedling,63.54,67.35,12.85,28.57,6.98,39.81,58.04,35.73,15.87,666.7,14.37,71.63,Moderate Need,High
2935,E,Potato,Vegetative,16.6,94.66,44.17,104.25,6.77,37.6,62.7,14.47,8.06,561.28,41.02,50.33,High Need,Moderate
2936,D,Rice,Flowering,18.38,100.47,41.54,53.82,7.74,31.05,51.31,11.42,21.09,438.45,50.32,60.37,High Need,High
2937,F,Wheat,Seedling,41.71,93.65,33.2,41.82,7.64,29.85,51.45,31.45,14.24,727.09,14.88,60.6,Moderate Need,High
2938,B,Tomato,Seedling,48.55,112.53,77.04,107.15,6.31,39.96,38.71,7.93,12.76,121.27,19.76,35.03,Moderate Need,Moderate
2939,F,Rice,Vegetative,28.49,64.68,67.58,110.21,7.08,30.04,71.83,76.6,24.69,559.87,14.19,56.23,Moderate Need,Moderate
2940,E,Potato,Flowering,55.01,37.31,56.31,53.9,7.36,27.24,61.88,3.8,7.8,196.79,18.17,76.4,Moderate Need,High
2941,D,Maize,Flowering,47.69,24.78,21.4,55.48,7.54,38.01,71.36,32.11,13.67,470.61,21.97,87.22,Moderate Need,High
2942,C,Maize,Vegetative,31.49,44.65,61.4,77.96,5.38,23.15,67.81,13.02,17.38,772.46,28.79,69.78,High Need,High
2943,E,Tomato,Seedling,13.52,34.32,60.89,93.34,5.99,20.15,82.93,55.1,4.01,221.09,8.19,65.9,No/Low Need,High
2944,D,Rice,Maturity,57.01,75.79,39.75,26.31,6.03,31.95,80.06,6.3,9.5,895.44,25.0,65.81,Moderate Need,High
2945,F,Rice,Vegetative,24.89,38.49,74.74,79.33,6.33,20.11,81.29,43.74,20.24,855.23,24.7,65.39,Moderate Need,High
2946,A,Wheat,Maturity,62.07,23.89,21.69,115.28,5.64,26.21,64.95,61.85,6.68,452.67,0.0,76.56,No/Low Need,High
2947,A,Rice,Maturity,37.22,23.6,28.71,46.21,6.49,27.32,56.23,76.0,12.84,105.08,0.72,80.28,No/Low Need,High
2948,B,Maize,Flowering,46.62,103.16,14.43,110.88,6.92,30.05,91.01,55.88,16.14,771.28,12.01,54.27,Moderate Need,Moderate
2949,D,Potato,Vegetative,64.38,79.14,65.68,115.02,6.49,39.82,38.26,7.96,17.11,848.76,31.84,49.09,High Need,Moderate
2950,A,Wheat,Maturity,63.82,55.81,53.52,46.92,6.93,22.86,44.16,7.08,18.48,248.53,9.12,67.1,No/Low Need,High
2951,C,Rice,Flowering,34.29,109.42,32.05,95.42,5.37,26.27,60.18,58.53,21.78,878.76,25.7,53.79,High Need,Moderate
2952,D,Potato,Flowering,24.53,27.02,21.47,43.88,7.48,20.91,71.84,17.23,10.43,876.98,35.75,87.64,High Need,High
2953,C,Wheat,Vegetative,58.51,118.03,12.81,93.76,7.64,31.37,35.49,35.78,17.96,500.6,13.49,53.23,Moderate Need,Moderate
2954,C,Wheat,Vegetative,37.98,81.63,21.67,99.74,6.81,34.01,78.16,78.13,18.57,778.33,10.32,59.25,No/Low Need,Moderate
2955,A,Wheat,Seedling,23.52,38.35,41.73,44.72,7.49,28.61,68.52,65.59,8.21,478.21,8.79,75.81,No/Low Need,High
2956,D,Potato,Flowering,66.27,87.91,27.3,91.59,5.54,23.41,64.08,67.73,24.24,579.44,0.0,61.3,No/Low Need,High
2957,F,Maize,Flowering,23.89,96.34,28.13,101.21,7.27,31.66,60.41,68.86,21.77,371.86,17.51,56.54,Moderate Need,Moderate
2958,E,Tomato,Vegetative,13.55,62.93,71.29,55.86,5.51,29.86,66.17,49.56,7.96,235.55,22.28,64.29,Moderate Need,High
2959,A,Tomato,Vegetative,13.22,106.16,46.06,36.77,6.26,21.77,44.71,59.51,17.2,734.56,26.34,54.29,High Need,Moderate
2960,A,Rice,Vegetative,49.34,35.07,61.05,29.2,6.04,26.93,41.52,28.72,18.23,101.18,14.2,76.12,Moderate Need,High
2961,F,Wheat,Flowering,51.7,47.88,12.5,77.54,6.72,27.57,52.38,79.88,11.36,592.62,1.27,75.5,No/Low Need,High
2962,D,Tomato,Maturity,30.66,29.35,35.56,117.81,5.98,39.62,77.57,22.37,21.73,834.98,33.28,70.65,High Need,High
2963,D,Wheat,Vegetative,31.2,41.09,43.54,102.3,6.86,36.68,70.3,47.2,17.57,288.09,16.7,68.18,Moderate Need,High
2964,C,Tomato,Vegetative,32.37,43.87,23.05,63.58,6.16,34.16,63.81,22.56,16.8,382.96,28.81,75.54,High Need,High
2965,F,Potato,Seedling,52.81,111.76,18.41,73.66,7.44,37.55,69.29,8.97,6.3,599.36,18.44,52.84,Moderate Need,Moderate
2966,F,Maize,Flowering,15.49,27.81,70.92,47.95,6.85,34.18,68.56,45.41,10.79,309.84,27.8,75.48,High Need,High
2967,D,Maize,Flowering,67.75,62.74,75.76,36.31,5.76,37.87,53.42,28.27,11.41,820.36,21.77,66.39,Moderate Need,High
2968,C,Tomato,Maturity,25.35,73.24,15.52,68.21,6.07,19.2,40.85,46.66,18.61,411.61,15.94,65.8,Moderate Need,High
2969,A,Tomato,Vegetative,71.98,109.87,34.43,66.35,7.4,28.03,88.81,44.69,15.84,594.37,0.0,54.28,No/Low Need,Moderate
2970,B,Wheat,Maturity,22.29,119.77,77.08,72.19,6.2,34.43,70.99,43.38,3.06,292.2,15.86,38.84,Moderate Need,Moderate
2971,E,Rice,Seedling,58.29,95.34,15.82,115.28,6.59,30.83,76.86,9.86,8.38,135.18,9.37,50.17,No/Low Need,Moderate
2972,A,Wheat,Flowering,25.4,117.08,55.05,80.39,6.89,21.85,62.84,35.21,12.35,247.65,16.76,46.04,Moderate Need,Moderate
2973,D,Maize,Seedling,16.85,98.71,78.06,80.58,6.1,25.49,80.39,64.96,18.68,139.27,6.84,43.29,No/Low Need,Moderate
2974,E,Wheat,Maturity,64.5,116.32,78.48,32.8,5.96,24.99,70.07,25.21,18.85,498.31,6.15,45.38,No/Low Need,Moderate
2975,B,Maize,Flowering,63.53,90.73,42.99,119.65,6.44,23.75,38.23,35.51,12.77,598.64,10.81,50.61,No/Low Need,Moderate
2976,B,Wheat,Flowering,36.21,27.98,21.39,97.28,5.76,25.55,88.41,39.51,3.81,137.97,7.07,79.98,No/Low Need,High
2977,C,Maize,Maturity,54.14,60.19,24.15,107.72,5.94,29.33,53.33,69.02,8.03,176.91,0.0,64.21,No/Low Need,High
2978,E,Rice,Vegetative,45.42,84.66,72.27,61.43,5.36,36.81,43.27,52.45,7.11,512.7,19.97,57.09,Moderate Need,Moderate
2979,C,Maize,Seedling,63.18,55.07,73.82,70.21,5.99,34.32,40.28,8.02,19.74,779.3,18.74,59.7,Moderate Need,Moderate
2980,A,Wheat,Maturity,30.9,47.34,52.55,72.21,6.03,36.38,78.23,69.21,5.32,633.81,11.41,67.11,No/Low Need,High
2981,F,Rice,Vegetative,43.42,77.74,63.63,39.41,7.7,37.44,77.24,66.57,12.16,189.0,6.2,63.74,No/Low Need,High
2982,F,Rice,Seedling,41.12,113.35,61.8,88.95,6.73,27.16,77.01,60.29,17.1,854.41,10.81,39.85,No/Low Need,Moderate
2983,F,Maize,Vegetative,33.23,23.5,56.33,110.3,7.25,25.61,89.95,37.28,24.15,879.83,21.76,72.1,Moderate Need,High
2984,E,Wheat,Flowering,65.49,96.92,67.91,36.37,5.32,19.27,55.94,60.6,24.98,376.21,0.0,58.62,No/Low Need,Moderate
2985,F,Rice,Seedling,21.95,92.27,57.98,28.63,5.48,38.47,68.67,38.3,23.87,623.62,26.84,57.68,High Need,Moderate
2986,A,Potato,Vegetative,20.97,116.4,47.38,93.82,7.32,19.45,72.17,58.93,18.24,518.48,13.81,46.25,Moderate Need,Moderate
2987,C,Maize,Seedling,46.61,113.07,26.59,47.32,6.82,34.3,93.77,70.41,18.91,900.72,7.22,51.63,No/Low Need,Moderate
2988,E,Potato,Vegetative,51.45,96.22,62.07,82.39,5.7,26.32,53.74,71.24,19.22,532.44,3.1,51.35,No/Low Need,Moderate
2989,C,Wheat,Maturity,23.68,72.04,43.14,89.58,6.25,38.87,92.38,36.37,21.7,915.97,25.51,57.93,High Need,Moderate
2990,E,Wheat,Maturity,35.44,40.43,30.64,52.19,6.6,27.23,43.92,68.75,23.84,269.44,6.6,74.18,No/Low Need,High
2991,C,Tomato,Flowering,68.79,74.52,66.14,101.51,7.39,35.97,80.84,8.12,11.7,393.71,17.5,57.13,Moderate Need,Moderate
2992,B,Wheat,Vegetative,26.8,96.54,58.77,75.0,5.36,24.22,72.97,8.15,11.0,764.14,28.28,54.09,High Need,Moderate
2993,C,Maize,Maturity,52.1,109.57,75.61,106.9,6.75,24.58,84.01,43.86,12.05,766.07,7.73,38.0,No/Low Need,Moderate
2994,F,Rice,Flowering,56.41,98.97,21.58,96.33,7.06,31.1,36.72,52.15,16.84,722.36,19.16,56.63,Moderate Need,Moderate
2995,B,Wheat,Vegetative,38.89,39.53,55.44,106.86,7.74,39.96,39.69,12.24,19.61,830.67,35.67,69.51,High Need,High
2996,C,Rice,Maturity,68.25,79.97,27.1,22.02,7.3,29.39,39.18,37.77,21.89,697.16,12.36,68.59,Moderate Need,High
2997,E,Rice,Flowering,56.2,53.22,73.25,44.35,5.92,38.6,70.58,7.55,11.95,640.67,35.46,68.28,High Need,High
2998,E,Rice,Flowering,39.48,20.92,16.96,29.0,7.04,35.3,71.18,48.17,9.72,490.09,22.31,90.43,Moderate Need,High
2999,E,Rice,Flowering,46.16,40.02,55.93,64.21,7.18,35.51,89.37,68.41,24.6,497.02,9.4,73.64,No/Low Need,High
3000,D,Potato,Vegetative,53.56,31.32,65.38,109.0,7.1,27.59,63.06,59.01,6.57,445.24,2.88,67.53,No/Low Need,High
